name,latitude (deg),longitude (deg),amount 1,amount 2,amount 3,amount 4,amount 5,amount 6,amount 7,amount 8,amount 9,amount 10,amount 11,amount 12,amount 13,amount 14,amount 15,amount 16,amount 17,amount 18,amount 19,amount 20,amount 21,amount 22,amount 23,amount 24,amount 25,amount 26,amount 27,amount 28
Snohomish County,47.82099062,-121.4522522,0.2538841619324175,0.1951289909426659,0.3150891406962362,0.4935414781992145,0.752331001754071,1.118717822280552,1.6255645601985067,2.310957497202158,3.217030681992916,4.449492526472187,5.86004432635047,25.69224453842076,24.96954351487747,7.976795411986561,36.312629636949,12.013141611570424,15.5604378569168,34.60083569262439,22.54090338920864,27.32683299227337,73.7612443261492,67.05622561611571,26.3633747641933,63.690765637900775,25.10841707317878,27.576518018004816,47.62504647880786,24.95054119848829
San Bernardino,35.12010447,-117.1590386,45.83552736503374,33.33805279229593,53.02820430430168,81.99722740213483,123.55321105201172,181.74225658124945,261.333745923869,367.7150980151344,506.6669370118967,2623.951158620175,717.6703399038441,2151.8484532972216,2259.232180276776,1325.833346821355,9882.660904853115,1588.643745689851,2015.086440857558,7230.693539661647,2432.662266626764,2887.7397946422107,9909.641953111077,8481.582703266233,1660.8456522751794,4408.003465412306,1454.4415191866358,1590.8628288784664,3057.282284804772,1324.5178304332098
Warren County,38.79110825,-78.25771359,0.001158898986641202,0.0017985294628023,0.0040364079077759,0.0084056208559661,0.0163878285461167,0.0301726348762489,0.0528653801172628,0.0887183117457793,0.1433751960365221,0.2241100221679266,0.3400255435939397,0.5021552724792573,0.7233819754111476,1.0180472444948585,2.27520663729298,1.8208041572999305,2.407529005728388,3.619894272601101,3.867221863447899,4.767403126736578,6.660280572140284,7.335921716087498,7.151498773562103,23.411826944485075,4.674413505271739,4.925681608313534,13.3966498477262,2.3140750019999903
Sumter County,28.70869529,-82.19247661,2.407510642184236,1.7327033601209283,2.7720072489513736,4.343081482692344,6.677663330032924,10.0861151326591,14.972426446312213,21.84786325622359,31.34209574378216,139.2337807914059,52.16341647992955,157.65710195661862,171.90106627530832,116.35139136982497,223.95740185378185,213.0235050385507,283.0220201649136,404.6505472243981,463.5277817397242,576.4104599362755,1124.103995910615,1134.6958071074766,800.2810114907644,1740.2740583531015,830.9506239475255,920.0446574412651,1433.965982269474,902.2550816285628
Palm Beach County,26.67709172,-80.56373053,1.0534293035618418,0.7044783597653486,1.089065966576945,1.6490425390293173,2.4517999830007087,3.584509381960311,5.156717737104469,7.302157392218104,10.179674230851354,79.60450537467176,12.55545798418431,33.9582038719522,38.65046231937178,30.86441636985047,61.75878894014752,57.14885464773762,76.46933274394225,111.0563114598258,126.94701849103136,159.0511384188952,219.07588535010208,249.2825512303536,258.9775465933415,688.7460749058614,230.8578731095544,255.86324878406376,489.7365002771524,226.7814594255221
Midland County,43.57419001,-84.55437763,0.022154413868415383,0.0288638813377086,0.0593086224741364,0.1151134655253575,0.2122663060982779,0.3738940698550505,0.6322473426247922,1.0308760246550306,1.626883935080721,2.493050629763313,3.719454638845042,5.414013991507398,7.701078027563583,10.716885162662331,37.55011626397497,17.753886361235043,23.4115482120711,43.5407177145937,36.49802692761893,45.16683028559435,78.71876684824973,81.5740615777116,64.4963027386505,185.41983209514072,54.17422890792308,60.79362109988937,127.5803090663775,54.04836633606893
Cass County,42.06225929,-85.90993949,0.003032843349929845,0.0039620694252526,0.0079145525241587,0.0148300689778055,0.0263297182785545,0.0446449151073238,0.0727506107197974,0.1144966603141993,0.1747197090926956,0.2593062384085812,0.3751608375955231,0.5300123347776594,0.7319661253876649,0.9886897917843878,3.072304309447897,1.5538635828945615,1.970111387967716,3.4613433870890256,2.804612701466364,3.2798290684802267,13.350953367880066,11.046140973298504,0.8585138856450969,2.371236223397402,0.8029656906447842,0.9504774161052588,1.8770754338061748,1.1515967423699018
Cass County,40.72939342,-86.25965362,0.2393000254246272,0.1854647643251905,0.3014769267640795,0.4758565390751272,0.7315432918144564,1.097707463007657,1.6102543104841034,2.311831040330659,3.2511015838065447,4.481079447379302,6.056415929195132,25.051589636557804,24.71162330055851,9.108343372986528,32.59755611130115,14.559616689794522,18.885160154216223,35.76268349109514,28.172618145523213,34.083105100696656,89.1498493562547,81.3337124476807,33.19755723976829,89.0163293374807,28.157391298112035,30.326192389649204,59.51353573593885,23.09935675890496
Hamilton County,39.94240296,-86.10103966,0.1751786401640364,0.1661394220785712,0.2905987773110263,0.4870453824696807,0.7863337836503349,1.22819230804838,1.8622438864802573,2.7484756081959287,3.956705139958885,5.564410909361364,7.652101345735004,14.834405095039402,17.35555593980936,16.314531657464848,203.46841803383612,11.967853505362015,14.819013871030542,124.01947351552312,8.106696228309461,9.640904883550755,32.46818350641354,27.91824521319745,5.900674624762622,16.29184580131015,5.146914479881643,5.764838174543156,11.51068849606198,5.272901375194033
Lawrence County,38.87073858,-86.34789005,0.012650884549347752,0.018245446749298,0.0386163991757157,0.0763034357553605,0.142180150980992,0.2518946281305992,0.4271623109473629,0.697163717379008,1.0999553970582805,1.683728837910072,2.5076408111795394,3.6417819300993655,5.165647616783006,7.164245248292241,14.800359085227043,12.523058260906382,16.305214815060452,23.69488540201208,25.395715934181837,30.74426596877539,76.6272317320897,70.62738745519195,31.28782101495524,88.792942566291,24.754996198882896,26.400190856903997,56.25097603953242,17.84569050093207
McLean County,37.49153121,-87.22032662,0.00038127379930449575,0.0005656784825411,0.0012323982021821,0.0025010236667076,0.0047699109200208,0.0086190464410408,0.0148603063948717,0.024592019236038,0.0392545734101659,0.0606811618184452,0.0911336838368037,0.1333079490074775,0.190284465516075,0.2653916485101651,0.6241390838260613,0.4630721113586613,0.606415886257469,0.928085085157427,0.9497267336020776,1.156036615041346,1.951427273694764,1.98914348333241,1.5240191339703453,5.421413388658098,0.8629858221173247,0.9308314224292434,3.0542376189502245,0.5738547685682
Jessamine County,37.83050346,-84.51931615,0.0037874952321320945,0.0058589267158969,0.0126834215893886,0.0254225928062999,0.0477896564442305,0.0850989729692605,0.1446821586862568,0.2363307931829875,0.3727326129448443,0.569842464025094,0.8470905887509766,1.2272761261129057,1.735922698759086,2.399791779741919,3.5099311613822106,4.268613014938209,5.5169543929298,7.114736886551812,8.538255382013462,10.20568956958365,27.134793079222835,24.35088665169153,8.88034888514889,31.61756440701978,4.779211931920599,4.831375489479942,16.561524373653565,0.7024281788511406
San Diego,33.03174695,-116.7176058,5.78714007185572,3.8086041119651166,5.791561491927525,8.56962024910369,12.36762519489169,17.43687764431972,24.04086297970053,32.43163337893069,42.81653452340744,444.9522250899223,32.299801858422605,95.89584016631656,101.82801580102613,62.77763556980901,357.9073304955357,86.65591454793152,111.2538474074001,299.1762881375066,151.1796982091754,181.47213895084477,524.0058123392016,465.611212039108,150.52205550265418,417.7553330206048,122.35038334133714,130.86724862460548,269.7412049825433,92.39080147703136
Knott County,37.37099172,-82.8503912,0.00013626988396249403,0.0002085302424385,0.0004626874088316,0.0009533390396243,0.0018409650941399,0.0033607299570583,0.005843577556584,0.0097392984252879,0.0156403134081647,0.0243038634969218,0.0366686564123324,0.0538596248716319,0.0771711948132562,0.1080154496196678,0.2445629308930942,0.190567822413586,0.2503381694407021,0.3774753012277496,0.3954682102803558,0.4829119129897285,0.7263025228279192,0.7686896723552793,0.6728070089669382,2.3986400841172,0.3581347575656836,0.3585509118871053,1.243243873562651,0.02764699084987
Cuyahoga County,41.28166353,-81.83937601,0.4218730900177491,0.3102789137812105,0.4881307967404767,0.7435550465865007,1.1005520737933498,1.5868054110217211,2.2325515680563504,3.0683905423158957,4.121777181563431,5.520974257705167,6.9342624452459685,40.78317291565564,37.53177706527539,4.724928255221713,22.87227689608358,7.05718585016524,9.18042700778852,21.282170132525515,13.326997895371909,16.244601080231263,33.49763825202029,32.48610993288634,19.646941405129805,62.38247785796273,13.878580558202128,15.005701038490978,37.6799791882766,9.45246347902818
Delaware County,40.17734323,-82.81856565,1.4690867865553632,1.0111632013680711,1.5508137539825677,2.304667006110243,3.3284037913983573,4.680835450451962,6.418254231988738,8.585557939926467,11.203779938222157,61.42657545460403,13.106704331744362,83.25193093664274,75.52153825463594,5.640220222612123,44.87859653342216,6.637510554625842,8.507075569287625,32.432780198943405,10.381021183671727,12.58324515357835,31.16049433114676,28.830001854405303,13.090526859973592,39.77340878445324,10.241640700622108,11.423189618456208,26.003023711802214,9.29143459334087
Greene County,39.78941957,-83.9413805,0.19910245849287359,0.139147195071843,0.2147708714422803,0.3212500021386414,0.4671226869586642,0.6617543591395677,0.9146754105417754,1.234481123951379,1.6272283279073323,7.286926413065943,2.128905991962728,12.791193373471092,11.71809280727912,1.2907193036952045,9.9106662753702,1.6259401156807114,2.1368800892176694,7.508647533286066,2.8877022690496164,3.629912835520088,6.178692002515514,6.586725296422826,5.620951495742251,11.571522615267142,6.153046873795806,6.926351019731625,10.38411020418266,7.517361889346719
Clermont County,39.20877458,-84.23150769,0.13170513309350954,0.0978174081870022,0.155440356632437,0.2403964660950647,0.3633858931557641,0.5384391862487062,0.7834757482838002,1.1207300307196697,1.5769669873405356,2.1834471850252664,2.9756942452002457,13.87641278475291,13.561913887134423,4.4244810385550375,15.578368109705098,7.9344912464289825,10.87047672852406,20.00464947653652,18.502963668803527,23.90930000540744,32.50775791677053,38.91535451108904,43.94486903490887,55.45433840733688,57.79228753459679,63.89546799599276,70.49163748687404,70.23118775248922
Allegheny County,40.37731547,-79.86635294,0.8614123664940772,0.627935727953686,0.9817809877370888,1.4845825625435205,2.17878883798339,3.111309785988061,4.3303514160937695,5.880010541445446,7.792153260466913,11.664852841240505,12.54933719230665,79.75780319005128,72.35043697708939,5.396092145937409,45.37595218850979,6.206070956122482,8.007649155256836,32.35441582363766,9.777096018064189,12.045892425945889,27.79893606377381,26.628960442337327,14.661710154022336,35.11675231623678,15.019807425946434,17.201446345280544,29.114077653931798,18.43014924278825
Upshur County,38.8763551,-80.19443111,0.028892000281421776,0.0318502823920708,0.0591251894806315,0.1043236026484074,0.1762290744073186,0.2866265394246119,0.450864323736069,0.6883485373407188,1.0228549461259309,1.4824792195461445,2.0989639290889217,2.906048081347792,3.936405854460949,5.216723988836557,47.61271177452738,5.49008372458995,6.958645297929276,32.3393360909981,7.50665149717772,8.998044644940245,26.864483488537584,23.713761805802164,7.127549391615918,20.419583502637607,5.866409788323918,6.480662073030941,13.683748179332357,5.356897007520835
Boone County,38.05258266,-81.7519919,0.0029978147676095602,0.0032424848156156,0.0059514214018948,0.0103847726842317,0.017353571725142,0.0279305732619124,0.0434931821287997,0.0657571431500465,0.0967895621948663,0.138983812622517,0.1949713858619064,0.2674377918509059,0.3588038005206296,0.4707347092851053,5.036879944262001,0.4218260205902952,0.5277613064077005,3.2189381954501317,0.4518995334915502,0.5350752962094825,1.7869199732680785,1.5322902037985362,0.3154093219213688,1.0625140776334745,0.2133107155593298,0.2413807667247506,0.660143814797753,0.2091301876924615
Wythe County,37.06277512,-80.92007066,0.003256464289982928,0.0038699369761366,0.007532082701416,0.0139154500257273,0.0245563431063649,0.0416090500549548,0.067997977122043,0.1075777293892621,0.1652891524893661,0.2472899285144389,0.361024267215688,0.5151776474471774,0.719441189188516,0.9839910447761636,5.339176946009127,1.4291063877277574,1.8705430661319804,4.733519232102862,2.7263857132781677,3.380652485221668,6.92076930356338,6.900439486449713,4.61931393763425,12.898332593140337,4.511435210990327,5.451583380373459,10.600528920368898,6.682983663668698
Clinton County,41.3405889,-78.01141702,0.10028796023598259,0.0740102927616266,0.116592515395934,0.1777327784013015,0.2630839537932514,0.3790986186561487,0.5327283014629847,0.7308644647836119,0.9794564476414508,1.732230741476583,1.5959720485487223,8.950008215830534,8.262748332219111,1.165177148105989,11.338066219488931,1.1812946584264827,1.508422221980293,7.58956114502383,1.6013115130017466,1.9574931318516613,4.342326699203422,4.155552737570451,2.315661956866349,6.5829173455614365,1.9367502936973893,2.148491157207935,4.46972889799861,1.814965322981534
Lander County,39.59882101,-116.7842291,0.9815619490074887,0.7233315759518592,1.1432473712097102,1.7540225317634013,2.6219380962364296,3.8285028109878247,5.470416530002964,7.657588349230729,10.508598708798012,15.62383865166777,18.53055839017428,97.6345143296807,92.272285282537,19.94346505981333,56.192655316167205,35.229002116598465,47.03983607081249,78.0789746097418,76.53753507196426,95.83873792228958,164.83604099314732,173.89616313442212,144.07868748361005,287.394555110664,152.83571989795752,165.73057583795264,239.58503239856975,153.85262874576142
Franklin County,39.90665131,-77.895377,0.0763158092383718,0.0555183750915542,0.087096343777032,0.1322840855226824,0.1951566021486433,0.2803276299616085,0.3927133168646682,0.5371071105630316,0.717522292711459,2.0430196241788803,1.0860679677233367,5.857296613072156,5.432713340095615,0.8661774380932594,9.458491832487947,0.7720093450821474,0.9747563763047016,6.048934543402515,0.8579283431482223,1.0429227197077158,2.724805017463817,2.50235365655386,1.0632063226432746,2.818759214260573,0.9862066824379586,1.118893600090208,2.108829239684274,1.0991152925247136
Allegany County,39.55126096,-79.01946377,0.6525944513013087,0.502356016532707,0.8093658090825236,1.2628088220074007,1.914537015664296,2.827641889075944,4.075955251093424,5.741899406811895,7.912076770990593,10.670111973207105,14.086650240306136,63.80473534551099,61.24945005136605,17.19073737436705,111.76906049043797,22.19265827902021,28.27608154884284,86.99306209007246,36.329740065297166,43.25603709456019,146.82818401243568,126.17248530679107,26.238963744209705,58.403001555431615,25.832497454924717,27.864456261128264,44.43279790992624,24.170523509900573
Centre County,40.92107394,-77.39607808,4.011966830105446,2.870988956716765,4.454134235238853,6.684891175890191,9.73885826380845,13.805440527589807,19.072067066211165,25.698361191159695,33.77849465152587,70.53945671357012,51.41693506479661,349.6896337959973,314.6767401409776,13.606022963463824,56.01385191533734,21.651293776534143,28.49375612899001,58.53696425911059,43.62141980452907,54.05768933375588,115.85966135059044,113.75969038068844,70.87493993375031,163.9270031203991,74.07551019796166,84.54664662384275,138.69257684763252,90.69738886956492
Anne Arundel County,39.07725918,-76.76367486,2.440775275762471,1.9078197319453067,3.154573269781932,5.111632705542089,8.13845466625544,12.744186017464536,19.6286468505733,29.72604530243354,44.24921510417004,71.3431237641936,92.42689045700791,297.5488281850993,321.75076193865004,207.67362076087383,486.9639447045916,386.1475666632836,522.2631130081799,805.0739086230825,882.6428824975585,1121.1326553342938,1933.3852830785293,2077.800389186161,1795.327649708426,2454.2236693306936,2280.8091530349434,2504.381594223722,2850.6950761398884,2657.2487069552403
Accomack County,37.81184868,-75.60492375,0.02403891846561592,0.0350332966991996,0.0728847635508004,0.1408461679221965,0.2561494135432134,0.4427552336096592,0.7328895155634443,1.1685941943453528,1.8031135344584293,2.701811523778564,3.942134557557884,5.611889585797075,7.804813546317624,10.61211593865279,14.232494988134508,18.322046462910443,23.24170200940712,28.80475934557066,34.5259295297558,40.21944438689256,163.69623090760692,134.96233069652283,9.156651727636444,32.52927715322157,4.891702951633776,4.866722971015621,16.768571230981156,0.1412342564818893
Kent County,39.04284209,-75.53282965,1.1352462023225702,0.824773016789008,1.288721897724705,1.9481887714297068,2.859252511362954,4.084099447447666,5.6869414462965615,7.727009474570891,10.248010391610462,16.703923145896102,16.41044027870377,104.43436602268136,94.8027516374038,7.253422900681355,36.58825759146459,10.423669250864188,13.37895737569938,32.44154448463682,18.597809434664317,22.277612842099405,67.05950728127482,59.07008800602797,17.345491409883678,49.516756004563945,14.24642072072196,15.666378096213894,32.98789274185415,12.629840597223632
Mercer County,40.24746962,-74.6629847,26.734591414168456,19.418317856721224,30.336577100817436,45.84944155431533,67.26921453812922,96.04777393733266,133.67927572347364,181.5338318367432,240.6076665319557,414.5930676436131,382.4720586001132,2421.395157294255,2198.357146551985,170.31541331723582,1156.562646640778,217.606736381462,278.6019955651356,890.0844462633275,358.89740365568787,430.9045787745308,1229.786579217665,1095.1062617474563,362.4003770147541,1013.7179347409234,289.4971191402298,307.534986869552,643.567223989609,206.08328226069335
Madison County,43.01255158,-75.57684419,2.7805801435349844,2.1479170614154377,3.486034409971999,5.491534110926822,8.421730251025272,12.60089903017144,18.42419350396445,26.35545944101046,36.9162428993828,62.48562850557515,67.01349178796609,271.2213292736506,267.9408204257928,100.75589313035968,463.6549545940885,150.1943980026111,193.7242017274908,435.410075745428,276.68943263113835,332.98769301311546,897.8702292389095,809.8247856296987,302.90976570556194,891.5287428666549,229.5650749806267,244.23578652020032,550.1881097791395,154.97952828233898
Suffolk County,40.80291312,-73.25855327,1.8573337561464551,1.35026782015212,2.12563952995104,3.246346182044338,4.8251554121292655,6.995635853422288,9.908963840532689,13.726571022765055,18.607581509887265,50.874850214347305,29.542746624811297,152.04344312506885,143.2761901820587,30.2104072292281,116.03152313010943,47.40796426286842,61.383921527342586,121.54590576353844,90.5617082738376,109.41076214996916,290.2275139966661,263.7497948563959,104.432975004629,293.24732613054164,86.0765182797207,93.73683065270856,194.08651295955485,72.56038092771533
Orange County,44.03042544,-72.66603564,0.5538832653327632,0.4378092484443693,0.7167598633429851,1.137161758793406,1.7537353317439384,2.635195374264617,3.864937510161294,5.540381748808369,7.770343603675587,11.355621600937567,14.285457405222008,55.15530810699255,54.78336827414052,21.811454612779283,121.4783640640609,29.934088443245088,38.13682670498898,101.3008743205784,50.85880487503011,60.27248047546549,201.33905986770367,172.6820940467519,35.543577259276425,108.13382233458454,25.529399306985106,26.848122898014395,64.28055650712452,14.681321544147336
Clark County,36.23284216,-115.0174041,10.373322415301915,7.539070869107662,11.89426510124752,18.207435075051247,27.12192846872364,39.398761061351074,55.8979530127994,77.5364172520423,105.21630931083833,368.1213629623114,159.52554917098848,742.4408497836565,709.7656574954633,188.20578601696664,944.7060032360096,265.8987728131278,337.84849673987435,823.6659339643763,456.09777437188137,537.5316822880702,1996.8627563961916,1680.21346041012,230.75638552590277,597.2155187182904,202.14525215405249,217.77899708871996,408.9316452558471,171.11768076118443
Grafton County,43.71401219,-71.56225601,0.017128405878045413,0.0230629968781499,0.0469910534693863,0.0897633476448308,0.1623307697192632,0.2800866613808952,0.4639554135668446,0.7415228294785194,1.148100353350196,1.7275380452383036,2.5324890962919206,3.623678053938969,5.067542983802993,6.931438568847172,18.57489328419816,11.44147244775471,14.706993933481805,23.85757921186857,21.91725250996562,26.12026694936696,83.69766281597862,72.61202972281737,17.644175617637327,48.60820746739152,14.507296833615904,15.567223768204853,31.717864859636062,11.316951030436584
Worcester County,42.31304362,-71.90533052,6.9228027216328325,5.460883234206188,8.928703007339866,14.145213892403731,21.78125061270749,32.67684082609541,47.84835640473251,68.47876862845462,95.88315853125718,158.13386082571725,173.9165506092937,655.2076661987725,653.0918949963303,268.85758189357523,1855.512772056992,337.98207822611425,430.63289229605545,1408.6519576875198,542.6510937422642,646.211266033344,1934.8466843951269,1694.8531591755957,475.0166771001516,1559.91751288332,297.6303515855926,304.51530828354805,858.2210589675134,97.04658407131892
Capitol Region COG,41.60246114,-72.75108047,0.9997553445947525,0.7946133494083616,1.314169677302352,2.11488774675116,3.320791383884391,5.0969464322359,7.65675799928076,11.268053421995774,16.256801953293376,27.949377945793085,31.479513521740238,104.563718413346,109.36394206681298,60.98442235144007,249.41304959001872,97.28295188943504,127.9721674129053,261.5323426994844,195.44324791620488,241.4494401026888,532.4607620069714,516.1223847960022,302.6839096001417,593.4136033599432,325.3203380266179,353.65508532205115,504.3404695742444,333.757773607459
Kent County,41.66667273,-71.59672773,0.01760550258719854,0.0230011520668867,0.0476376176794447,0.0933524384221433,0.1739036151060355,0.3094428043577251,0.5283769641452281,0.8694245858422724,1.383760448348189,2.1370530394372054,3.211062405876969,4.704272066960413,6.730773429078936,9.416321025649893,32.17119975410116,15.82269293472149,20.942046475206578,38.308420590446325,32.93099423889079,40.81494065155714,63.83140737554584,68.33156057129565,60.47631257521375,164.73016701532796,49.68776307049705,52.85709427322625,106.56896593479595,36.81440793690454
Piscataquis County,45.39211237,-69.24794622,0.18421112490071798,0.136635500092506,0.2183100874675407,0.3386753437488795,0.5115530560915127,0.7538647171883781,1.0855737942591384,1.529237387096292,2.10903283838232,8.078005405838356,3.2665693077659994,11.650531371871752,11.741546999792584,5.286121828066848,42.07236818507278,6.189236148254008,7.91101522411986,30.30178953159925,9.553983814929364,11.52686368268692,31.080756664155,28.126687144280822,10.759865443043886,31.5204325262273,8.66547657004589,9.580435406566153,20.82345627237246,7.730052428080561
Kootenai County,47.64818073,-116.6294762,0.0005454135976221185,0.0007719841266365,0.0016464309944348,0.0032943548667362,0.0062297933561515,0.0112089181295133,0.019302857073055,0.0319802421738999,0.0511967172365658,0.0794854733251835,0.1200378681265859,0.1767558536819807,0.2542480593488325,0.3577294256457218,0.8714619408244659,0.636397057818871,0.8451168183016393,1.31878982310448,1.3712142058457837,1.7087315336115605,3.194899642141449,3.2763175148752843,2.457504925710611,5.971687939179133,2.4617154886729256,2.79875443292872,4.809182008969659,2.895441001003085
Custer County,44.43004937,-115.2177288,0.03898798943705592,0.0582027258255507,0.1230648385676484,0.2414846620955746,0.445470579043362,0.7801801859914409,1.3071540982776757,2.107689144913947,3.2860459191449345,4.97195956162217,7.321587829150448,10.515569112489894,14.752285510090376,20.233806631989992,27.83794779834945,35.54621340789894,45.55554658568388,57.36747372320516,69.30793127665177,81.9637309365743,274.9493800165261,235.22413186984176,46.70854302547635,154.88032514814597,29.440741276996693,30.60102549318822,86.4786509803408,11.719094633292553
Bingham County,43.02868119,-112.4327899,0.001946981639598451,0.0040886572664698,0.010494949850838,0.0242131269706074,0.0511597981818533,0.1005014124575789,0.1857666569544853,0.3261403981707031,0.547915555268596,0.8860442149964438,1.3856703808429387,2.10343362526324,3.1081945621897638,4.480641616262853,6.6628352277186496,8.6673460571632,11.687252617144742,15.623145103296348,19.86594740059329,25.036468312410666,32.098579873591206,37.774975723278544,42.29392770935434,96.95588773092938,40.87782916569284,44.14637260407797,72.46322078488936,37.93831454067239
Missoula County,46.82138594,-113.6065082,0.0007638386002863573,0.0009893249222085,0.0019929065269773,0.0037797154355821,0.0068051112546263,0.0117103360239016,0.0193686648537111,0.0309337839612794,0.0478862104866775,0.0720704604467435,0.105711131313016,0.151389967348805,0.2119586414764111,0.2903546672326167,1.0031438768109913,0.4646136400177636,0.6010222378471328,1.1163318222238203,0.8940341295460716,1.0784740820752614,2.9577627509328317,2.6684365307721185,0.9919084889588436,2.9034307294415163,0.8172910947139997,0.9172274583635404,1.9718718999636,0.8033523024228872
Judith Basin County,47.2494843,-110.2231123,0.0011294948786838605,0.0018716747563227,0.0042851738992636,0.0090303956136797,0.0177299217300985,0.0327756338887974,0.0575504990463924,0.0966732893927692,0.1562545027562505,0.244141243187304,0.370112238886422,0.5459595618615037,0.7853595728493284,1.103392699408757,2.061177738656619,1.9948313193214369,2.625947178215216,3.694631730372527,4.20136418704087,5.141026733344207,7.680399291268521,8.174346305526587,7.260881004024094,25.36359922922175,4.079123238150517,4.130875653324776,13.405443616240452,0.6591624494712673
Valley County,47.83744486,-106.8433126,2.0267456084394055e-05,2.6245131161615013e-05,5.282998363151276e-05,0.000100105090155,0.0001800500333646,0.0003095060277961,0.0005113696018825,0.0008158358912092,0.0012615780301649,0.001896666650494,0.002778913559135,0.0039751631379655,0.0055588627818644,0.0076050533759559,0.0263323945563017,0.0121238691712328,0.0156536303263211,0.0291261123116427,0.0231578649461968,0.0278469678026245,0.0780869901082175,0.069916081704425,0.0243617021198652,0.0733202420486751,0.0190579087785236,0.0211020595316091,0.0476574358351323,0.0166910623284893
Lewis County,46.60869095,-121.4945952,0.08341415274906301,0.0618328313753855,0.0976719448596599,0.1493943707172215,0.2220437130043016,0.3215040367372064,0.4543030090904683,0.6272062199085219,0.8465473925828285,1.1172720552084396,1.4417465602075916,8.10175002751894,7.50659131907734,1.1347334640250222,5.837503693823015,1.645947236008797,2.130212460994924,5.207484745108222,3.023557016988041,3.6690931654774577,9.474260775624384,8.699501790045147,3.7120235968957225,9.884221121688611,3.2959103152631144,3.647796088694567,7.002139408397062,3.2175290427476355
Musselshell County,46.4465773,-108.0131914,0.00046518932446223927,0.0006919379002879,0.0015056349426343,0.0030512554945164,0.0058119126988119,0.0104909940461815,0.0180735221970073,0.0298931629304259,0.0477011611096246,0.0737303188930815,0.1107422315689436,0.1620389069695735,0.2314104068089079,0.3229787472034871,0.7299389466640163,0.5670583301946479,0.7434278325201281,1.120377939944328,1.1706500267103972,1.4282520329130213,2.54669080111048,2.5650146378519336,1.858890853961669,6.301420767700652,1.136164754478438,1.1835172935268792,3.4878315741454027,0.4248380964451712
Fremont County,43.04388094,-109.277895,0.0030409102281050366,0.0065806463269555,0.0165992893147002,0.037355893617074,0.0768364647730606,0.1469870295622143,0.2648990570136953,0.4541327506719446,0.7461259540100371,1.181585712415702,1.8116773758523264,2.698700493112681,3.915760684528564,5.54470863721478,7.863249179620438,10.362147690268657,13.705239837054252,17.822415611292367,22.32067406060085,27.415524343706185,32.99668076573563,37.985051645164354,41.95071719723082,149.32441176595904,22.29325328018466,22.14581305599328,76.80339402951336,0.3625688163521754
Johnson County,44.32489043,-106.7112461,3.571033790107587e-05,4.59278338894e-05,9.332666388435608e-05,0.000179156043576,0.00032697243879,0.0005705742480661,0.0009567696075275,0.0015483740987685,0.0024272480877656,0.0036970284495639,0.0054849777616879,0.0079420536396092,0.0112398982001046,0.0155630099063561,0.0569885865647943,0.0252931214739514,0.0331734578094578,0.0634053475648595,0.0508126135089856,0.0624351589922391,0.1225256761948817,0.1216402983330768,0.0813752677413352,0.2357837298152513,0.0671180096553468,0.0755942834661203,0.1626716166951559,0.0736147131443135
Crook County,44.24892369,-105.0387513,6.643065956127344e-05,8.401857901876903e-05,0.0001690600931892,0.0003217619605854,0.0005829583794517,0.0010110539359208,0.0016867678716662,0.0027183329024413,0.0042468996003427,0.0064516569303467,0.0095538022989322,0.0138179664210387,0.0195490380814561,0.0270816328044203,0.105073142439992,0.0437652401280182,0.0576962837965002,0.1141963577629199,0.0894148126657744,0.1112428504003646,0.2264002514921955,0.2269120625090918,0.1546854945276899,0.3986818471696126,0.1596561010197172,0.1908619175756911,0.3439020951250645,0.2342295501296396
Albany County,42.22317644,-105.8451005,0.0003191722593102155,0.0004010166486158,0.0008043222090994,0.001526459540899,0.0027585464690545,0.0047732671910546,0.0079465364406447,0.0127808518000099,0.0199287796589131,0.0302137677179912,0.0446436178647223,0.064409416075504,0.0908595946067064,0.1254355395669106,0.5071750808029353,0.1990471028703816,0.2608776470790374,0.5306222518595091,0.3954628734887508,0.4865675270987966,0.9918752740127948,0.9772159986426354,0.6280792971830603,1.7593057390125977,0.5447201275634016,0.6127013503795983,1.239800188011534,0.559986300356455
Sanpete County,39.1005072,-111.9317099,0.33998337447967,0.459104438120137,0.9350322940682434,1.7818574943325352,3.2107431616057305,5.516049600598136,9.09486450379762,14.466945663133211,22.29293056794413,33.38717703389151,48.719448845495386,72.34723419359321,99.0858457330768,130.81857385020933,204.33341318313117,225.18839905729803,286.9943938270983,374.1096177388368,429.5230731069042,504.6150635724843,1995.3105880224084,1661.764626726095,165.79541777777098,314.12965009784426,181.5462833398462,197.42618146193365,274.1069447237217,188.58933347209992
Duchesne County,40.52141335,-110.3182862,0.0034131259110934636,0.0048364817037349,0.0102977351517113,0.0206276105583673,0.0391496960146499,0.0708252473111394,0.1227729552853742,0.2048599642502983,0.3303427402135055,0.5165149707335297,0.7852864019694419,1.1635678801593363,1.683271752974613,2.3806552322428094,4.981863070518075,4.33698122564688,5.771813346719789,8.497649772636247,9.457464384761856,11.78656000101033,24.982351408909317,24.71063241905741,15.822148616204164,25.59908290803996,18.761973728854127,20.50108620585516,25.565778257100057,20.762756079898217
Mohave County,35.72391313,-113.7436192,0.6116523352771097,0.4502090806239553,0.7103811117487313,1.086478540897162,1.6161065877570515,2.343602244476885,3.3188006766034523,4.59431425555143,6.220931579022316,9.808552717177692,10.528689287219104,58.57306682552813,54.47970158299752,8.904910465276172,26.99065955108077,14.65964789799207,18.992684497933947,32.742124442594765,28.57990575280679,34.38850709918761,80.4454135810647,74.56013006901975,35.07604072871669,123.03467910586843,19.36260953030738,19.45751073920045,64.40546962002246,2.2502954091788325
Gila County,34.1838784,-111.6056914,23.560398252558514,17.29424100667377,27.1488593069222,41.226987233789245,60.77225586407864,87.17965489435764,121.91436354525034,166.3685884737498,221.64205370109656,333.56739026038616,361.3455886220946,2185.740563295359,1996.0177064167535,199.47507275471705,1517.8317667331164,235.82566810587656,298.713937928515,1099.903873650404,355.49994151218374,420.9861017593761,1442.4217938860677,1231.859378229266,234.34280400203085,673.0926644127892,181.2586203593298,191.88337573627777,418.0628997666962,121.39497479331033
Apache County,35.34591005,-109.516242,0.10156976757315078,0.0775668074670126,0.1240673133534132,0.1918858778294027,0.2879962028605919,0.4205845401100818,0.5988107380405369,0.8322912915634697,1.130214712742296,1.6197689986987918,1.9341091706212432,9.296112027964554,8.77127813326482,1.9643309938634803,23.07345660984576,1.5767807073265636,1.9649817182394576,14.332779075280833,1.372355370229222,1.6330793884503711,4.901617897759196,4.289186731004002,1.189073189899366,4.018779859421804,0.7149753039791381,0.7325987406749086,2.1846766788048275,0.2055646697077825
Ferry County,47.92035993,-118.472439,0.05000288580222023,0.0404523423243754,0.0676694494051646,0.1101248929140813,0.1746984868043372,0.2705294671570888,0.4093895695788275,0.6059776091682373,0.8780683585372243,1.5222115384613042,1.7078320576734003,5.310279744608164,5.629477004084022,3.395434835619217,13.805557555764846,5.306585800566105,6.898563521548169,14.13066257388191,10.20840864506499,12.385252227245289,26.352845772217545,25.19883264013832,14.237725908783457,46.333346032852056,9.237545924314825,9.61638792106411,26.175056275992976,4.016103914704228
Pima County,32.04276153,-111.6857101,2.6497863017268806,1.965332606648057,3.108313819460988,4.75871340177057,7.076121856253505,10.245158281365793,14.46837502341547,19.952344660828647,26.88509149088176,54.14943057087544,43.74464262249909,229.1027564996892,213.71975762566296,38.412679364864765,346.7981736079468,40.46604963796188,51.072851499064896,235.4458869339945,54.42551971492547,64.54924230438726,205.4807813147628,177.60730093806623,41.68256295167996,140.2164545031497,25.46144301508965,26.297710104173483,77.13359385007568,8.800746129899634
Valencia County,34.6249543,-106.5737299,4.813154235705831,3.3615403432165505,5.194589477736836,7.781250472310062,11.332353098262276,16.07962950305154,22.259526788372582,30.08633275911877,39.712968277086624,195.058736399089,50.462802766639925,286.5331803253944,264.2227794046749,35.947911368356735,292.44700432151063,41.34507846842114,52.70072889656594,208.217621052591,62.27965746943034,74.78523621889374,207.2664116274469,185.5822477468864,65.05084386652977,196.4260043598841,47.96305017954673,51.08386264678949,119.57150487483167,31.294014910489462
Pennington County,44.05773319,-103.324472,0.0050694219979501316,0.0056642730629046,0.0105912000999983,0.0188115381851515,0.0319677826380673,0.052273712787862,0.0826243063420812,0.1266943003225413,0.1890042276020939,0.2749207451094453,0.3905424290785929,0.5424042457097539,0.7369176393715295,0.9794571632183228,8.188807267360382,1.096900193204165,1.390923099052714,5.738154739213066,1.5873568773828235,1.8910537076193583,5.754418264149003,5.030831490594581,1.3701204853539852,4.410584186331145,0.9164307650753576,0.9649828511447208,2.544731764823742,0.4695664190066989
Grand County,40.03368077,-105.8666298,3.32323470278701,2.437520616698969,3.834488470320762,5.84188153206127,8.649089971495043,12.474717417032783,17.557791024494396,24.14071158331066,32.44192153348124,56.029059945342695,53.41993007428236,306.2734642061918,282.8225439622835,39.28997762637742,185.6498199415974,58.12463584743351,74.96612185068247,171.89470126629183,106.66736873005162,128.4365700050309,346.3664023327801,312.5896285108685,117.38546072064962,343.02703046419134,90.40709764235504,96.7517207968639,214.67445548559755,64.56275126018241
Custer County,38.1055194,-105.2752917,4.091392269095809,2.9060873481770737,4.525594712865087,6.833008000617552,10.032947455923653,14.357039647663568,20.05194363075014,27.358039122735025,36.47699483372458,140.26867194091517,51.54124642912724,285.44808083680425,264.8324268638431,41.51954775008126,159.9446740492053,62.970984442274,80.0947987079095,160.40635305214164,112.60152339916549,132.51276083386688,505.74951574680506,423.60306702864494,51.11924326542224,121.48770174535694,48.32439696138472,52.32694495368862,89.07833061718569,44.62429269758845
Dawson County,47.1804594,-105.0375055,0.000184759729143976,0.0002417461773984,0.0004889650236532,0.0009301874689292,0.0016785107017009,0.002893183944854,0.0047910053542468,0.0076582193334241,0.0118618465630631,0.0178585991823073,0.0261983964833985,0.0375179672632879,0.0525181793364654,0.0719168803632075,0.2365502208115572,0.1158056395563579,0.1495385062476919,0.2700536173526858,0.222204751428598,0.26703024630162,0.7440194313701584,0.6664139912671263,0.2336396235555476,0.7171660977752358,0.1762538084399052,0.1934916121722711,0.4533745465673623,0.1419629331957325
Mercer County,47.15958973,-102.0734343,0.0139251505543268,0.015297307049234,0.028332579118027,0.049873097760734,0.0840435965696284,0.1363552382943074,0.2139548780984835,0.3258371424579783,0.4829636646110842,0.6982033883884111,0.9859690805642076,1.361382250147109,1.8387631272503444,2.4292376984743056,22.98362169990465,2.4654728269915536,3.1093638473298117,15.353048921432466,3.184334583963725,3.7853421157159657,11.833760485616548,10.280354483793127,2.581363853590939,8.434845174332672,1.687137636203644,1.7767127230526218,4.828635232917177,0.8482072025492643
Eddy County,47.70645859,-99.03324693,0.017959186337417988,0.0197706347740639,0.0366564848658172,0.0645848709763204,0.1089212222297771,0.1768366257732843,0.2776325938505758,0.4230174813935974,0.6272621778345916,0.9071230890034416,1.281369872507792,1.769699220798794,2.390769096255561,3.159080587247015,29.521549234299087,3.2352340515995217,4.0782617396646685,19.79164748328473,4.209409329194502,4.992716106233737,15.824507742401812,13.687727974020056,3.2486930431243257,11.045627052644887,1.94907417573909,2.009947941639681,6.032982513071649,0.6179926172851516
Hughes County,44.48283152,-99.79847762,0.027106847893243347,0.0298243418002768,0.0552670881279843,0.0973160798736446,0.1640177306351916,0.2661160608440331,0.417534261359186,0.6357822505669952,0.9421813122017422,1.36173743599275,1.9224192145242267,2.653512222128955,3.582652315309274,4.731131195303448,44.478749720872415,4.814605461962152,6.063907866849942,29.73671512488448,6.203165678848592,7.349380937156952,23.90485651565737,20.577123288468588,4.529216155508589,15.152363462875469,2.817283259144616,2.9315954851919046,8.435338028873593,1.1190778510356028
Morrill County,41.74325238,-102.6958257,0.0031764115460499037,0.0034770033717783,0.0064273287757813,0.0112933157942046,0.0189989007935684,0.0307765545092602,0.0482220254855904,0.0733404083964858,0.1085709766990216,0.156771398285987,0.2211332987397211,0.304991626483919,0.4114825650729897,0.5430041839173234,5.270287508478845,0.5388965858752948,0.6790484991638337,3.489070183334177,0.6770947586757685,0.8053445290068266,2.5111036135420464,2.183643623275598,0.5549592254397329,1.7982154772685,0.3697180878173264,0.3909959666249581,1.0399183719262843,0.1962776364071789
Grant County,47.4129124,-119.5470861,0.01236526058779788,0.0087735705835179,0.0137236820878991,0.0208442886297204,0.0308265886483526,0.0444795909346244,0.0627088898296579,0.0864805322493949,0.1167784575580002,0.5900083896814183,0.1587786271056042,0.6784959856776975,0.6648722230414413,0.2323420041406903,1.5721009728271207,0.3524899436839797,0.5041875292668841,1.4439976281196327,0.9310631763515812,1.3414171985210943,2.7278105383244724,3.309080447264574,3.548392503428106,5.904217365260901,7.020822234050952,9.913377865224868,14.25606026533172,18.88763664509323
Valley County,41.52161835,-99.18350983,0.015304917659563187,0.0173939996923591,0.0328937128368514,0.0590857131615036,0.1015098288712122,0.167722704657069,0.2677173678772673,0.4143190535231731,0.6234898485844,0.9144347749448803,1.3093486062983242,1.832578920675708,2.508917767302455,3.3606971430064845,24.773812305790507,4.109238394038282,5.250595088033681,18.3818024084346,6.527769296592991,7.826220508003782,20.37817536757613,18.420960315423866,7.126491786915045,24.44455089900112,4.194608193703437,4.304913306389441,13.219545445273118,1.13341900862795
Cass County,40.93518639,-96.34583201,0.01560166835701407,0.0176463746175315,0.0331720297699748,0.0591736631260536,0.1009084246781184,0.16546653918507,0.2621241300166176,0.4026606028202938,0.6015736209691747,0.8760862780821748,1.2457906204356068,1.7317130100411735,2.3545323235145146,3.131658427079918,24.41822106655189,3.646385091530623,4.6150150751409,17.515304430896705,5.415642635884874,6.409542066622354,21.36943758556216,18.314930827520413,3.7457677604081394,12.534250422220524,2.415879757231001,2.594089556697912,7.265714333630825,1.4446270689704823
Beltrami County,48.02901973,-95.4795737,0.00134259898324079,0.0019921917321451,0.0043382047172457,0.0088023510418589,0.01678962971965,0.0303492808582052,0.0523555718613456,0.0867056799482017,0.1385239198303189,0.2143523551874645,0.3222935847146501,0.4720508460650746,0.6747828796234907,0.9426575595283292,2.1728447612465565,1.6550643353575492,2.17234465737992,3.3005514675974497,3.4265065321400168,4.186642631566394,7.232343541115612,7.362769237114842,5.565436230065204,18.69612111179477,3.444821395193737,3.5851101973101844,10.385672700825817,1.326659406419237
Aitkin County,46.26358649,-93.66377494,0.12266839783596765,0.1880025022566,0.4081910918569595,0.8220904312396009,1.553902967038924,2.782794409811532,4.757701720712556,7.813299349570991,12.386073802504107,19.028613432861317,28.41893630577528,41.35984687756422,58.76090238172709,81.59275250881085,138.1033148987751,145.11397934283045,188.67765176677892,255.4562522532866,294.7805398942602,355.4016334351591,836.8592831823555,776.4677313179061,366.0357671105539,1220.7336992385374,223.9601428588035,228.93128565473697,665.940517196418,66.36640931362366
Lyon County,44.42138655,-95.74181715,0.007857596985249848,0.0128796640676032,0.029599982697998,0.0626909572745947,0.1237081322147543,0.2297582430496548,0.4051192999810711,0.6830325661682322,1.1075832002862056,1.7355117598180525,2.6376808683235606,3.899745656340521,5.621332069432001,7.912715795951951,16.326220158634232,14.2420917964673,18.796404239435304,27.398720621559374,30.12298939674081,36.97176748094469,48.18222926997339,53.86776632852703,55.20959043246903,193.0920646804216,30.51348576656613,30.5365571729939,100.7559244688492,2.878435047965176
Sac County,42.41935156,-95.02634463,0.00770287612757081,0.0088716258078621,0.0169176654938529,0.0306427309983421,0.0530765445620241,0.0883952841696447,0.1421776728123475,0.2216568946757908,0.3359338001203599,0.4960953831159052,0.7151532594324364,1.007680859958705,1.3889904060990834,1.873663836679867,12.418845106750084,2.445882187212257,3.148676349076132,9.73705162094658,4.158701344002311,5.030993583852683,12.340964679395189,11.404380904043744,5.164484606369476,15.481312488233204,3.8597934924174657,4.133092618297487,9.549449893475256,2.7078837054238414
Rusk County,45.46791696,-91.39624127,0.05063422619805825,0.0379216633193359,0.0607574065184199,0.0947254405003524,0.1441592040618934,0.2145959492952012,0.3128864468670201,0.4472140165919766,0.6269848695823128,1.0004517366963106,1.1515447213494592,5.202936591779266,5.074649163392689,1.6476696601617509,4.434647993392183,2.8779601213240382,3.807290117222984,6.186981052133759,6.0720773543537465,7.5051381864691695,11.357818604018766,12.240433865939588,11.11914593938961,33.322189155383825,8.291724882076307,8.850251305098196,20.44743247554513,5.595206030351683
Chaves County,33.48134861,-103.9155591,1.6848854166734921,1.252304925234172,1.9821597925242616,3.0375799548263345,4.522013180181548,6.555567326530484,9.27055495920067,12.802638041863002,17.2764076047504,23.06791430457876,29.336548817212385,164.5887943573674,152.3719204839346,22.68297539968661,54.12959318308002,36.805882485036136,46.47929347278091,71.23177294876004,66.66314606002399,77.28766394453257,338.16248366085745,275.7272553530336,7.328176695883344,22.155521708124965,5.456908484563055,5.85952159898926,13.650282626074446,3.7971022151355727
Randall County,34.85870122,-101.7896096,0.0792557432418901,0.0628009551366735,0.1029224450706624,0.1634771071310747,0.2524339115867469,0.3798347190782626,0.5579139132152716,0.801028216709388,1.1253055117949424,1.605979530888514,2.080330763795024,7.92645911586434,7.898118566123666,3.22890474890026,19.707707839875116,4.312596836977224,5.515802156186941,15.864602076052778,7.29160040308845,8.711191487765838,25.10551221780038,22.21137399559263,6.952700425513363,23.09423089773156,4.488716410453735,4.761210695597132,13.221209839084198,2.287603226210341
Texas County,36.74873009,-101.5000045,1.4499012346245604e-05,1.756695319033517e-05,3.4932330063648806e-05,6.620523789525812e-05,0.0001201286732848,0.0002095164820616,0.0003525484035697,0.0005743249309,0.0009087031721089,0.0014003994983844,0.00210727750548,0.0031026376678691,0.0044771900028283,0.0063402377685028,0.0267864996274467,0.0107088328100665,0.0146242148292499,0.030073860269473,0.0246694979301157,0.0322930431378508,0.0529700881506652,0.0609760936703221,0.0618802279024082,0.1141474102650411,0.0884515152637987,0.1128732243969521,0.1652604335851894,0.1862397346109981
Wasco County,44.87742596,-120.8593635,1.2192154374796011,0.87557426414083,1.3721139553620645,2.087417593185856,3.092437408561859,4.47113621154036,6.318398059473574,8.73530357624836,11.82116379221155,36.41068727648617,18.31393856701439,96.48790301794988,90.75661622088816,18.378483186953986,48.85343207232809,31.18442018451718,40.62818491868708,65.64122535486308,62.56659010547418,75.87552057032391,165.9838548357207,157.69956540429226,85.78044865669716,282.9489646949125,56.24766376637641,59.86093156011077,163.3417852503128,30.1670824975648
Cleveland County,35.30086027,-97.47670229,0.002337254022457504,0.0039276026391851,0.0090205577628442,0.0190509317180861,0.0374724587931361,0.0693974148854576,0.1220995658637337,0.2055953352218573,0.3332954191420155,0.5227002975464347,0.796080687245417,1.181033970607969,1.7107369680215927,2.423624999490925,4.194964229267116,4.507434011714994,6.014183652394982,8.346441134156693,10.00785476963088,12.546202348817296,19.75099387267282,21.58544956370843,19.98811770352897,57.806862776214594,18.42551807266671,21.914012022773534,44.47823189718142,24.536591020425654
Rogers County,36.28372003,-95.63163853,0.0001850804627713344,0.0002295010052306,0.0004628433885074,0.0008889288615149,0.0016330076023912,0.0028825542330133,0.0049168312393784,0.008164621482123,0.0133183040154974,0.021541316142753,0.0348123280194745,0.0564541136907514,0.0918985880871267,0.1497421686911704,0.4603319688211991,0.3753379814191543,0.6042501666663362,1.082562005417547,1.4714755900071752,2.2524448192062265,3.55803649008085,5.120229006284297,7.184014947788095,10.804795537026152,14.369130068488325,19.985743369823837,27.65123302603104,36.83532377975358
Logan County,38.7673038,-101.0284679,0.0025758530634836414,0.0029234474075307,0.0054945770746076,0.0097917355892468,0.0166723247763652,0.0272881568553949,0.0431406507089365,0.0661297883501402,0.0985858709378988,0.1432668239330127,0.2032955662669936,0.282002447631504,0.3826290746760853,0.5078465032288759,3.913220033231161,0.5909487979648259,0.7451286006516539,2.806452067957837,0.8673881323081407,1.020577608765973,3.911752645847231,3.275855936550283,0.3928159838250594,1.0868864461625478,0.361346422887184,0.4209926149341805,0.8308635081207357,0.4652223185584686
McPherson County,38.39197065,-97.48884753,0.029764653771840392,0.0329125881232898,0.0612618656906797,0.10842595910059,0.1837693962216771,0.2999356438020639,0.4734976952111701,0.7255579080622152,1.0821830241395076,1.5744936019452924,2.238139937433878,3.1117968711123503,4.234221173586968,5.639386587221231,49.38069842485568,6.206905452570721,7.937009752082536,34.336146889432555,9.151804495333652,11.143019435234454,29.80893218669832,27.311451267928533,11.326401865247298,29.013973865432867,11.252300181104134,13.082960217023412,23.56818227875093,14.458430014860236
Caldwell County,39.68010457,-93.93551551,0.09478287012890979,0.0809028284071161,0.137339367558203,0.2254421965563825,0.3589308570575885,0.5556534997531389,0.8381229626280178,1.2338329756585134,1.7751894383542748,2.843565954022735,3.4109080993582848,9.256886195517986,10.004667938099988,6.782364917212066,50.81097430241709,8.184555812201495,10.432673805151971,37.34165891130476,12.780348491417596,15.27369059324576,42.29495758564792,37.67955067747085,12.743092801114203,43.66088424776012,7.515655730677524,7.714281197571653,23.62772216658021,2.0504428660138703
Dade County,37.39648815,-93.63067538,0.06676361936265857,0.0585019142704984,0.0997907916406023,0.164125485098473,0.2612784036727474,0.4038544371308297,0.6076173788549436,0.8916416575010261,1.278162369299937,1.8173589632675655,2.4566196059306407,6.259306128381882,6.825018207962601,4.867546054016106,50.10555788323708,4.643212221509498,5.891872713012063,32.75388336934001,5.7422310266568415,6.978805767183212,15.12317163067064,14.457201148391691,8.111354418425606,26.93872896429523,5.639263338902688,6.336083771549241,16.71827955227704,4.946623750126409
Johnson County,35.49289456,-93.59063588,0.0017201363994628315,0.0023213218036349,0.0048380462949068,0.0094889973831716,0.0176319725157656,0.0312324737037589,0.0530317491260785,0.0867295875081192,0.1371709055340123,0.2105162126802584,0.3143624666719369,0.4577616600005761,0.6510596032333661,0.9054488295842736,2.7631592628733266,1.5257253777296496,2.0021850497834666,3.4579848825973656,3.110135194709505,3.810789600018445,7.086150753208019,7.10054996558217,4.986541632795406,15.160524536436576,3.647496859804341,3.8878656389678223,9.202823038158076,2.381000199350054
Marion County,32.86217276,-94.5241288,0.04430206680194902,0.0294767322836148,0.0448742386060456,0.0663854221598828,0.0956757600907601,0.1345654090541458,0.1848980109609607,0.2483305268610708,0.3260402596538182,2.889461787273007,0.2857931188480018,1.3416327068777747,1.2852636015111598,0.3467123688695258,1.3096585375420535,0.5398930842208137,0.6951719030098222,1.3665775726870686,1.01344243100187,1.216212398839155,3.637054741257828,3.215732147780059,0.980458284852504,2.878911961604996,0.8402949750498208,0.9774198618567,2.0869259225465897,1.0521064433036271
St. Landry Parish,30.84054963,-92.01150228,0.18415674803495374,0.1380196281376198,0.2253251478509871,0.3588046865934178,0.5580972423402633,0.8488926647747036,1.263854595343624,1.8433483899194127,2.6358331154366788,14.485654544881063,4.050822820230289,6.295026974900959,8.364713970759958,10.489694252625938,62.911097550561074,14.411018900461205,18.668079479681086,52.11713775238273,25.86898834321492,31.657313098560355,90.6891917087892,82.40223370328259,31.360454952815346,55.282674146169725,39.24819377443544,45.45258358241203,61.35772513660232,54.86733272663246
El Paso County,31.77308956,-106.2230818,0.04791774537657347,0.0389923438719481,0.0646593126717092,0.1037067720019103,0.161407886511398,0.2444126323255135,0.3608402153413234,0.5202550962442234,0.7334626892948469,1.832119065022151,1.2883887182113791,3.450639157575479,3.7000377366820687,2.4510496288278185,27.49431061352756,2.134485717392028,2.7045923859980845,17.488105870722055,2.336863394489366,2.8818258395579184,5.714671965833039,5.698411547911115,3.857601983024999,11.58320830074372,3.330758727907428,3.925533768829847,8.4589730800805,4.222315674073286
Douglas County,42.80834786,-122.7941288,0.2317966041109794,0.1726076210008573,0.2754082445813264,0.4271732273354961,0.6461028728875711,0.9549882066068268,1.381389986799686,1.957350891682873,2.718478229567085,4.598572565834491,4.859412221801665,23.026593943571548,22.182260351383857,6.296171832532546,16.208081752184725,10.927713818142038,14.369326864406531,22.893396104487984,22.66395789888414,27.81456604815902,47.97164207007463,49.21973771347801,38.03986137880263,122.1620940581859,26.44658313746621,28.59493657940124,73.26652845028703,17.66643663062774
King County,33.42197646,-100.4747257,0.04722191693877437,0.0658970583822795,0.1416943276766796,0.2866512810832424,0.5486631355777236,0.999280033727733,1.741155775766076,2.9165032846961334,4.716259387810469,7.432906159390638,11.246872839902744,17.443265664732735,24.792434179406225,33.99663393880616,49.817761214056574,63.74900832872802,84.68941453075223,111.63782014090287,139.6884056041223,173.35124475548787,360.9905742837243,356.8401117482541,229.5543044899236,435.5140893937228,250.7550903294499,272.37510038451643,378.46877733002646,258.9375219327125
Pecos County,30.79490767,-102.5121274,0.16953163939415156,0.2244928726712974,0.4684815916805423,0.922961402205452,1.7256038914821756,3.0779699516044112,5.26406366900361,8.670811390539601,13.809404896465365,21.36458363411976,32.06253447350981,48.26836191337199,68.29916639303339,93.71404704556475,245.9909188488573,163.25535194895195,215.32426035149757,346.0193654861177,341.55788068756226,420.6773220445205,785.7525536837048,791.4380913327657,563.0925235346627,1475.951820555861,477.4106438115833,506.36721460992754,972.6243359701828,359.9610287042591
Ector County,31.77998214,-102.3887614,0.023834896910339274,0.0377687047256448,0.0927105394665526,0.2106647163343513,0.4440465839794711,0.874998917960834,1.6259049264646217,2.8717032317390814,4.853826028706016,8.127516198207607,12.39348934091316,19.529849844524197,28.618179352682272,40.57213801688563,58.947317051094345,79.51396810744666,107.78686341334208,143.81407167366723,185.33761533103052,234.91016675186623,293.5510994896868,352.01674305492,408.12597654074096,839.937693919767,423.1338366410629,457.2350341030008,678.4403442442385,413.3750836002331
Johnson County,32.37182664,-97.11815228,0.3214227159412568,0.2618910536630467,0.4440391344279882,0.7370501251908522,1.1989644811664808,1.9116257448702492,2.986890327048682,4.573198091177506,6.862134541905264,10.827466944525243,14.49434296928868,41.57587982227992,46.22142394608987,33.87916136097436,81.14029072781526,61.34925037240669,82.05489681905051,127.26378725706653,135.26693823735428,169.7759389721874,298.97140431589867,314.56425730527354,257.1385276712686,517.6410614676754,281.083176721828,312.1128726209149,456.02410408293554,317.2168479491275
Hays County,30.14290618,-98.02819061,0.9976871233159392,0.7215607372069607,1.1238527272453114,1.693728787275559,2.478945917070822,3.53272746270469,4.910493027996227,6.664148875770854,8.833450560117502,11.496158476915106,14.440331258826689,96.08892626256888,86.97079785071061,5.475547154738159,10.847086612167388,10.31071925807035,13.908792441304929,20.213140931218035,23.538577784465566,29.81325762521685,50.3863234119467,54.37317659874031,47.77742027056337,81.8225686507996,57.22379508858661,64.08173388424362,84.05667673409104,70.53065717289786
McMullen County,28.14593418,-98.36237296,1.91545659941977,1.3476048999555237,2.0957920174122004,3.1623876603715355,4.642784569569264,6.645303905389531,9.285882132964227,12.678598818130084,16.921291154797387,86.0308229650491,21.971165879663317,107.98966852976392,101.9937139655653,22.79629537736013,138.0961300243047,29.73439098771743,37.49473795336008,109.03740959901768,47.48229637192821,55.48640510569166,232.4780781255353,191.61222337982505,12.044088107476895,24.20454071443301,14.233970377266084,16.58117138173944,24.35944804577302,19.84701162838353
Tyler County,30.68456443,-94.49850005,0.06515748232692888,0.0476656046120529,0.0747513287630738,0.1134650758160389,0.1672860838071587,0.2401630821755629,0.3363169376829835,0.4598844413679561,0.614371084945794,0.8273127925184257,1.0199561888974604,6.278709982832722,5.740419630536054,0.5828210529121997,1.7948730959132515,0.9796078775553636,1.291392662536759,2.2538011882985374,2.051224786635761,2.565759843117472,6.777627534418383,6.435662619477631,3.2470835824888264,6.926566610587994,4.445228080742285,5.699170330339536,8.794446566771269,8.75479110870315
Brazoria County,29.5703565,-95.42461309,0.14214362503023292,0.1144798978554639,0.1910470114461573,0.3104936955975643,0.4925567737194057,0.7638840789468841,1.1595693533940432,1.7248342812645885,2.516886901456954,3.788435768521453,5.065396992380068,16.41033748875065,17.48035873705217,10.656034221452162,32.84967690708974,18.99360846352773,25.856083216933406,45.10929123402686,44.46047465470279,58.04193849998146,115.83145485053028,124.65221487309132,104.38333136889982,196.1919087029389,155.05437626173335,199.0826831490894,286.7550859469855,308.412161169633
Blue Earth County,43.85294596,-93.84641518,0.009023766854168419,0.0138709151427231,0.0302072103197489,0.0610023066045016,0.1155743923193567,0.2073794833226314,0.3551280755780033,0.5839896924506471,0.9268069888051644,1.4251779918135707,2.130168793591308,3.1022813176049637,4.410119059463717,6.12698010157601,10.64701536216504,10.887094779691028,14.16441905982405,19.347410294926167,22.13811938991102,26.70843329884356,60.4280105979,56.586512997544666,28.421988878125944,97.41243601278636,16.515481297637002,16.756533632322412,52.02790447865374,3.437271778332457
Chickasaw County,42.91269261,-92.11168489,0.0033144010934331542,0.0040410060121643,0.0078940016089577,0.0145718403754315,0.0256162080375193,0.0431564303577317,0.0700404150630166,0.1099640347383207,0.1675818507289951,0.2485710637189255,0.3596052317474166,0.5081747847222278,0.7021697830755836,0.9491224313969356,4.631226790498849,1.3688484893551598,1.750236944552683,4.145116881283791,2.417064126404513,2.873098262818192,8.873222221865069,7.72286575773997,1.993971145067703,6.752684867864533,1.2310109804688163,1.2912721578266178,3.7715491198345497,0.5139406370119685
Harney County,43.19860125,-118.790355,0.24020874326841457,0.1864461907666019,0.3035840569185278,0.4799024489213825,0.7386314158415476,1.10923327505353,1.6278707186479853,2.337365212317552,3.2864086089934967,4.683846517275349,6.100641298624631,25.33517860833058,24.96786585938951,9.122557151843054,15.698171705223965,15.82736483243964,20.347140949717797,27.543573345754847,31.004960091919813,36.91805352053612,130.22779466614946,111.30922135432118,20.857017967987957,36.84116245093186,23.844917695014896,26.093771121222264,34.5092507687062,26.07937230283287
Poweshiek County,41.53491879,-92.68514792,0.01896321098962896,0.0220008760422834,0.0421068950004984,0.0764977344527506,0.1328248233960128,0.2216351084598981,0.3570142934219472,0.5572181551335057,0.8452046868378539,1.2489254743051124,1.8011604419427616,2.5385881933237893,3.4996871280653865,4.720991102516361,30.24531721117541,6.238954869561054,8.019316541919707,24.01623070395861,10.63432980169108,12.815072523759612,31.924513593523844,29.2779556071744,12.628302611195652,40.773560515438646,8.410086743482953,8.855793752641517,23.486552609639727,4.281986328326585
Knox County,39.96993092,-92.01395166,0.011764271135759452,0.01028307704483,0.0176724860493039,0.0293117941830283,0.0470631170047637,0.0733469574020313,0.111214556529055,0.1643915738817617,0.2372702372130807,0.5126217702881025,0.445199204660243,0.9760012197338044,1.1171754968256085,0.9600857394515504,7.273728807571294,1.1226617149116582,1.4115168333619692,5.231565164719174,1.6360055049283149,1.9105504668067863,7.6262857648650035,6.314249274553072,0.5204007499026341,1.7235324633850502,0.3328796420369911,0.3500512765550695,0.9776192917749156,0.1584639767251837
Franklin County,38.4997353,-91.3675038,0.14240734970535496,0.1179872345982384,0.1962466107667908,0.3152345044473759,0.4908218978381597,0.7429073394200693,1.0956157434728069,1.5771062810614518,2.2187779362663957,3.2386891388437142,4.095658726517409,12.990575856189473,13.339679899772255,6.941394766305868,75.05615132461674,6.198419020631294,7.785520827726331,47.95916962913709,6.722412526990682,8.039239539066555,22.7861581957492,20.235848995493782,6.591731661637992,21.65425067229261,4.286708837167841,4.517151042083168,12.366754407913948,2.0984786687933004
Iron County,37.67809039,-91.06236394,0.009261469255919946,0.0086087136179769,0.015206854563516,0.0258539346466171,0.0424406018702037,0.0674666638888512,0.1041370623098887,0.1564357380540158,0.2291549484091774,0.3278484274525486,0.4586662800457356,1.0609834922195096,1.2048268114261118,0.9977724930935986,4.506817844505549,1.430783382926223,1.8024311192776812,4.07103407183912,2.4130127664852807,2.7990516202733646,12.160424032746649,9.926386723577098,0.305102139091775,0.976694718097048,0.2144787341597918,0.2331233141814206,0.5915237446108363,0.1512876856466762
Iron County,46.39589899,-88.25976999,0.000987126798039777,0.0011359829543006,0.0021561308766255,0.0038808888744439,0.0066731329378485,0.0110261108451686,0.0175899082982733,0.0271961292796997,0.0408763440939981,0.0598672225653604,0.0855917476245917,0.1196016891990915,0.1634623511711402,0.2185581737241513,1.515313864859478,0.2728551713516756,0.3468000111866293,1.144235353685553,0.4327903583396754,0.513564083584456,1.6246304468294752,1.4064799575274411,0.3376464176029154,1.1489081795191451,0.2079835451592795,0.2212212712088275,0.652569753223584,0.1172417515221623
Langlade County,45.19646292,-88.88363925,0.0278304072904993,0.0204863550306758,0.032308050708623,0.0493554027155371,0.0732836370492759,0.1060209827137553,0.1497025801747268,0.2065362714530692,0.2785829476282345,0.5452475263062447,0.4567069968244082,2.47211945809819,2.302028260286042,0.3921917103715341,2.701211794840624,0.5070611396217173,0.6559632460072695,2.0976286634073427,0.8717889232121347,1.0660391621801772,2.229728415489106,2.166814799115767,1.3142215552847796,4.142986367290705,1.0080919158409278,1.1452014329934004,2.7197686691340697,0.9906322937090094
Waushara County,44.06230241,-89.11741448,0.05606222797265238,0.0415734197270539,0.0657615635807028,0.1008081761786652,0.1502864925064376,0.2184465101385941,0.3101235322618119,0.4305143994892245,0.5847847247018794,0.792006276344397,1.0104541219223302,5.496597923336444,5.132863321677239,0.9128970639839848,4.307933833396891,1.395496509623771,1.831093704665625,4.137901571136969,2.7339988297854103,3.3761862569708034,6.46161450591281,6.503007010421868,4.582588468289874,12.410977201748944,4.090981944976475,4.608969884971328,8.999398362511155,4.446325649394344
Richland County,43.41560313,-90.49937312,0.019595398082612896,0.0147939875248732,0.0237274237564811,0.0369849524825812,0.0562160039162438,0.0835128147949988,0.1214455397253735,0.1730618538513892,0.2418366953169978,0.331562653329518,0.4461840500218782,2.038639170878401,1.979764440443373,0.6164868012474266,2.233347200212291,1.0276199822568484,1.3639886006266,2.5793519767939443,2.155255444508433,2.6907950372392917,4.381889676976382,4.693142706972742,4.1082632652005895,10.599314901677127,3.845505147632945,4.327761649908161,7.959825885355912,4.21114354252408
Rock County,42.83835582,-89.33478091,0.03974840098718832,0.029307423832643,0.046323686199528,0.0709991045317017,0.1058794185596022,0.1540089754865411,0.2188761827156144,0.3042688798001135,0.4140146061404791,0.7112552591431643,0.7042429367833106,3.7686688547208034,3.5339153665572445,0.6777593128174851,1.7621481427569887,1.1551724977806284,1.5071753210312882,2.412815202229156,2.336491759641581,2.845775518650146,7.651482472527931,6.995396258735602,2.8513916414694664,5.964237110118183,3.0300219029897564,3.3587476137990047,5.078807567157759,3.393813619114579
Waukesha County,43.07262373,-88.23565775,0.06012869050750924,0.044962783532926,0.0715083601427974,0.1102016598560152,0.1651269396828059,0.2411701263288284,0.343933132834392,0.4795055224098383,0.6540500958338478,1.2432967989121455,1.10537860576057,5.384032057645176,5.106395204015035,1.2084983776366407,8.862074735928735,1.5175973812170782,1.965862630207954,6.71151554968778,2.5733884854807823,3.162994004198422,6.884210284642614,6.666102434907122,3.923422593548868,10.535955620253995,3.588013769187813,4.067649909081716,7.791388322196571,3.96921440362335
CAL Fire Lassen Modoc Plumas Unit,41.30824779,-121.4464046,0.24283385313212935,0.1830958580631162,0.293105788553764,0.4548215343391865,0.6862692029458973,1.0092621789773393,1.44916082903485,2.0340479291108244,2.793120029240559,6.729618141254261,4.652606780222866,19.9592995394782,19.338079593142613,6.078826164088093,46.64949141998483,7.218870418902689,9.18880875152662,33.902070478474265,11.091577252936668,13.243354282003445,39.06245595914766,34.39355630876671,10.186066767372486,31.647155150503465,7.016896138490461,7.293253996028002,18.282817983461317,3.424574258657314
DeKalb County,41.76580781,-88.79751098,0.8516234925798134,0.6153880555426418,0.9581124508707036,1.4428896986146544,2.109274226634113,3.000562853607423,4.160598290335608,5.628407394034994,7.430260151754192,10.860974275241318,11.888122032837073,79.88898208891479,72.0532483475501,3.697885261096679,12.68670105450424,6.1820859952166165,8.180993787370328,15.039964177027253,12.91553420908732,16.098212568160335,32.15203300079793,32.415181925139024,22.62493023192977,53.0564767543921,23.973065268963992,27.78158584809369,46.078605676103685,31.39652210902393
Macoupin County,39.3367648,-89.78363058,0.02640212283680196,0.0203471471942676,0.0335713848436564,0.0544322909265296,0.0869429922363104,0.1368774614640147,0.2122878083031983,0.3240726999563664,0.4865767260578168,1.044771756283686,1.0104160584758402,2.969101415610436,3.317989276371291,2.457348842312531,6.953643916761466,4.5191392791177645,6.1546512919147975,10.234529309831334,10.470252013478252,13.416798577546736,20.25232256420161,23.039410353776173,23.23937720851218,31.48157277282092,29.77585805327094,32.81895686647439,37.31583952150531,35.33334434430669
Tazewell County,40.36595616,-89.52274432,0.008148044210474926,0.0067052868151221,0.0120620191594494,0.0219518199911373,0.0399542410932235,0.0717908147509654,0.1261458792305607,0.2156451729385431,0.3579886348067363,0.577220804592837,0.905099847380474,1.9725770341778592,2.555109603412596,2.8551138812357566,4.727338217540047,5.776596218345056,7.986357668144652,11.156424638265412,14.268021580031144,18.49299240925388,23.90081279741977,29.30868338173472,34.7239108796063,41.72657373920862,46.052756277169365,50.73031769871398,54.57003886943709,55.42484802556356
Douglas County,39.76077104,-88.32037463,0.012706037165624023,0.0108042573950739,0.0184983853382882,0.0306860083840387,0.0494139748187114,0.0773826326031828,0.1180461910104552,0.1756882176262851,0.2554504751891248,0.4939171266637056,0.4931892340492285,1.3023907387996978,1.432164452351417,1.037245907404795,3.332739454183092,1.6284891445024323,2.069633164290049,3.703362948644111,2.95483812667098,3.466254864871752,13.35492659202638,11.143992571772722,1.2167273483389796,3.490671690083889,0.9657666129826362,1.0521255362904327,2.2822436559316173,0.8678587035119261
Shannon County,37.05321965,-91.29205837,0.030051090822045504,0.0250445734159212,0.0418170269574348,0.0674615236618036,0.1055298650675289,0.1605222017116602,0.2379576145979453,0.344365075781052,0.4871486060343162,0.6742724155726014,0.913710559997066,2.851949717328214,2.949936533973704,1.5981940640382175,15.832515531299505,1.572894268000122,1.99148863543541,10.457516856309644,1.993496442015939,2.3961580543065617,5.8991868610316445,5.405971722867222,2.335826385985527,8.037163122350591,1.368418629003599,1.409091172325501,4.359027242976432,0.4130547088110716
Lonoke County,34.68125955,-92.02589394,0.007308999790703815,0.0121933696185378,0.0276986487134054,0.0578711217699095,0.1126992474788274,0.206813621910501,0.3607975874099738,0.6026234612639276,0.9691384478318588,1.507458615179856,2.2760264858002466,3.344936514803339,4.794925846729117,6.714171265483108,10.821537993007356,12.184078057005888,15.965777187132728,21.385225891552302,25.410052924707024,30.90750181496202,55.09490702506462,55.22631289835344,39.45927341461218,138.35844982183735,21.899680736834657,22.074825167345093,72.65563629193103,2.824486585220793
Ouachita Parish,32.56645631,-91.92922355,8.579487578058611e-05,0.0001040935251446,0.0002061513125434,0.0003876925166953,0.0006960494618796,0.0011987796936744,0.0019892650397515,0.0031931949965656,0.0049760001193023,0.0075511291302101,0.0111887169443363,0.0162236748632988,0.0230616095194305,0.0321804483964964,0.151927898814985,0.051399693469268,0.069409795142497,0.154931638786005,0.1134678884919746,0.1484349587891364,0.2447301816512818,0.2864365582448008,0.3036562732789759,0.7179003003350684,0.4844570005599225,0.7167376202293523,1.2538328783597872,1.6279185924571604
Rankin County,32.31228173,-89.94310381,0.005552183050140123,0.0118497595130388,0.0299477438806167,0.0676796407496816,0.1399129694377344,0.2690631982709521,0.4874304259215036,0.8398378303013474,1.3864851688935598,2.205838513934636,3.3972262730952223,5.082578329064533,7.406407895745881,10.532684964027313,15.390572483904828,19.83294095944838,26.36583257266804,34.70084880594492,43.42648347075395,53.7318558529176,65.13191662815005,75.81855531364607,84.98365329780049,272.1488028809436,56.01497960772809,58.02939350142034,154.05327155402676,24.174768564451085
Chickasaw County,33.90483098,-88.95057971,0.0010854290658538785,0.0015190622797903,0.0031135156634238,0.0059498398929701,0.0107281679663944,0.0184195371944271,0.0303278307067958,0.0481528681090036,0.0740478733299813,0.11065961659347,0.1611323393949893,0.229046981135663,0.3182558947342156,0.4325625317927222,0.8030365515526001,0.7308826761551903,0.930298026318162,1.2878408275337851,1.3819465695394355,1.6263246174279915,6.568585977181386,5.476934508759352,0.5561891035388159,1.273541676366942,0.8108984793034824,1.1457582877123735,1.9692366802693169,2.412084914859088
Walker County,33.64251888,-87.33420755,0.023995371061739053,0.0347881813594851,0.0723896969160812,0.1400347851012717,0.2550475042998578,0.4415880020499705,0.7322405864019557,1.1696309307098949,1.8078971975977505,2.71371553039752,3.966398996858695,5.656344202307859,7.880802612385048,10.735653262366746,16.005036843200426,18.49593145327918,23.533092508821365,30.183226433708388,35.11238146461911,41.11237097004418,158.50356812139975,132.05105383662195,13.830466544349951,47.10705515850097,8.6055125965729,9.137154219736583,26.62312266316974,4.081238143621816
Sacramento County,38.40912626,-121.4370073,38.5536667604326,26.98341457178263,42.03857069839923,63.64457467428003,93.88178054786744,135.18648076106143,190.27916009868045,262.017006057195,353.1557217581476,2125.4987624571145,441.8307513460719,1750.9735061691135,1726.72971921817,647.145317683895,4548.789760984619,809.7458461383023,1034.25344122789,3438.990137336787,1306.964416017797,1564.834388636336,4614.766372067301,4074.758635702688,1236.0078995577203,3502.397509677242,967.2189916826644,1022.0316144135855,2186.2534699913867,650.5057664008667
Lowndes County,32.1705336,-86.45223669,0.0044777657286862406,0.0085481477448896,0.0207695273241114,0.0456664315468461,0.0924962241491257,0.1750572655850225,0.313037314611198,0.5335156670091316,0.8725577531127177,1.3767821948969672,2.104685666037335,3.127367212834172,4.528089620516828,6.399848791442295,10.550362592817311,11.81070903559727,15.61593017785018,21.169119402671218,25.31931815209764,31.114065554675825,38.20570720428521,43.71822359131824,47.52047238317949,167.9580427277388,25.947653264877967,26.10162239145296,87.71885208312187,2.6347430204142097
Walton County,30.60299528,-86.0233856,0.07423217621860402,0.0592601622443601,0.1015179549464016,0.1711211792603353,0.2831763071432238,0.4590415207235913,0.7278794023014663,1.1282681360190707,1.7097704062410384,4.1091405227589615,3.5251079045496256,8.75237195181282,10.19730178716515,8.851844216463356,16.292094041717895,16.182504111944926,21.407114213189185,30.047227863153772,34.655060071002595,42.672722944942535,56.40466845068253,63.15339069579977,64.60775738335053,218.1684676635624,39.40523494538514,40.797822066661695,120.1183602081468,13.708802088392517
Rutherford County,35.84707003,-86.38840824,1.2163728621064667,0.90964484006833,1.4434496866228606,2.2180380694439275,3.311989678202288,4.817961607274348,6.840178241950821,9.488842635854317,12.87058112153839,17.491742378866117,22.113730666018803,117.14305565512578,109.46169530731945,20.038628532890836,137.32844233675837,25.81818651157993,33.27907930586355,106.32137920247196,43.71317710517584,53.04811967878144,118.38591964521252,112.0965736292006,59.58317679013405,192.1226760493397,41.17256100306293,44.48393570144592,114.81531089556336,27.062942458431195
Trigg County,36.88033989,-87.70288407,0.0005230711675141255,0.0007410908314285,0.0015756770732613,0.0031342845486818,0.0058806813807048,0.0104844912532988,0.0178766227664521,0.0293088966836506,0.046413943192929,0.0712583422277499,0.1063772714797223,0.154772238328822,0.2198447238562031,0.3052284082051251,0.8022451744844473,0.5213964872372587,0.6807010141391758,1.0933916132013792,1.05278558564794,1.2779679751154915,2.401644126525573,2.3684431854398924,1.5761696197959107,5.57457276440576,0.8773616771655676,0.9055367732466304,2.9943654073153514,0.2620504608574792
Twiggs County,32.65498374,-83.44185834,0.9266687547876082,0.8934569198208533,1.6183533397350396,2.822376159106311,4.751163191054203,7.740481254803875,12.235405971771309,18.80880606381073,28.17663105617144,44.37400743527583,58.60621208832372,122.6351962630445,146.57580383485205,141.22878123213587,361.672772034145,233.17446851088857,298.85232652836766,474.4935942973516,443.7626823973666,527.169861486483,1943.7229237027452,1648.070147934338,261.82439204327216,367.2075602500623,330.7196657085222,363.84235084690187,420.3546861866034,387.3180189302306
Laurens County,34.68340161,-82.05850213,0.006173036996268634,0.0100714820886484,0.0227632497301716,0.047600786915515,0.0931726900153421,0.1724428420124083,0.3044416691757622,0.5166245908288088,0.8481754676307479,1.354551290203721,2.1135371167000683,3.23300218877982,4.860412867934964,7.1939661045294345,11.44807575250092,15.029344293387384,21.354371530277543,30.49471068169649,41.36730206502323,56.53403767152834,96.65494098288778,116.5756874803698,127.22222348901232,222.5009597307107,209.3707514718387,276.3666064965337,389.2676176561787,455.2936616687504
Clarendon County,33.66656218,-80.47018517,0.031172865818300095,0.0581746754313537,0.1434923510047586,0.3235101858214555,0.6745648593833385,1.3154052232810485,2.4221350740389576,4.245876782036831,7.133022400965731,11.547522035680448,18.09393154305025,27.538774408057588,40.82602804965053,59.08012472105417,91.11644100211822,115.17310137573423,156.26485865648073,212.00462661052916,269.5595642979292,343.13262707706104,486.6343837943975,561.7321058077052,592.5313601820889,1154.8511337471673,669.4809809231302,750.8365261480664,1072.3775361766798,799.1316795279952
Burke County,35.70354545,-81.46948528,2.063050958506076,1.5709148889753908,2.545587172576437,4.009456475375442,6.154074794376967,9.222256011229089,13.511877534093708,19.375567780700703,27.21442061630928,72.52019577437474,47.18625411155555,172.11616392406518,174.16929047461542,79.53304307332198,329.0126463368835,121.29664150512411,156.08456383132673,325.7018246253044,224.58061554550724,269.02845861896594,792.4254914798063,700.2873613243903,214.1196672489897,607.139622536014,169.6620872508517,181.1011139208269,385.4498844543947,123.71584702170648
Wayne County,35.43899188,-78.0631739,4.190904988364196,3.5893880043481143,6.137977453045471,10.165730211763597,16.345766924024936,25.568463659167197,38.976011380685016,57.988885621053086,84.31681205837337,129.43345241636615,166.16471076351922,457.0186720677482,496.7712398623685,341.9768164560985,1599.6081749311238,500.8620507582798,641.5070789075584,1467.939337213607,896.1153658601495,1067.3050937693736,3305.0003843445825,2880.244392573049,751.2202969666107,2278.672710456385,535.4667613900464,558.4480545702878,1340.0674274021776,285.85092477217603
Powhatan County,37.64107262,-78.02222606,0.028600959392558443,0.0485785074574544,0.115443825553883,0.2537321110983923,0.5197799340540311,1.0008298658891914,1.8257720232277708,3.17773063385219,5.308321099872337,8.553081958423729,13.347040927972133,20.23851444898498,29.89797264063198,43.117067571302606,73.64410969913133,82.90760727719551,112.15994163917884,156.0160894515341,191.63905610310883,243.036953104469,354.4947934212401,402.449985097916,408.8978891057328,788.3964889459123,455.0645982604818,503.5613691121311,711.7040076831903,512.529927039081
