plant type,location name,year,latitude (deg),longitude (deg),capacity (tonne),amount processed (tonne),amount received (tonne),amount in storage (tonne),utilization factor (%),energy (GJ),opening cost ($),expansion cost ($),fixed operating cost ($),variable operating cost ($),storage cost ($),total cost ($)
PV Recycling plant,"Hillsborough, Florida",1,28.0018,-82.3024,7200,39.58,39.58,0,0.55,34.67,1.54E+07,0,386584.54,33414.86,0,1.58E+07
PV Recycling plant,"Hillsborough, Florida",2,28.0018,-82.3024,7200,28.27,28.27,0,0.39,24.76,0,0,386584.54,23866.68,0,410451.22
PV Recycling plant,"Hillsborough, Florida",3,28.0018,-82.3024,7200,45.07,45.07,0,0.63,39.48,0,0,386584.54,38045.19,0,424629.73
PV Recycling plant,"Hillsborough, Florida",4,28.0018,-82.3024,7200,70.36,70.36,0,0.98,61.63,0,0,386584.54,59397.16,0,445981.7
PV Recycling plant,"Hillsborough, Florida",5,28.0018,-82.3024,7200,107.81,107.81,0,1.5,94.44,0,0,386584.54,91016.83,0,477601.37
PV Recycling plant,"Hillsborough, Florida",6,28.0018,-82.3024,7200,162.33,162.33,0,2.25,142.19,0,0,386584.54,137041.77,0,523626.31
PV Recycling plant,"Hillsborough, Florida",7,28.0018,-82.3024,7200,240.28,240.28,0,3.34,210.48,0,0,386584.54,202851.77,0,589436.31
PV Recycling plant,"Hillsborough, Florida",8,28.0018,-82.3024,7200,349.73,349.73,0,4.86,306.35,0,0,386584.54,295251.45,0,681835.99
PV Recycling plant,"Hillsborough, Florida",9,28.0018,-82.3024,7200,500.6,500.6,0,6.95,438.51,0,0,386584.54,422622.89,0,809207.43
PV Recycling plant,"Hillsborough, Florida",10,28.0018,-82.3024,7200,2012.99,2012.99,0,27.96,1763.32,0,0,386584.54,1.70E+06,0,2.09E+06
PV Recycling plant,"Hillsborough, Florida",11,28.0018,-82.3024,7200,850.12,850.12,0,11.81,744.68,0,0,386584.54,717693.76,0,1.10E+06
PV Recycling plant,"Hillsborough, Florida",12,28.0018,-82.3024,7200,7200,7200,0,100,6306.98,0,0,386584.54,6.08E+06,0,6.47E+06
PV Recycling plant,"Hillsborough, Florida",13,28.0018,-82.3024,7200,7200,7200,0,100,6306.98,0,0,386584.54,6.08E+06,0,6.47E+06
PV Recycling plant,"Hillsborough, Florida",14,28.0018,-82.3024,7200,1965.34,1965.34,0,27.3,1721.58,0,0,386584.54,1.66E+06,0,2.05E+06
PV Recycling plant,"Hillsborough, Florida",15,28.0018,-82.3024,7200,7200,8607,1407,100,7539.47,0,0,386584.54,6.08E+06,120298.5,6.59E+06
PV Recycling plant,"Hillsborough, Florida",16,28.0018,-82.3024,7200,4934.74,3527.74,0,68.54,3090.19,0,0,386584.54,4.17E+06,0,4.55E+06
PV Recycling plant,"Hillsborough, Florida",17,28.0018,-82.3024,7200,7200,7200,0,100,6306.98,0,0,386584.54,6.08E+06,0,6.47E+06
PV Recycling plant,"Hillsborough, Florida",18,28.0018,-82.3024,21600,21600,21600,0,100,18920.95,0,1.32E+07,1.15E+06,1.82E+07,0,3.26E+07
PV Recycling plant,"Hillsborough, Florida",19,28.0018,-82.3024,21600,21600,21600,0,100,18920.95,0,0,1.15E+06,1.82E+07,0,1.94E+07
PV Recycling plant,"Hillsborough, Florida",20,28.0018,-82.3024,21600,21600,21600,0,100,18920.95,0,0,1.15E+06,1.82E+07,0,1.94E+07
PV Recycling plant,"Hillsborough, Florida",21,28.0018,-82.3024,21600,21600,21600,0,100,18920.95,0,0,1.15E+06,1.82E+07,0,1.94E+07
PV Recycling plant,"Hillsborough, Florida",22,28.0018,-82.3024,21600,21600,23007,1407,100,20153.44,0,0,1.15E+06,1.82E+07,120298.5,1.95E+07
PV Recycling plant,"Hillsborough, Florida",23,28.0018,-82.3024,21600,21600,20193,0,100,17688.46,0,0,1.15E+06,1.82E+07,0,1.94E+07
PV Recycling plant,"Hillsborough, Florida",24,28.0018,-82.3024,21600,21600,23007,1407,100,20153.44,0,0,1.15E+06,1.82E+07,120298.5,1.95E+07
PV Recycling plant,"Hillsborough, Florida",25,28.0018,-82.3024,21600,21600,20193,0,100,17688.46,0,0,1.15E+06,1.82E+07,0,1.94E+07
PV Recycling plant,"Hillsborough, Florida",26,28.0018,-82.3024,21600,21600,21600,0,100,18920.95,0,0,1.15E+06,1.82E+07,0,1.94E+07
PV Recycling plant,"Hillsborough, Florida",27,28.0018,-82.3024,21600,21600,23007,1407,100,20153.44,0,0,1.15E+06,1.82E+07,120298.5,1.95E+07
PV Recycling plant,"Hillsborough, Florida",28,28.0018,-82.3024,21600,21600,20193,0,100,17688.46,0,0,1.15E+06,1.82E+07,0,1.94E+07
PV Recycling plant,"Clark, Arkansas",1,34.0848,-93.3217,7200,0,0,0,0,0,1.54E+07,0,386584.54,0,0,1.58E+07
PV Recycling plant,"Clark, Arkansas",2,34.0848,-93.3217,7200,0,0,0,0,0,0,0,386584.54,0,0,386584.54
PV Recycling plant,"Clark, Arkansas",3,34.0848,-93.3217,7200,0,0,0,0,0,0,0,386584.54,0,0,386584.54
PV Recycling plant,"Clark, Arkansas",4,34.0848,-93.3217,7200,0,0,0,0,0,0,0,386584.54,0,0,386584.54
PV Recycling plant,"Clark, Arkansas",5,34.0848,-93.3217,7200,0,0,0,0,0,0,0,386584.54,0,0,386584.54
PV Recycling plant,"Clark, Arkansas",6,34.0848,-93.3217,7200,0,0,0,0,0,0,0,386584.54,0,0,386584.54
PV Recycling plant,"Clark, Arkansas",7,34.0848,-93.3217,7200,0,0,0,0,0,0,0,386584.54,0,0,386584.54
PV Recycling plant,"Clark, Arkansas",8,34.0848,-93.3217,7200,0,0,0,0,0,0,0,386584.54,0,0,386584.54
PV Recycling plant,"Clark, Arkansas",9,34.0848,-93.3217,7200,0,0,0,0,0,0,0,386584.54,0,0,386584.54
PV Recycling plant,"Clark, Arkansas",10,34.0848,-93.3217,7200,0,0,0,0,0,0,0,386584.54,0,0,386584.54
PV Recycling plant,"Clark, Arkansas",11,34.0848,-93.3217,7200,0,0,0,0,0,0,0,386584.54,0,0,386584.54
PV Recycling plant,"Clark, Arkansas",12,34.0848,-93.3217,7200,7200,7200,0,100,6306.98,0,0,386584.54,6.08E+06,0,6.47E+06
PV Recycling plant,"Clark, Arkansas",13,34.0848,-93.3217,7200,7200,7200,0,100,6306.98,0,0,386584.54,6.08E+06,0,6.47E+06
PV Recycling plant,"Clark, Arkansas",14,34.0848,-93.3217,7200,0,0,0,0,0,0,0,386584.54,0,0,386584.54
PV Recycling plant,"Clark, Arkansas",15,34.0848,-93.3217,7200,7200,8607,1407,100,7539.47,0,0,386584.54,6.08E+06,120298.5,6.59E+06
PV Recycling plant,"Clark, Arkansas",16,34.0848,-93.3217,7200,1407,0,0,19.54,0,0,0,386584.54,1.19E+06,0,1.57E+06
PV Recycling plant,"Clark, Arkansas",17,34.0848,-93.3217,7200,7200,7200,0,100,6306.98,0,0,386584.54,6.08E+06,0,6.47E+06
PV Recycling plant,"Clark, Arkansas",18,34.0848,-93.3217,7200,7200,7200,0,100,6306.98,0,0,386584.54,6.08E+06,0,6.47E+06
PV Recycling plant,"Clark, Arkansas",19,34.0848,-93.3217,7200,0,0,0,0,0,0,0,386584.54,0,0,386584.54
PV Recycling plant,"Clark, Arkansas",20,34.0848,-93.3217,7200,7200,7200,0,100,6306.98,0,0,386584.54,6.08E+06,0,6.47E+06
PV Recycling plant,"Clark, Arkansas",21,34.0848,-93.3217,21600,21600,21873.93,273.93,100,19160.91,0,1.32E+07,1.15E+06,1.82E+07,23421,3.26E+07
PV Recycling plant,"Clark, Arkansas",22,34.0848,-93.3217,21600,21600,21326.07,0,100,18681,0,0,1.15E+06,1.82E+07,0,1.94E+07
PV Recycling plant,"Clark, Arkansas",23,34.0848,-93.3217,21600,0,0,0,0,0,0,0,1.15E+06,0,0,1.15E+06
PV Recycling plant,"Clark, Arkansas",24,34.0848,-93.3217,21600,21600,23007,1407,100,20153.44,0,0,1.15E+06,1.82E+07,120298.5,1.95E+07
PV Recycling plant,"Clark, Arkansas",25,34.0848,-93.3217,21600,17764.81,16357.81,0,82.24,14328.95,0,0,1.15E+06,1.50E+07,0,1.61E+07
PV Recycling plant,"Clark, Arkansas",26,34.0848,-93.3217,21600,21600,21600,0,100,18920.95,0,0,1.15E+06,1.82E+07,0,1.94E+07
PV Recycling plant,"Clark, Arkansas",27,34.0848,-93.3217,21600,21600,23007,1407,100,20153.44,0,0,1.15E+06,1.82E+07,120298.5,1.95E+07
PV Recycling plant,"Clark, Arkansas",28,34.0848,-93.3217,21600,21600,20193,0,100,17688.46,0,0,1.15E+06,1.82E+07,0,1.94E+07
PV Recycling plant,"Wake, North Carolina",1,35.8178,-78.2566,7200,0,0,0,0,0,1.81E+07,0,454406.4,0,0,1.85E+07
PV Recycling plant,"Wake, North Carolina",2,35.8178,-78.2566,7200,0,0,0,0,0,0,0,454406.4,0,0,454406.4
PV Recycling plant,"Wake, North Carolina",3,35.8178,-78.2566,7200,0,0,0,0,0,0,0,454406.4,0,0,454406.4
PV Recycling plant,"Wake, North Carolina",4,35.8178,-78.2566,7200,0,0,0,0,0,0,0,454406.4,0,0,454406.4
PV Recycling plant,"Wake, North Carolina",5,35.8178,-78.2566,7200,0,0,0,0,0,0,0,454406.4,0,0,454406.4
PV Recycling plant,"Wake, North Carolina",6,35.8178,-78.2566,7200,0,0,0,0,0,0,0,454406.4,0,0,454406.4
PV Recycling plant,"Wake, North Carolina",7,35.8178,-78.2566,7200,0,0,0,0,0,0,0,454406.4,0,0,454406.4
PV Recycling plant,"Wake, North Carolina",8,35.8178,-78.2566,7200,0,0,0,0,0,0,0,454406.4,0,0,454406.4
PV Recycling plant,"Wake, North Carolina",9,35.8178,-78.2566,7200,0,0,0,0,0,0,0,454406.4,0,0,454406.4
PV Recycling plant,"Wake, North Carolina",10,35.8178,-78.2566,7200,0,0,0,0,0,0,0,454406.4,0,0,454406.4
PV Recycling plant,"Wake, North Carolina",11,35.8178,-78.2566,7200,0,0,0,0,0,0,0,454406.4,0,0,454406.4
PV Recycling plant,"Wake, North Carolina",12,35.8178,-78.2566,7200,0,0,0,0,0,0,0,454406.4,0,0,454406.4
PV Recycling plant,"Wake, North Carolina",13,35.8178,-78.2566,7200,0,0,0,0,0,0,0,454406.4,0,0,454406.4
PV Recycling plant,"Wake, North Carolina",14,35.8178,-78.2566,7200,0,0,0,0,0,0,0,454406.4,0,0,454406.4
PV Recycling plant,"Wake, North Carolina",15,35.8178,-78.2566,7200,7200,7200,0,100,6306.98,0,0,454406.4,7.14E+06,0,7.60E+06
PV Recycling plant,"Wake, North Carolina",16,35.8178,-78.2566,7200,0,0,0,0,0,0,0,454406.4,0,0,454406.4
PV Recycling plant,"Wake, North Carolina",17,35.8178,-78.2566,7200,0,0,0,0,0,0,0,454406.4,0,0,454406.4
PV Recycling plant,"Wake, North Carolina",18,35.8178,-78.2566,7200,7200,7200,0,100,6306.98,0,0,454406.4,7.14E+06,0,7.60E+06
PV Recycling plant,"Wake, North Carolina",19,35.8178,-78.2566,7200,0,0,0,0,0,0,0,454406.4,0,0,454406.4
PV Recycling plant,"Wake, North Carolina",20,35.8178,-78.2566,7200,0,0,0,0,0,0,0,454406.4,0,0,454406.4
PV Recycling plant,"Wake, North Carolina",21,35.8178,-78.2566,15500.39,15500.39,15500.39,0,100,13577.88,0,8.96E+06,969581.52,1.54E+07,0,2.53E+07
PV Recycling plant,"Wake, North Carolina",22,35.8178,-78.2566,15500.39,15500.39,15500.39,0,100,13577.88,0,0,969581.52,1.54E+07,0,1.64E+07
PV Recycling plant,"Wake, North Carolina",23,35.8178,-78.2566,15500.39,0,0,0,0,0,0,0,969581.52,0,0,969581.52
PV Recycling plant,"Wake, North Carolina",24,35.8178,-78.2566,21600,21600,23007,1407,100,20153.44,0,6.58E+06,1.35E+06,2.14E+07,141403.5,2.95E+07
PV Recycling plant,"Wake, North Carolina",25,35.8178,-78.2566,21600,1407,0,0,6.51,0,0,0,1.35E+06,1.40E+06,0,2.74E+06
PV Recycling plant,"Wake, North Carolina",26,35.8178,-78.2566,21600,0,0,0,0,0,0,0,1.35E+06,0,0,1.35E+06
PV Recycling plant,"Wake, North Carolina",27,35.8178,-78.2566,21600,21600,23007,1407,100,20153.44,0,0,1.35E+06,2.14E+07,141403.5,2.29E+07
PV Recycling plant,"Wake, North Carolina",28,35.8178,-78.2566,21600,21600,20193,0,100,17688.46,0,0,1.35E+06,2.14E+07,0,2.28E+07
PV Recycling plant,"Maricopa, Arizona",1,33.4593,-111.9871,7200,0,0,0,0,0,1.78E+07,0,447624.21,0,0,1.83E+07
PV Recycling plant,"Maricopa, Arizona",2,33.4593,-111.9871,7200,0,0,0,0,0,0,0,447624.21,0,0,447624.21
PV Recycling plant,"Maricopa, Arizona",3,33.4593,-111.9871,7200,0,0,0,0,0,0,0,447624.21,0,0,447624.21
PV Recycling plant,"Maricopa, Arizona",4,33.4593,-111.9871,7200,0,0,0,0,0,0,0,447624.21,0,0,447624.21
PV Recycling plant,"Maricopa, Arizona",5,33.4593,-111.9871,7200,0,0,0,0,0,0,0,447624.21,0,0,447624.21
PV Recycling plant,"Maricopa, Arizona",6,33.4593,-111.9871,7200,0,0,0,0,0,0,0,447624.21,0,0,447624.21
PV Recycling plant,"Maricopa, Arizona",7,33.4593,-111.9871,7200,0,0,0,0,0,0,0,447624.21,0,0,447624.21
PV Recycling plant,"Maricopa, Arizona",8,33.4593,-111.9871,7200,0,0,0,0,0,0,0,447624.21,0,0,447624.21
PV Recycling plant,"Maricopa, Arizona",9,33.4593,-111.9871,7200,0,0,0,0,0,0,0,447624.21,0,0,447624.21
PV Recycling plant,"Maricopa, Arizona",10,33.4593,-111.9871,7200,7200,7200,0,100,6306.98,0,0,447624.21,7.04E+06,0,7.49E+06
PV Recycling plant,"Maricopa, Arizona",11,33.4593,-111.9871,7200,0,0,0,0,0,0,0,447624.21,0,0,447624.21
PV Recycling plant,"Maricopa, Arizona",12,33.4593,-111.9871,7200,7200,7200,0,100,6306.98,0,0,447624.21,7.04E+06,0,7.49E+06
PV Recycling plant,"Maricopa, Arizona",13,33.4593,-111.9871,7200,7200,7200,0,100,6306.98,0,0,447624.21,7.04E+06,0,7.49E+06
PV Recycling plant,"Maricopa, Arizona",14,33.4593,-111.9871,7200,0,0,0,0,0,0,0,447624.21,0,0,447624.21
PV Recycling plant,"Maricopa, Arizona",15,33.4593,-111.9871,7200,7200,8607,1407,100,7539.47,0,0,447624.21,7.04E+06,139293,7.63E+06
PV Recycling plant,"Maricopa, Arizona",16,33.4593,-111.9871,7200,2486.38,1079.38,0,34.53,945.51,0,0,447624.21,2.43E+06,0,2.88E+06
PV Recycling plant,"Maricopa, Arizona",17,33.4593,-111.9871,7200,7200,7200,0,100,6306.98,0,0,447624.21,7.04E+06,0,7.49E+06
PV Recycling plant,"Maricopa, Arizona",18,33.4593,-111.9871,7200,7200,7200,0,100,6306.98,0,0,447624.21,7.04E+06,0,7.49E+06
PV Recycling plant,"Maricopa, Arizona",19,33.4593,-111.9871,7200,7200,7200,0,100,6306.98,0,0,447624.21,7.04E+06,0,7.49E+06
PV Recycling plant,"Maricopa, Arizona",20,33.4593,-111.9871,7200,7200,7200,0,100,6306.98,0,0,447624.21,7.04E+06,0,7.49E+06
PV Recycling plant,"Maricopa, Arizona",21,33.4593,-111.9871,21600,21600,21600,0,100,18920.95,0,1.53E+07,1.33E+06,2.11E+07,0,3.78E+07
PV Recycling plant,"Maricopa, Arizona",22,33.4593,-111.9871,21600,21600,21600,0,100,18920.95,0,0,1.33E+06,2.11E+07,0,2.24E+07
PV Recycling plant,"Maricopa, Arizona",23,33.4593,-111.9871,21600,0,0,0,0,0,0,0,1.33E+06,0,0,1.33E+06
PV Recycling plant,"Maricopa, Arizona",24,33.4593,-111.9871,21600,21600,23007,1407,100,20153.44,0,0,1.33E+06,2.11E+07,139293,2.26E+07
PV Recycling plant,"Maricopa, Arizona",25,33.4593,-111.9871,21600,1407,0,0,6.51,0,0,0,1.33E+06,1.38E+06,0,2.70E+06
PV Recycling plant,"Maricopa, Arizona",26,33.4593,-111.9871,21600,3917.03,3917.03,0,18.13,3431.2,0,0,1.33E+06,3.83E+06,0,5.16E+06
PV Recycling plant,"Maricopa, Arizona",27,33.4593,-111.9871,21600,21600,23007,1407,100,20153.44,0,0,1.33E+06,2.11E+07,139293,2.26E+07
PV Recycling plant,"Maricopa, Arizona",28,33.4593,-111.9871,21600,21600,20193,0,100,17688.46,0,0,1.33E+06,2.11E+07,0,2.24E+07
PV Recycling plant,"Clark, Nevada",1,36.2891,-115.0799,7200,1328.59,1328.59,0,18.45,1163.81,1.67E+07,0,420495.47,1.22E+06,0,1.84E+07
PV Recycling plant,"Clark, Nevada",2,36.2891,-115.0799,7200,947.06,947.06,0,13.15,829.59,0,0,420495.47,869663.93,0,1.29E+06
PV Recycling plant,"Clark, Nevada",3,36.2891,-115.0799,7200,1482.93,1482.93,0,20.6,1299,0,0,420495.47,1.36E+06,0,1.78E+06
PV Recycling plant,"Clark, Nevada",4,36.2891,-115.0799,7200,2254.03,2254.03,0,31.31,1974.46,0,0,420495.47,2.07E+06,0,2.49E+06
PV Recycling plant,"Clark, Nevada",5,36.2891,-115.0799,7200,3335.23,3335.23,0,46.32,2921.56,0,0,420495.47,3.06E+06,0,3.48E+06
PV Recycling plant,"Clark, Nevada",6,36.2891,-115.0799,7200,4814.13,4814.13,0,66.86,4217.04,0,0,420495.47,4.42E+06,0,4.84E+06
PV Recycling plant,"Clark, Nevada",7,36.2891,-115.0799,7200,6788.42,6788.42,0,94.28,5946.45,0,0,420495.47,6.23E+06,0,6.65E+06
PV Recycling plant,"Clark, Nevada",8,36.2891,-115.0799,7200,7200,7200,0,100,6306.98,0,0,420495.47,6.61E+06,0,7.03E+06
PV Recycling plant,"Clark, Nevada",9,36.2891,-115.0799,7748.34,7748.34,7748.34,0,100,6787.31,0,547726.84,451988.9,7.12E+06,0,8.11E+06
PV Recycling plant,"Clark, Nevada",10,36.2891,-115.0799,12709.12,12709.12,12709.12,0,100,11132.81,0,4.96E+06,736909.3,1.17E+07,0,1.74E+07
PV Recycling plant,"Clark, Nevada",11,36.2891,-115.0799,12709.12,12709.12,12709.12,0,100,11132.81,0,0,736909.3,1.17E+07,0,1.24E+07
PV Recycling plant,"Clark, Nevada",12,36.2891,-115.0799,21600,21600,21600,0,100,18920.95,0,8.88E+06,1.25E+06,1.98E+07,0,3.00E+07
PV Recycling plant,"Clark, Nevada",13,36.2891,-115.0799,21600,21600,23007,1407,100,20153.44,0,0,1.25E+06,1.98E+07,130851,2.12E+07
PV Recycling plant,"Clark, Nevada",14,36.2891,-115.0799,21600,21600,20193,0,100,17688.46,0,0,1.25E+06,1.98E+07,0,2.11E+07
PV Recycling plant,"Clark, Nevada",15,36.2891,-115.0799,21600,21600,23007,1407,100,20153.44,0,0,1.25E+06,1.98E+07,130851,2.12E+07
PV Recycling plant,"Clark, Nevada",16,36.2891,-115.0799,21600,21600,20193,0,100,17688.46,0,0,1.25E+06,1.98E+07,0,2.11E+07
PV Recycling plant,"Clark, Nevada",17,36.2891,-115.0799,21600,21600,21600,0,100,18920.95,0,0,1.25E+06,1.98E+07,0,2.11E+07
PV Recycling plant,"Clark, Nevada",18,36.2891,-115.0799,21600,21600,21600,0,100,18920.95,0,0,1.25E+06,1.98E+07,0,2.11E+07
PV Recycling plant,"Clark, Nevada",19,36.2891,-115.0799,21600,21600,21600,0,100,18920.95,0,0,1.25E+06,1.98E+07,0,2.11E+07
PV Recycling plant,"Clark, Nevada",20,36.2891,-115.0799,21600,21600,21600,0,100,18920.95,0,0,1.25E+06,1.98E+07,0,2.11E+07
PV Recycling plant,"Clark, Nevada",21,36.2891,-115.0799,21600,21600,21600,0,100,18920.95,0,0,1.25E+06,1.98E+07,0,2.11E+07
PV Recycling plant,"Clark, Nevada",22,36.2891,-115.0799,21600,21600,21600,0,100,18920.95,0,0,1.25E+06,1.98E+07,0,2.11E+07
PV Recycling plant,"Clark, Nevada",23,36.2891,-115.0799,21600,21600,21600,0,100,18920.95,0,0,1.25E+06,1.98E+07,0,2.11E+07
PV Recycling plant,"Clark, Nevada",24,36.2891,-115.0799,21600,21600,23007,1407,100,20153.44,0,0,1.25E+06,1.98E+07,130851,2.12E+07
PV Recycling plant,"Clark, Nevada",25,36.2891,-115.0799,21600,21600,20193,0,100,17688.46,0,0,1.25E+06,1.98E+07,0,2.11E+07
PV Recycling plant,"Clark, Nevada",26,36.2891,-115.0799,21600,21600,21600,0,100,18920.95,0,0,1.25E+06,1.98E+07,0,2.11E+07
PV Recycling plant,"Clark, Nevada",27,36.2891,-115.0799,21600,21600,23007,1407,100,20153.44,0,0,1.25E+06,1.98E+07,130851,2.12E+07
PV Recycling plant,"Clark, Nevada",28,36.2891,-115.0799,21600,21600,20193,0,100,17688.46,0,0,1.25E+06,1.98E+07,0,2.11E+07
PV Recycling plant,"Lincoln, Wyoming",1,41.7752,-110.2924,7200,0,0,0,0,0,1.78E+07,0,447624.21,0,0,1.83E+07
PV Recycling plant,"Lincoln, Wyoming",2,41.7752,-110.2924,7200,0,0,0,0,0,0,0,447624.21,0,0,447624.21
PV Recycling plant,"Lincoln, Wyoming",3,41.7752,-110.2924,7200,0,0,0,0,0,0,0,447624.21,0,0,447624.21
PV Recycling plant,"Lincoln, Wyoming",4,41.7752,-110.2924,7200,0,0,0,0,0,0,0,447624.21,0,0,447624.21
PV Recycling plant,"Lincoln, Wyoming",5,41.7752,-110.2924,7200,0,0,0,0,0,0,0,447624.21,0,0,447624.21
PV Recycling plant,"Lincoln, Wyoming",6,41.7752,-110.2924,7200,0,0,0,0,0,0,0,447624.21,0,0,447624.21
PV Recycling plant,"Lincoln, Wyoming",7,41.7752,-110.2924,7200,0,0,0,0,0,0,0,447624.21,0,0,447624.21
PV Recycling plant,"Lincoln, Wyoming",8,41.7752,-110.2924,7200,0,0,0,0,0,0,0,447624.21,0,0,447624.21
PV Recycling plant,"Lincoln, Wyoming",9,41.7752,-110.2924,7200,8.6,8.6,0,0.12,7.54,0,0,447624.21,8411.12,0,456035.33
PV Recycling plant,"Lincoln, Wyoming",10,41.7752,-110.2924,7200,7200,7200,0,100,6306.98,0,0,447624.21,7.04E+06,0,7.49E+06
PV Recycling plant,"Lincoln, Wyoming",11,41.7752,-110.2924,7200,21.83,21.83,0,0.3,19.12,0,0,447624.21,21340.77,0,468964.98
PV Recycling plant,"Lincoln, Wyoming",12,41.7752,-110.2924,7200,7200,7200,0,100,6306.98,0,0,447624.21,7.04E+06,0,7.49E+06
PV Recycling plant,"Lincoln, Wyoming",13,41.7752,-110.2924,7200,7200,7200,0,100,6306.98,0,0,447624.21,7.04E+06,0,7.49E+06
PV Recycling plant,"Lincoln, Wyoming",14,41.7752,-110.2924,7200,70.92,70.92,0,0.98,62.12,0,0,447624.21,69325.88,0,516950.09
PV Recycling plant,"Lincoln, Wyoming",15,41.7752,-110.2924,7200,7200,7204.83,4.83,100,6311.21,0,0,447624.21,7.04E+06,478.11,7.49E+06
PV Recycling plant,"Lincoln, Wyoming",16,41.7752,-110.2924,7200,359.93,355.1,0,5,311.06,0,0,447624.21,351838.24,0,799462.45
PV Recycling plant,"Lincoln, Wyoming",17,41.7752,-110.2924,7200,7200,7200,0,100,6306.98,0,0,447624.21,7.04E+06,0,7.49E+06
PV Recycling plant,"Lincoln, Wyoming",18,41.7752,-110.2924,7200,7200,7200,0,100,6306.98,0,0,447624.21,7.04E+06,0,7.49E+06
PV Recycling plant,"Lincoln, Wyoming",19,41.7752,-110.2924,7200,7200,7200,0,100,6306.98,0,0,447624.21,7.04E+06,0,7.49E+06
PV Recycling plant,"Lincoln, Wyoming",20,41.7752,-110.2924,7200,7200,7200,0,100,6306.98,0,0,447624.21,7.04E+06,0,7.49E+06
PV Recycling plant,"Lincoln, Wyoming",21,41.7752,-110.2924,21600,21600,21600,0,100,18920.95,0,1.53E+07,1.33E+06,2.11E+07,0,3.78E+07
PV Recycling plant,"Lincoln, Wyoming",22,41.7752,-110.2924,21600,21600,21600,0,100,18920.95,0,0,1.33E+06,2.11E+07,0,2.24E+07
PV Recycling plant,"Lincoln, Wyoming",23,41.7752,-110.2924,21600,666.7,666.7,0,3.09,584.01,0,0,1.33E+06,651713.29,0,1.98E+06
PV Recycling plant,"Lincoln, Wyoming",24,41.7752,-110.2924,21600,21600,23007,1407,100,20153.44,0,0,1.33E+06,2.11E+07,139293,2.26E+07
PV Recycling plant,"Lincoln, Wyoming",25,41.7752,-110.2924,21600,2318.88,911.88,0,10.74,798.78,0,0,1.33E+06,2.27E+06,0,3.59E+06
PV Recycling plant,"Lincoln, Wyoming",26,41.7752,-110.2924,21600,3025.15,3025.15,0,14.01,2649.94,0,0,1.33E+06,2.96E+06,0,4.29E+06
PV Recycling plant,"Lincoln, Wyoming",27,41.7752,-110.2924,21600,21600,23007,1407,100,20153.44,0,0,1.33E+06,2.11E+07,139293,2.26E+07
PV Recycling plant,"Lincoln, Wyoming",28,41.7752,-110.2924,21600,21474.1,20067.1,0,99.42,17578.18,0,0,1.33E+06,2.10E+07,0,2.23E+07
PV Recycling plant,"Christian, Kentucky",1,36.8785,-87.5084,7200,42.03,42.03,0,0.58,36.82,1.54E+07,0,386584.54,35486.13,0,1.58E+07
PV Recycling plant,"Christian, Kentucky",2,36.8785,-87.5084,7200,33.69,33.69,0,0.47,29.51,0,0,386584.54,28444.15,0,415028.69
PV Recycling plant,"Christian, Kentucky",3,36.8785,-87.5084,7200,55.89,55.89,0,0.78,48.96,0,0,386584.54,47182.72,0,433767.26
PV Recycling plant,"Christian, Kentucky",4,36.8785,-87.5084,7200,90.11,90.11,0,1.25,78.93,0,0,386584.54,76071.53,0,462656.07
PV Recycling plant,"Christian, Kentucky",5,36.8785,-87.5084,7200,141.56,141.56,0,1.97,124.01,0,0,386584.54,119512.73,0,506097.27
PV Recycling plant,"Christian, Kentucky",6,36.8785,-87.5084,7200,217.13,217.13,0,3.02,190.2,0,0,386584.54,183304.42,0,569888.96
PV Recycling plant,"Christian, Kentucky",7,36.8785,-87.5084,7200,325.61,325.61,0,4.52,285.23,0,0,386584.54,274889.27,0,661473.81
PV Recycling plant,"Christian, Kentucky",8,36.8785,-87.5084,7200,478.08,478.08,0,6.64,418.78,0,0,386584.54,403604.97,0,790189.51
PV Recycling plant,"Christian, Kentucky",9,36.8785,-87.5084,7200,688.13,688.13,0,9.56,602.78,0,0,386584.54,580939.03,0,967523.57
PV Recycling plant,"Christian, Kentucky",10,36.8785,-87.5084,7200,3300.56,3300.56,0,45.84,2891.2,0,0,386584.54,2.79E+06,0,3.17E+06
PV Recycling plant,"Christian, Kentucky",11,36.8785,-87.5084,7200,3063.13,3063.13,0,42.54,2683.21,0,0,386584.54,2.59E+06,0,2.97E+06
PV Recycling plant,"Christian, Kentucky",12,36.8785,-87.5084,7200,7200,7200,0,100,6306.98,0,0,386584.54,6.08E+06,0,6.47E+06
PV Recycling plant,"Christian, Kentucky",13,36.8785,-87.5084,7200,7200,7200,0,100,6306.98,0,0,386584.54,6.08E+06,0,6.47E+06
PV Recycling plant,"Christian, Kentucky",14,36.8785,-87.5084,7200,3368.62,3368.62,0,46.79,2950.81,0,0,386584.54,2.84E+06,0,3.23E+06
PV Recycling plant,"Christian, Kentucky",15,36.8785,-87.5084,21511.8,21511.8,22918.8,1407,100,20076.18,0,1.31E+07,1.14E+06,1.82E+07,120298.5,3.26E+07
PV Recycling plant,"Christian, Kentucky",16,36.8785,-87.5084,21511.8,13805.24,12398.24,0,64.18,10860.49,0,0,1.14E+06,1.17E+07,0,1.28E+07
PV Recycling plant,"Christian, Kentucky",17,36.8785,-87.5084,21511.8,21511.8,21511.8,0,100,18843.69,0,0,1.14E+06,1.82E+07,0,1.93E+07
PV Recycling plant,"Christian, Kentucky",18,36.8785,-87.5084,21600,21600,22571.75,971.75,100,19772.18,0,80998.05,1.15E+06,1.82E+07,83084.97,1.95E+07
PV Recycling plant,"Christian, Kentucky",19,36.8785,-87.5084,21600,21600,20628.25,0,100,18069.72,0,0,1.15E+06,1.82E+07,0,1.94E+07
PV Recycling plant,"Christian, Kentucky",20,36.8785,-87.5084,21600,21600,21600,0,100,18920.95,0,0,1.15E+06,1.82E+07,0,1.94E+07
PV Recycling plant,"Christian, Kentucky",21,36.8785,-87.5084,21600,21600,22160.32,560.32,100,19411.78,0,0,1.15E+06,1.82E+07,47907.46,1.94E+07
PV Recycling plant,"Christian, Kentucky",22,36.8785,-87.5084,21600,21600,22446.68,1407,100,19662.62,0,0,1.15E+06,1.82E+07,120298.5,1.95E+07
PV Recycling plant,"Christian, Kentucky",23,36.8785,-87.5084,21600,21600,20193,0,100,17688.46,0,0,1.15E+06,1.82E+07,0,1.94E+07
PV Recycling plant,"Christian, Kentucky",24,36.8785,-87.5084,21600,21600,23007,1407,100,20153.44,0,0,1.15E+06,1.82E+07,120298.5,1.95E+07
PV Recycling plant,"Christian, Kentucky",25,36.8785,-87.5084,21600,21600,20193,0,100,17688.46,0,0,1.15E+06,1.82E+07,0,1.94E+07
PV Recycling plant,"Christian, Kentucky",26,36.8785,-87.5084,21600,21600,21600,0,100,18920.95,0,0,1.15E+06,1.82E+07,0,1.94E+07
PV Recycling plant,"Christian, Kentucky",27,36.8785,-87.5084,21600,21600,23007,1407,100,20153.44,0,0,1.15E+06,1.82E+07,120298.5,1.95E+07
PV Recycling plant,"Christian, Kentucky",28,36.8785,-87.5084,21600,21600,20193,0,100,17688.46,0,0,1.15E+06,1.82E+07,0,1.94E+07
PV Recycling plant,"DeKalb, Alabama",1,34.4443,-85.7196,7200,14.91,14.91,0,0.21,13.06,1.54E+07,0,386584.54,12590.28,0,1.58E+07
PV Recycling plant,"DeKalb, Alabama",2,34.4443,-85.7196,7200,14.62,14.62,0,0.2,12.81,0,0,386584.54,12344.4,0,398928.94
PV Recycling plant,"DeKalb, Alabama",3,34.4443,-85.7196,7200,26.71,26.71,0,0.37,23.39,0,0,386584.54,22545.35,0,409129.89
PV Recycling plant,"DeKalb, Alabama",4,34.4443,-85.7196,7200,46.92,46.92,0,0.65,41.1,0,0,386584.54,39614.47,0,426199.01
PV Recycling plant,"DeKalb, Alabama",5,34.4443,-85.7196,7200,79.53,79.53,0,1.1,69.66,0,0,386584.54,67137.45,0,453721.99
PV Recycling plant,"DeKalb, Alabama",6,34.4443,-85.7196,7200,130.35,130.35,0,1.81,114.18,0,0,386584.54,110041.89,0,496626.43
PV Recycling plant,"DeKalb, Alabama",7,34.4443,-85.7196,7200,207.16,207.16,0,2.88,181.47,0,0,386584.54,174893.82,0,561478.36
PV Recycling plant,"DeKalb, Alabama",8,34.4443,-85.7196,7200,320.04,320.04,0,4.44,280.35,0,0,386584.54,270190.59,0,656775.13
PV Recycling plant,"DeKalb, Alabama",9,34.4443,-85.7196,7200,481.64,481.64,0,6.69,421.9,0,0,386584.54,406615.08,0,793199.62
PV Recycling plant,"DeKalb, Alabama",10,34.4443,-85.7196,7200,3496.97,3496.97,0,48.57,3063.24,0,0,386584.54,2.95E+06,0,3.34E+06
PV Recycling plant,"DeKalb, Alabama",11,34.4443,-85.7196,7200,4592.93,4592.93,0,63.79,4023.27,0,0,386584.54,3.88E+06,0,4.26E+06
PV Recycling plant,"DeKalb, Alabama",12,34.4443,-85.7196,7200,7200,7200,0,100,6306.98,0,0,386584.54,6.08E+06,0,6.47E+06
PV Recycling plant,"DeKalb, Alabama",13,34.4443,-85.7196,7200,7200,7200,0,100,6306.98,0,0,386584.54,6.08E+06,0,6.47E+06
PV Recycling plant,"DeKalb, Alabama",14,34.4443,-85.7196,7200,4797.74,4797.74,0,66.64,4202.68,0,0,386584.54,4.05E+06,0,4.44E+06
PV Recycling plant,"DeKalb, Alabama",15,34.4443,-85.7196,21289.39,21289.39,22696.39,1407,100,19881.36,0,1.29E+07,1.13E+06,1.80E+07,120298.5,3.22E+07
PV Recycling plant,"DeKalb, Alabama",16,34.4443,-85.7196,21289.39,21289.39,19882.39,0,100,17416.38,0,0,1.13E+06,1.80E+07,0,1.91E+07
PV Recycling plant,"DeKalb, Alabama",17,34.4443,-85.7196,21289.39,21289.39,21289.39,0,100,18648.87,0,0,1.13E+06,1.80E+07,0,1.91E+07
PV Recycling plant,"DeKalb, Alabama",18,34.4443,-85.7196,21600,21600,21600,0,100,18920.95,0,285239.61,1.15E+06,1.82E+07,0,1.97E+07
PV Recycling plant,"DeKalb, Alabama",19,34.4443,-85.7196,21600,21600,21600,0,100,18920.95,0,0,1.15E+06,1.82E+07,0,1.94E+07
PV Recycling plant,"DeKalb, Alabama",20,34.4443,-85.7196,21600,21600,21600,0,100,18920.95,0,0,1.15E+06,1.82E+07,0,1.94E+07
PV Recycling plant,"DeKalb, Alabama",21,34.4443,-85.7196,21600,21600,21600,0,100,18920.95,0,0,1.15E+06,1.82E+07,0,1.94E+07
PV Recycling plant,"DeKalb, Alabama",22,34.4443,-85.7196,21600,21600,23007,1407,100,20153.44,0,0,1.15E+06,1.82E+07,120298.5,1.95E+07
PV Recycling plant,"DeKalb, Alabama",23,34.4443,-85.7196,21600,21600,20193,0,100,17688.46,0,0,1.15E+06,1.82E+07,0,1.94E+07
PV Recycling plant,"DeKalb, Alabama",24,34.4443,-85.7196,21600,21600,23007,1407,100,20153.44,0,0,1.15E+06,1.82E+07,120298.5,1.95E+07
PV Recycling plant,"DeKalb, Alabama",25,34.4443,-85.7196,21600,21600,20193,0,100,17688.46,0,0,1.15E+06,1.82E+07,0,1.94E+07
PV Recycling plant,"DeKalb, Alabama",26,34.4443,-85.7196,21600,21600,21600,0,100,18920.95,0,0,1.15E+06,1.82E+07,0,1.94E+07
PV Recycling plant,"DeKalb, Alabama",27,34.4443,-85.7196,21600,21600,23007,1407,100,20153.44,0,0,1.15E+06,1.82E+07,120298.5,1.95E+07
PV Recycling plant,"DeKalb, Alabama",28,34.4443,-85.7196,21600,21600,20193,0,100,17688.46,0,0,1.15E+06,1.82E+07,0,1.94E+07
PV Recycling plant,"Flathead, Montana",1,48.2666,-114.3303,7200,6.24,6.24,0,0.09,5.46,1.78E+07,0,447624.21,6098.04,0,1.83E+07
PV Recycling plant,"Flathead, Montana",2,48.2666,-114.3303,7200,4.83,4.83,0,0.07,4.23,0,0,447624.21,4718.64,0,452342.85
PV Recycling plant,"Flathead, Montana",3,48.2666,-114.3303,7200,7.84,7.84,0,0.11,6.87,0,0,447624.21,7662.17,0,455286.38
PV Recycling plant,"Flathead, Montana",4,48.2666,-114.3303,7200,12.36,12.36,0,0.17,10.82,0,0,447624.21,12078.99,0,459703.2
PV Recycling plant,"Flathead, Montana",5,48.2666,-114.3303,7200,18.97,18.97,0,0.26,16.62,0,0,447624.21,18543.16,0,466167.37
PV Recycling plant,"Flathead, Montana",6,48.2666,-114.3303,7200,28.42,28.42,0,0.39,24.9,0,0,447624.21,27782.55,0,475406.76
PV Recycling plant,"Flathead, Montana",7,48.2666,-114.3303,7200,41.63,41.63,0,0.58,36.46,0,0,447624.21,40691.03,0,488315.24
PV Recycling plant,"Flathead, Montana",8,48.2666,-114.3303,7200,59.67,59.67,0,0.83,52.27,0,0,447624.21,58330.41,0,505954.62
PV Recycling plant,"Flathead, Montana",9,48.2666,-114.3303,7200,319.58,319.58,0,4.44,279.94,0,0,447624.21,312399.17,0,760023.38
PV Recycling plant,"Flathead, Montana",10,48.2666,-114.3303,7200,830.94,830.94,0,11.54,727.88,0,0,447624.21,812261.95,0,1.26E+06
PV Recycling plant,"Flathead, Montana",11,48.2666,-114.3303,7200,154.91,154.91,0,2.15,135.7,0,0,447624.21,151431.28,0,599055.49
PV Recycling plant,"Flathead, Montana",12,48.2666,-114.3303,7200,5821.04,5821.04,0,80.85,5099.05,0,0,447624.21,5.69E+06,0,6.14E+06
PV Recycling plant,"Flathead, Montana",13,48.2666,-114.3303,7200,7200,7200,0,100,6306.98,0,0,447624.21,7.04E+06,0,7.49E+06
PV Recycling plant,"Flathead, Montana",14,48.2666,-114.3303,7200,679.42,679.42,0,9.44,595.15,0,0,447624.21,664149.46,0,1.11E+06
PV Recycling plant,"Flathead, Montana",15,48.2666,-114.3303,7200,7200,7200,0,100,6306.98,0,0,447624.21,7.04E+06,0,7.49E+06
PV Recycling plant,"Flathead, Montana",16,48.2666,-114.3303,7200,1289.5,1289.5,0,17.91,1129.57,0,0,447624.21,1.26E+06,0,1.71E+06
PV Recycling plant,"Flathead, Montana",17,48.2666,-114.3303,7200,2380.82,2380.82,0,33.07,2085.52,0,0,447624.21,2.33E+06,0,2.77E+06
PV Recycling plant,"Flathead, Montana",18,48.2666,-114.3303,7200,7200,7200,0,100,6306.98,0,0,447624.21,7.04E+06,0,7.49E+06
PV Recycling plant,"Flathead, Montana",19,48.2666,-114.3303,7200,3216.9,3216.9,0,44.68,2817.91,0,0,447624.21,3.14E+06,0,3.59E+06
PV Recycling plant,"Flathead, Montana",20,48.2666,-114.3303,7200,3913.9,3913.9,0,54.36,3428.46,0,0,447624.21,3.83E+06,0,4.27E+06
PV Recycling plant,"Flathead, Montana",21,48.2666,-114.3303,17714.03,17714.03,17714.03,0,100,15516.96,0,1.12E+07,1.09E+06,1.73E+07,0,2.96E+07
PV Recycling plant,"Flathead, Montana",22,48.2666,-114.3303,17714.03,17714.03,17714.03,0,100,15516.96,0,0,1.09E+06,1.73E+07,0,1.84E+07
PV Recycling plant,"Flathead, Montana",23,48.2666,-114.3303,17714.03,3526.06,3526.06,0,19.91,3088.73,0,0,1.09E+06,3.45E+06,0,4.54E+06
PV Recycling plant,"Flathead, Montana",24,48.2666,-114.3303,17714.03,17714.03,19121.03,1407,100,16749.44,0,0,1.09E+06,1.73E+07,139293,1.85E+07
PV Recycling plant,"Flathead, Montana",25,48.2666,-114.3303,17714.03,5661.27,4254.27,0,31.96,3726.61,0,0,1.09E+06,5.53E+06,0,6.62E+06
PV Recycling plant,"Flathead, Montana",26,48.2666,-114.3303,17714.03,5291.3,5291.3,0,29.87,4635.02,0,0,1.09E+06,5.17E+06,0,6.26E+06
PV Recycling plant,"Flathead, Montana",27,48.2666,-114.3303,19038.9,19038.9,20445.9,1407,100,17909.99,0,1.41E+06,1.17E+06,1.86E+07,139293,2.13E+07
PV Recycling plant,"Flathead, Montana",28,48.2666,-114.3303,19038.9,8788.32,7381.32,0,46.16,6465.82,0,0,1.17E+06,8.59E+06,0,9.76E+06
PV Recycling plant,"Saline, Arkansas",1,34.5451,-92.6309,7200,0.11,0.11,0,0,0.1,1.54E+07,0,386584.54,95.52,0,1.58E+07
PV Recycling plant,"Saline, Arkansas",2,34.5451,-92.6309,7200,0.19,0.19,0,0,0.16,0,0,386584.54,158.41,0,386742.95
PV Recycling plant,"Saline, Arkansas",3,34.5451,-92.6309,7200,0.43,0.43,0,0.01,0.37,0,0,386584.54,359.15,0,386943.69
PV Recycling plant,"Saline, Arkansas",4,34.5451,-92.6309,7200,0.89,0.89,0,0.01,0.78,0,0,386584.54,749.46,0,387334
PV Recycling plant,"Saline, Arkansas",5,34.5451,-92.6309,7200,1.73,1.73,0,0.02,1.51,0,0,386584.54,1458.52,0,388043.06
PV Recycling plant,"Saline, Arkansas",6,34.5451,-92.6309,7200,3.17,3.17,0,0.04,2.78,0,0,386584.54,2675.8,0,389260.34
PV Recycling plant,"Saline, Arkansas",7,34.5451,-92.6309,7200,5.53,5.53,0,0.08,4.84,0,0,386584.54,4668.54,0,391253.08
PV Recycling plant,"Saline, Arkansas",8,34.5451,-92.6309,7200,9.24,9.24,0,0.13,8.09,0,0,386584.54,7801.08,0,394385.62
PV Recycling plant,"Saline, Arkansas",9,34.5451,-92.6309,7200,14.87,14.87,0,0.21,13.03,0,0,386584.54,12555.27,0,399139.81
PV Recycling plant,"Saline, Arkansas",10,34.5451,-92.6309,7200,23.16,23.16,0,0.32,20.29,0,0,386584.54,19550.31,0,406134.85
PV Recycling plant,"Saline, Arkansas",11,34.5451,-92.6309,7200,35.01,35.01,0,0.49,30.67,0,0,386584.54,29558.82,0,416143.36
PV Recycling plant,"Saline, Arkansas",12,34.5451,-92.6309,7200,7200,7200,0,100,6306.98,0,0,386584.54,6.08E+06,0,6.47E+06
PV Recycling plant,"Saline, Arkansas",13,34.5451,-92.6309,7200,7200,7200,0,100,6306.98,0,0,386584.54,6.08E+06,0,6.47E+06
PV Recycling plant,"Saline, Arkansas",14,34.5451,-92.6309,7200,103.91,103.91,0,1.44,91.02,0,0,386584.54,87725.26,0,474309.8
PV Recycling plant,"Saline, Arkansas",15,34.5451,-92.6309,7200,7200,7200,0,100,6306.98,0,0,386584.54,6.08E+06,0,6.47E+06
PV Recycling plant,"Saline, Arkansas",16,34.5451,-92.6309,7200,193.34,193.34,0,2.69,169.36,0,0,386584.54,163224.38,0,549808.92
PV Recycling plant,"Saline, Arkansas",17,34.5451,-92.6309,7200,4565.17,4565.17,0,63.41,3998.96,0,0,386584.54,3.85E+06,0,4.24E+06
PV Recycling plant,"Saline, Arkansas",18,34.5451,-92.6309,7200,7200,7200,0,100,6306.98,0,0,386584.54,6.08E+06,0,6.47E+06
PV Recycling plant,"Saline, Arkansas",19,34.5451,-92.6309,7200,5705.91,5705.91,0,79.25,4998.21,0,0,386584.54,4.82E+06,0,5.20E+06
PV Recycling plant,"Saline, Arkansas",20,34.5451,-92.6309,7200,7200,7200,0,100,6306.98,0,0,386584.54,6.08E+06,0,6.47E+06
PV Recycling plant,"Saline, Arkansas",21,34.5451,-92.6309,21600,21600,23007,1407,100,20153.44,0,1.32E+07,1.15E+06,1.82E+07,120298.5,3.27E+07
PV Recycling plant,"Saline, Arkansas",22,34.5451,-92.6309,21600,21600,20193,0,100,17688.46,0,0,1.15E+06,1.82E+07,0,1.94E+07
PV Recycling plant,"Saline, Arkansas",23,34.5451,-92.6309,21600,953.41,953.41,0,4.41,835.16,0,0,1.15E+06,804891.18,0,1.95E+06
PV Recycling plant,"Saline, Arkansas",24,34.5451,-92.6309,21600,21600,23007,1407,100,20153.44,0,0,1.15E+06,1.82E+07,120298.5,1.95E+07
PV Recycling plant,"Saline, Arkansas",25,34.5451,-92.6309,21600,21600,20193,0,100,17688.46,0,0,1.15E+06,1.82E+07,0,1.94E+07
PV Recycling plant,"Saline, Arkansas",26,34.5451,-92.6309,21600,21600,21600,0,100,18920.95,0,0,1.15E+06,1.82E+07,0,1.94E+07
PV Recycling plant,"Saline, Arkansas",27,34.5451,-92.6309,21600,21600,23007,1407,100,20153.44,0,0,1.15E+06,1.82E+07,120298.5,1.95E+07
PV Recycling plant,"Saline, Arkansas",28,34.5451,-92.6309,21600,21600,20193,0,100,17688.46,0,0,1.15E+06,1.82E+07,0,1.94E+07
PV Recycling plant,"Sarasota, Florida",1,27.0209,-82.3906,7200,17.99,17.99,0,0.25,15.76,1.54E+07,0,386584.54,15184.71,0,1.58E+07
PV Recycling plant,"Sarasota, Florida",2,27.0209,-82.3906,7200,11.96,11.96,0,0.17,10.48,0,0,386584.54,10097.21,0,396681.75
PV Recycling plant,"Sarasota, Florida",3,27.0209,-82.3906,7200,18.42,18.42,0,0.26,16.14,0,0,386584.54,15554.43,0,402138.97
PV Recycling plant,"Sarasota, Florida",4,27.0209,-82.3906,7200,27.78,27.78,0,0.39,24.34,0,0,386584.54,23456.78,0,410041.32
PV Recycling plant,"Sarasota, Florida",5,27.0209,-82.3906,7200,41.13,41.13,0,0.57,36.03,0,0,386584.54,34720.67,0,421305.21
PV Recycling plant,"Sarasota, Florida",6,27.0209,-82.3906,7200,59.85,59.85,0,0.83,52.43,0,0,386584.54,50529.25,0,437113.79
PV Recycling plant,"Sarasota, Florida",7,27.0209,-82.3906,7200,85.74,85.74,0,1.19,75.1,0,0,386584.54,72379.97,0,458964.51
PV Recycling plant,"Sarasota, Florida",8,27.0209,-82.3906,7200,120.99,120.99,0,1.68,105.98,0,0,386584.54,102139.85,0,488724.39
PV Recycling plant,"Sarasota, Florida",9,27.0209,-82.3906,7200,168.34,168.34,0,2.34,147.46,0,0,386584.54,142117.56,0,528702.1
PV Recycling plant,"Sarasota, Florida",10,27.0209,-82.3906,7200,1134.71,1134.71,0,15.76,993.97,0,0,386584.54,957951.68,0,1.34E+06
PV Recycling plant,"Sarasota, Florida",11,27.0209,-82.3906,7200,226.47,226.47,0,3.15,198.38,0,0,386584.54,191195.48,0,577780.02
PV Recycling plant,"Sarasota, Florida",12,27.0209,-82.3906,7200,542.31,542.31,0,7.53,475.05,0,0,386584.54,457835.58,0,844420.12
PV Recycling plant,"Sarasota, Florida",13,27.0209,-82.3906,7200,3229.36,3229.36,0,44.85,2828.82,0,0,386584.54,2.73E+06,0,3.11E+06
PV Recycling plant,"Sarasota, Florida",14,27.0209,-82.3906,7200,562.25,562.25,0,7.81,492.52,0,0,386584.54,474670.53,0,861255.07
PV Recycling plant,"Sarasota, Florida",15,27.0209,-82.3906,7200,7200,8607,1407,100,7539.47,0,0,386584.54,6.08E+06,120298.5,6.59E+06
PV Recycling plant,"Sarasota, Florida",16,27.0209,-82.3906,7200,2516.62,1109.62,0,34.95,972,0,0,386584.54,2.12E+06,0,2.51E+06
PV Recycling plant,"Sarasota, Florida",17,27.0209,-82.3906,7200,7200,7200,0,100,6306.98,0,0,386584.54,6.08E+06,0,6.47E+06
PV Recycling plant,"Sarasota, Florida",18,27.0209,-82.3906,7200,7200,7200,0,100,6306.98,0,0,386584.54,6.08E+06,0,6.47E+06
PV Recycling plant,"Sarasota, Florida",19,27.0209,-82.3906,7200,7200,7200,0,100,6306.98,0,0,386584.54,6.08E+06,0,6.47E+06
PV Recycling plant,"Sarasota, Florida",20,27.0209,-82.3906,7200,7200,7200,0,100,6306.98,0,0,386584.54,6.08E+06,0,6.47E+06
PV Recycling plant,"Sarasota, Florida",21,27.0209,-82.3906,21600,21600,21600,0,100,18920.95,0,1.32E+07,1.15E+06,1.82E+07,0,3.26E+07
PV Recycling plant,"Sarasota, Florida",22,27.0209,-82.3906,21600,21600,23007,1407,100,20153.44,0,0,1.15E+06,1.82E+07,120298.5,1.95E+07
PV Recycling plant,"Sarasota, Florida",23,27.0209,-82.3906,21600,21600,20193,0,100,17688.46,0,0,1.15E+06,1.82E+07,0,1.94E+07
PV Recycling plant,"Sarasota, Florida",24,27.0209,-82.3906,21600,21600,23007,1407,100,20153.44,0,0,1.15E+06,1.82E+07,120298.5,1.95E+07
PV Recycling plant,"Sarasota, Florida",25,27.0209,-82.3906,21600,21600,20193,0,100,17688.46,0,0,1.15E+06,1.82E+07,0,1.94E+07
PV Recycling plant,"Sarasota, Florida",26,27.0209,-82.3906,21600,21600,21600,0,100,18920.95,0,0,1.15E+06,1.82E+07,0,1.94E+07
PV Recycling plant,"Sarasota, Florida",27,27.0209,-82.3906,21600,21600,23007,1407,100,20153.44,0,0,1.15E+06,1.82E+07,120298.5,1.95E+07
PV Recycling plant,"Sarasota, Florida",28,27.0209,-82.3906,21600,21600,20193,0,100,17688.46,0,0,1.15E+06,1.82E+07,0,1.94E+07
PV Recycling plant,"Sebastian, Arkansas",1,35.3274,-94.3876,7200,5.22,5.22,0,0.07,4.57,1.54E+07,0,386584.54,4407.51,0,1.58E+07
PV Recycling plant,"Sebastian, Arkansas",2,35.3274,-94.3876,7200,5.28,5.28,0,0.07,4.63,0,0,386584.54,4460.19,0,391044.73
PV Recycling plant,"Sebastian, Arkansas",3,35.3274,-94.3876,7200,9.62,9.62,0,0.13,8.42,0,0,386584.54,8118.52,0,394703.06
PV Recycling plant,"Sebastian, Arkansas",4,35.3274,-94.3876,7200,16.77,16.77,0,0.23,14.69,0,0,386584.54,14161.37,0,400745.91
PV Recycling plant,"Sebastian, Arkansas",5,35.3274,-94.3876,7200,28.17,28.17,0,0.39,24.67,0,0,386584.54,23780.6,0,410365.14
PV Recycling plant,"Sebastian, Arkansas",6,35.3274,-94.3876,7200,45.72,45.72,0,0.64,40.05,0,0,386584.54,38597.77,0,425182.31
PV Recycling plant,"Sebastian, Arkansas",7,35.3274,-94.3876,7200,71.98,71.98,0,1,63.05,0,0,386584.54,60769.39,0,447353.93
PV Recycling plant,"Sebastian, Arkansas",8,35.3274,-94.3876,7200,110.3,110.3,0,1.53,96.62,0,0,386584.54,93118.42,0,479702.96
PV Recycling plant,"Sebastian, Arkansas",9,35.3274,-94.3876,7200,176.38,176.38,0,2.45,154.5,0,0,386584.54,148904.49,0,535489.03
PV Recycling plant,"Sebastian, Arkansas",10,35.3274,-94.3876,7200,7200,7200,0,100,6306.98,0,0,386584.54,6.08E+06,0,6.47E+06
PV Recycling plant,"Sebastian, Arkansas",11,35.3274,-94.3876,7200,374.76,374.76,0,5.2,328.28,0,0,386584.54,316384.12,0,702968.66
PV Recycling plant,"Sebastian, Arkansas",12,35.3274,-94.3876,7200,7200,7200,0,100,6306.98,0,0,386584.54,6.08E+06,0,6.47E+06
PV Recycling plant,"Sebastian, Arkansas",13,35.3274,-94.3876,7200,7200,7200,0,100,6306.98,0,0,386584.54,6.08E+06,0,6.47E+06
PV Recycling plant,"Sebastian, Arkansas",14,35.3274,-94.3876,7200,1013.11,1013.11,0,14.07,887.45,0,0,386584.54,855292.2,0,1.24E+06
PV Recycling plant,"Sebastian, Arkansas",15,35.3274,-94.3876,7200,7200,8607,1407,100,7539.47,0,0,386584.54,6.08E+06,120298.5,6.59E+06
PV Recycling plant,"Sebastian, Arkansas",16,35.3274,-94.3876,7200,5183.78,3776.78,0,72,3308.34,0,0,386584.54,4.38E+06,0,4.76E+06
PV Recycling plant,"Sebastian, Arkansas",17,35.3274,-94.3876,7200,7200,7200,0,100,6306.98,0,0,386584.54,6.08E+06,0,6.47E+06
PV Recycling plant,"Sebastian, Arkansas",18,35.3274,-94.3876,7200,7200,7247.38,47.38,100,6348.48,0,0,386584.54,6.08E+06,4050.68,6.47E+06
PV Recycling plant,"Sebastian, Arkansas",19,35.3274,-94.3876,7200,7200,7152.62,0,100,6265.48,0,0,386584.54,6.08E+06,0,6.47E+06
PV Recycling plant,"Sebastian, Arkansas",20,35.3274,-94.3876,7200,7200,7200,0,100,6306.98,0,0,386584.54,6.08E+06,0,6.47E+06
PV Recycling plant,"Sebastian, Arkansas",21,35.3274,-94.3876,21600,21600,23007,1407,100,20153.44,0,1.32E+07,1.15E+06,1.82E+07,120298.5,3.27E+07
PV Recycling plant,"Sebastian, Arkansas",22,35.3274,-94.3876,21600,21600,20193,0,100,17688.46,0,0,1.15E+06,1.82E+07,0,1.94E+07
PV Recycling plant,"Sebastian, Arkansas",23,35.3274,-94.3876,21600,18228.68,18228.68,0,84.39,15967.78,0,0,1.15E+06,1.54E+07,0,1.65E+07
PV Recycling plant,"Sebastian, Arkansas",24,35.3274,-94.3876,21600,21600,23007,1407,100,20153.44,0,0,1.15E+06,1.82E+07,120298.5,1.95E+07
PV Recycling plant,"Sebastian, Arkansas",25,35.3274,-94.3876,21600,21600,20193,0,100,17688.46,0,0,1.15E+06,1.82E+07,0,1.94E+07
PV Recycling plant,"Sebastian, Arkansas",26,35.3274,-94.3876,21600,21600,21600,0,100,18920.95,0,0,1.15E+06,1.82E+07,0,1.94E+07
PV Recycling plant,"Sebastian, Arkansas",27,35.3274,-94.3876,21600,21600,23007,1407,100,20153.44,0,0,1.15E+06,1.82E+07,120298.5,1.95E+07
PV Recycling plant,"Sebastian, Arkansas",28,35.3274,-94.3876,21600,21600,20193,0,100,17688.46,0,0,1.15E+06,1.82E+07,0,1.94E+07
PV Recycling plant,"Cleveland, Oklahoma",1,35.3343,-97.5121,7200,0,0,0,0,0,1.67E+07,0,420495.47,0,0,1.72E+07
PV Recycling plant,"Cleveland, Oklahoma",2,35.3343,-97.5121,7200,0,0,0,0,0,0,0,420495.47,0,0,420495.47
PV Recycling plant,"Cleveland, Oklahoma",3,35.3343,-97.5121,7200,0,0,0,0,0,0,0,420495.47,0,0,420495.47
PV Recycling plant,"Cleveland, Oklahoma",4,35.3343,-97.5121,7200,0,0,0,0,0,0,0,420495.47,0,0,420495.47
PV Recycling plant,"Cleveland, Oklahoma",5,35.3343,-97.5121,7200,0,0,0,0,0,0,0,420495.47,0,0,420495.47
PV Recycling plant,"Cleveland, Oklahoma",6,35.3343,-97.5121,7200,0,0,0,0,0,0,0,420495.47,0,0,420495.47
PV Recycling plant,"Cleveland, Oklahoma",7,35.3343,-97.5121,7200,0,0,0,0,0,0,0,420495.47,0,0,420495.47
PV Recycling plant,"Cleveland, Oklahoma",8,35.3343,-97.5121,7200,0,0,0,0,0,0,0,420495.47,0,0,420495.47
PV Recycling plant,"Cleveland, Oklahoma",9,35.3343,-97.5121,7200,0,0,0,0,0,0,0,420495.47,0,0,420495.47
PV Recycling plant,"Cleveland, Oklahoma",10,35.3343,-97.5121,7200,0,0,0,0,0,0,0,420495.47,0,0,420495.47
PV Recycling plant,"Cleveland, Oklahoma",11,35.3343,-97.5121,7200,0,0,0,0,0,0,0,420495.47,0,0,420495.47
PV Recycling plant,"Cleveland, Oklahoma",12,35.3343,-97.5121,7200,0,0,0,0,0,0,0,420495.47,0,0,420495.47
PV Recycling plant,"Cleveland, Oklahoma",13,35.3343,-97.5121,7200,0,0,0,0,0,0,0,420495.47,0,0,420495.47
PV Recycling plant,"Cleveland, Oklahoma",14,35.3343,-97.5121,7200,0,0,0,0,0,0,0,420495.47,0,0,420495.47
PV Recycling plant,"Cleveland, Oklahoma",15,35.3343,-97.5121,7200,7200,7200,0,100,6306.98,0,0,420495.47,6.61E+06,0,7.03E+06
PV Recycling plant,"Cleveland, Oklahoma",16,35.3343,-97.5121,7200,0,0,0,0,0,0,0,420495.47,0,0,420495.47
PV Recycling plant,"Cleveland, Oklahoma",17,35.3343,-97.5121,7200,0,0,0,0,0,0,0,420495.47,0,0,420495.47
PV Recycling plant,"Cleveland, Oklahoma",18,35.3343,-97.5121,7200,7200,7200,0,100,6306.98,0,0,420495.47,6.61E+06,0,7.03E+06
PV Recycling plant,"Cleveland, Oklahoma",19,35.3343,-97.5121,7200,0,0,0,0,0,0,0,420495.47,0,0,420495.47
PV Recycling plant,"Cleveland, Oklahoma",20,35.3343,-97.5121,7200,0,0,0,0,0,0,0,420495.47,0,0,420495.47
PV Recycling plant,"Cleveland, Oklahoma",21,35.3343,-97.5121,7200,7200,7508.5,308.5,100,6577.22,0,0,420495.47,6.61E+06,28690.76,7.06E+06
PV Recycling plant,"Cleveland, Oklahoma",22,35.3343,-97.5121,7200,7200,6891.5,0,100,6036.74,0,0,420495.47,6.61E+06,0,7.03E+06
PV Recycling plant,"Cleveland, Oklahoma",23,35.3343,-97.5121,7200,0,0,0,0,0,0,0,420495.47,0,0,420495.47
PV Recycling plant,"Cleveland, Oklahoma",24,35.3343,-97.5121,7200,7200,8607,1407,100,7539.47,0,0,420495.47,6.61E+06,130851,7.16E+06
PV Recycling plant,"Cleveland, Oklahoma",25,35.3343,-97.5121,7200,1407,0,0,19.54,0,0,0,420495.47,1.29E+06,0,1.71E+06
PV Recycling plant,"Cleveland, Oklahoma",26,35.3343,-97.5121,7200,0,0,0,0,0,0,0,420495.47,0,0,420495.47
PV Recycling plant,"Cleveland, Oklahoma",27,35.3343,-97.5121,21600,21600,23007,1407,100,20153.44,0,1.44E+07,1.25E+06,1.98E+07,130851,3.56E+07
PV Recycling plant,"Cleveland, Oklahoma",28,35.3343,-97.5121,21600,21600,20193,0,100,17688.46,0,0,1.25E+06,1.98E+07,0,2.11E+07
PV Recycling plant,"Sullivan, Tennessee",1,36.5545,-82.0964,7200,471.28,471.28,0,6.55,412.83,1.54E+07,0,386584.54,397867.65,0,1.62E+07
PV Recycling plant,"Sullivan, Tennessee",2,36.5545,-82.0964,7200,366.99,366.99,0,5.1,321.47,0,0,386584.54,309824.49,0,696409.03
PV Recycling plant,"Sullivan, Tennessee",3,36.5545,-82.0964,7200,599.4,599.4,0,8.32,525.05,0,0,386584.54,506026.65,0,892611.19
PV Recycling plant,"Sullivan, Tennessee",4,36.5545,-82.0964,7200,951.25,951.25,0,13.21,833.26,0,0,386584.54,803067.82,0,1.19E+06
PV Recycling plant,"Sullivan, Tennessee",5,36.5545,-82.0964,7200,1471.19,1471.19,0,20.43,1288.72,0,0,386584.54,1.24E+06,0,1.63E+06
PV Recycling plant,"Sullivan, Tennessee",6,36.5545,-82.0964,7200,2222.09,2222.09,0,30.86,1946.48,0,0,386584.54,1.88E+06,0,2.26E+06
PV Recycling plant,"Sullivan, Tennessee",7,36.5545,-82.0964,7200,3282.75,3282.75,0,45.59,2875.59,0,0,386584.54,2.77E+06,0,3.16E+06
PV Recycling plant,"Sullivan, Tennessee",8,36.5545,-82.0964,7200,4748.94,4748.94,0,65.96,4159.93,0,0,386584.54,4.01E+06,0,4.40E+06
PV Recycling plant,"Sullivan, Tennessee",9,36.5545,-82.0964,7200,6733.13,6733.13,0,93.52,5898.02,0,0,386584.54,5.68E+06,0,6.07E+06
PV Recycling plant,"Sullivan, Tennessee",10,36.5545,-82.0964,7200,7200,7200,0,100,6306.98,0,0,386584.54,6.08E+06,0,6.47E+06
PV Recycling plant,"Sullivan, Tennessee",11,36.5545,-82.0964,7200,7200,7200,0,100,6306.98,0,0,386584.54,6.08E+06,0,6.47E+06
PV Recycling plant,"Sullivan, Tennessee",12,36.5545,-82.0964,21600,21600,21600,0,100,18920.95,0,1.32E+07,1.15E+06,1.82E+07,0,3.26E+07
PV Recycling plant,"Sullivan, Tennessee",13,36.5545,-82.0964,21600,21600,21600,0,100,18920.95,0,0,1.15E+06,1.82E+07,0,1.94E+07
PV Recycling plant,"Sullivan, Tennessee",14,36.5545,-82.0964,21600,21600,21600,0,100,18920.95,0,0,1.15E+06,1.82E+07,0,1.94E+07
PV Recycling plant,"Sullivan, Tennessee",15,36.5545,-82.0964,21600,21600,23007,1407,100,20153.44,0,0,1.15E+06,1.82E+07,120298.5,1.95E+07
PV Recycling plant,"Sullivan, Tennessee",16,36.5545,-82.0964,21600,21600,20193,0,100,17688.46,0,0,1.15E+06,1.82E+07,0,1.94E+07
PV Recycling plant,"Sullivan, Tennessee",17,36.5545,-82.0964,21600,21600,21600,0,100,18920.95,0,0,1.15E+06,1.82E+07,0,1.94E+07
PV Recycling plant,"Sullivan, Tennessee",18,36.5545,-82.0964,21600,21600,21600,0,100,18920.95,0,0,1.15E+06,1.82E+07,0,1.94E+07
PV Recycling plant,"Sullivan, Tennessee",19,36.5545,-82.0964,21600,21600,21600,0,100,18920.95,0,0,1.15E+06,1.82E+07,0,1.94E+07
PV Recycling plant,"Sullivan, Tennessee",20,36.5545,-82.0964,21600,21600,21600,0,100,18920.95,0,0,1.15E+06,1.82E+07,0,1.94E+07
PV Recycling plant,"Sullivan, Tennessee",21,36.5545,-82.0964,21600,21600,23007,1407,100,20153.44,0,0,1.15E+06,1.82E+07,120298.5,1.95E+07
PV Recycling plant,"Sullivan, Tennessee",22,36.5545,-82.0964,21600,21600,21600,1407,100,18920.95,0,0,1.15E+06,1.82E+07,120298.5,1.95E+07
PV Recycling plant,"Sullivan, Tennessee",23,36.5545,-82.0964,21600,21600,20193,0,100,17688.46,0,0,1.15E+06,1.82E+07,0,1.94E+07
PV Recycling plant,"Sullivan, Tennessee",24,36.5545,-82.0964,21600,21600,23007,1407,100,20153.44,0,0,1.15E+06,1.82E+07,120298.5,1.95E+07
PV Recycling plant,"Sullivan, Tennessee",25,36.5545,-82.0964,21600,21600,20193,0,100,17688.46,0,0,1.15E+06,1.82E+07,0,1.94E+07
PV Recycling plant,"Sullivan, Tennessee",26,36.5545,-82.0964,21600,21600,21600,0,100,18920.95,0,0,1.15E+06,1.82E+07,0,1.94E+07
PV Recycling plant,"Sullivan, Tennessee",27,36.5545,-82.0964,21600,21600,23007,1407,100,20153.44,0,0,1.15E+06,1.82E+07,120298.5,1.95E+07
PV Recycling plant,"Sullivan, Tennessee",28,36.5545,-82.0964,21600,21600,20193,0,100,17688.46,0,0,1.15E+06,1.82E+07,0,1.94E+07
PV Recycling plant,"Harris, Texas",1,29.6776,-95.4934,7200,3.21,3.21,0,0.04,2.81,1.54E+07,0,386584.54,2706.47,0,1.58E+07
PV Recycling plant,"Harris, Texas",2,29.6776,-95.4934,7200,2.52,2.52,0,0.03,2.2,0,0,386584.54,2124.92,0,388709.46
PV Recycling plant,"Harris, Texas",3,29.6776,-95.4934,7200,4.13,4.13,0,0.06,3.62,0,0,386584.54,3489.5,0,390074.04
PV Recycling plant,"Harris, Texas",4,29.6776,-95.4934,7200,6.6,6.6,0,0.09,5.79,0,0,386584.54,5575.55,0,392160.09
PV Recycling plant,"Harris, Texas",5,29.6776,-95.4934,7200,10.3,10.3,0,0.14,9.02,0,0,386584.54,8693.21,0,395277.75
PV Recycling plant,"Harris, Texas",6,29.6776,-95.4934,7200,15.7,15.7,0,0.22,13.75,0,0,386584.54,13255.94,0,399840.48
PV Recycling plant,"Harris, Texas",7,29.6776,-95.4934,7200,23.46,23.46,0,0.33,20.55,0,0,386584.54,19808.43,0,406392.97
PV Recycling plant,"Harris, Texas",8,29.6776,-95.4934,7200,34.43,34.43,0,0.48,30.16,0,0,386584.54,29067.39,0,415651.93
PV Recycling plant,"Harris, Texas",9,29.6776,-95.4934,7200,49.73,49.73,0,0.69,43.56,0,0,386584.54,41984.57,0,428569.11
PV Recycling plant,"Harris, Texas",10,29.6776,-95.4934,7200,1488.79,1488.79,0,20.68,1304.13,0,0,386584.54,1.26E+06,0,1.64E+06
PV Recycling plant,"Harris, Texas",11,29.6776,-95.4934,7200,99.71,99.71,0,1.38,87.34,0,0,386584.54,84179.19,0,470763.73
PV Recycling plant,"Harris, Texas",12,29.6776,-95.4934,7200,7200,7200,0,100,6306.98,0,0,386584.54,6.08E+06,0,6.47E+06
PV Recycling plant,"Harris, Texas",13,29.6776,-95.4934,7200,7200,7200,0,100,6306.98,0,0,386584.54,6.08E+06,0,6.47E+06
PV Recycling plant,"Harris, Texas",14,29.6776,-95.4934,7200,236.49,236.49,0,3.28,207.16,0,0,386584.54,199654.36,0,586238.9
PV Recycling plant,"Harris, Texas",15,29.6776,-95.4934,7200,7200,8607,1407,100,7539.47,0,0,386584.54,6.08E+06,120298.5,6.59E+06
PV Recycling plant,"Harris, Texas",16,29.6776,-95.4934,7200,1888.13,481.13,0,26.22,421.45,0,0,386584.54,1.59E+06,0,1.98E+06
PV Recycling plant,"Harris, Texas",17,29.6776,-95.4934,7200,7200,7200,0,100,6306.98,0,0,386584.54,6.08E+06,0,6.47E+06
PV Recycling plant,"Harris, Texas",18,29.6776,-95.4934,7200,7200,7200,0,100,6306.98,0,0,386584.54,6.08E+06,0,6.47E+06
PV Recycling plant,"Harris, Texas",19,29.6776,-95.4934,7200,3050.59,3050.59,0,42.37,2672.22,0,0,386584.54,2.58E+06,0,2.96E+06
PV Recycling plant,"Harris, Texas",20,29.6776,-95.4934,7200,4085.81,4085.81,0,56.75,3579.05,0,0,386584.54,3.45E+06,0,3.84E+06
PV Recycling plant,"Harris, Texas",21,29.6776,-95.4934,21600,21600,23007,1407,100,20153.44,0,1.32E+07,1.15E+06,1.82E+07,120298.5,3.27E+07
PV Recycling plant,"Harris, Texas",22,29.6776,-95.4934,21600,21600,20193,0,100,17688.46,0,0,1.15E+06,1.82E+07,0,1.94E+07
PV Recycling plant,"Harris, Texas",23,29.6776,-95.4934,21600,4495.25,4495.25,0,20.81,3937.7,0,0,1.15E+06,3.80E+06,0,4.94E+06
PV Recycling plant,"Harris, Texas",24,29.6776,-95.4934,21600,21600,23007,1407,100,20153.44,0,0,1.15E+06,1.82E+07,120298.5,1.95E+07
PV Recycling plant,"Harris, Texas",25,29.6776,-95.4934,21600,9585.82,8178.82,0,44.38,7164.4,0,0,1.15E+06,8.09E+06,0,9.24E+06
PV Recycling plant,"Harris, Texas",26,29.6776,-95.4934,21600,12144.23,12144.23,0,56.22,10637.99,0,0,1.15E+06,1.03E+07,0,1.14E+07
PV Recycling plant,"Harris, Texas",27,29.6776,-95.4934,21600,21600,23007,1407,100,20153.44,0,0,1.15E+06,1.82E+07,120298.5,1.95E+07
PV Recycling plant,"Harris, Texas",28,29.6776,-95.4934,21600,21600,20193,0,100,17688.46,0,0,1.15E+06,1.82E+07,0,1.94E+07
PV Recycling plant,"Tarrant, Texas",1,32.7496,-97.2894,7200,4.99,4.99,0,0.07,4.37,1.54E+07,0,386584.54,4211.81,0,1.58E+07
PV Recycling plant,"Tarrant, Texas",2,32.7496,-97.2894,7200,4.08,4.08,0,0.06,3.57,0,0,386584.54,3444.02,0,390028.56
PV Recycling plant,"Tarrant, Texas",3,32.7496,-97.2894,7200,6.93,6.93,0,0.1,6.07,0,0,386584.54,5850.18,0,392434.72
PV Recycling plant,"Tarrant, Texas",4,32.7496,-97.2894,7200,11.52,11.52,0,0.16,10.09,0,0,386584.54,9729.13,0,396313.67
PV Recycling plant,"Tarrant, Texas",5,32.7496,-97.2894,7200,18.78,18.78,0,0.26,16.45,0,0,386584.54,15857.99,0,402442.53
PV Recycling plant,"Tarrant, Texas",6,32.7496,-97.2894,7200,30.01,30.01,0,0.42,26.29,0,0,386584.54,25337.15,0,411921.69
PV Recycling plant,"Tarrant, Texas",7,32.7496,-97.2894,7200,47,47,0,0.65,41.17,0,0,386584.54,39677.98,0,426262.52
PV Recycling plant,"Tarrant, Texas",8,32.7496,-97.2894,7200,72.13,72.13,0,1,63.19,0,0,386584.54,60898.26,0,447482.8
PV Recycling plant,"Tarrant, Texas",9,32.7496,-97.2894,7200,108.54,108.54,0,1.51,95.08,0,0,386584.54,91634,0,478218.54
PV Recycling plant,"Tarrant, Texas",10,32.7496,-97.2894,7200,7200,7200,0,100,6306.98,0,0,386584.54,6.08E+06,0,6.47E+06
PV Recycling plant,"Tarrant, Texas",11,32.7496,-97.2894,7200,1947.4,1947.4,0,27.05,1705.86,0,0,386584.54,1.64E+06,0,2.03E+06
PV Recycling plant,"Tarrant, Texas",12,32.7496,-97.2894,7200,7200,7200,0,100,6306.98,0,0,386584.54,6.08E+06,0,6.47E+06
PV Recycling plant,"Tarrant, Texas",13,32.7496,-97.2894,7200,7200,7200,0,100,6306.98,0,0,386584.54,6.08E+06,0,6.47E+06
PV Recycling plant,"Tarrant, Texas",14,32.7496,-97.2894,7200,3053.85,3053.85,0,42.41,2675.08,0,0,386584.54,2.58E+06,0,2.96E+06
PV Recycling plant,"Tarrant, Texas",15,32.7496,-97.2894,7200,7200,8607,1407,100,7539.47,0,0,386584.54,6.08E+06,120298.5,6.59E+06
PV Recycling plant,"Tarrant, Texas",16,32.7496,-97.2894,7200,7200,5793,0,100,5074.49,0,0,386584.54,6.08E+06,0,6.47E+06
PV Recycling plant,"Tarrant, Texas",17,32.7496,-97.2894,7200,7200,7200,0,100,6306.98,0,0,386584.54,6.08E+06,0,6.47E+06
PV Recycling plant,"Tarrant, Texas",18,32.7496,-97.2894,7200,7200,8607,1407,100,7539.47,0,0,386584.54,6.08E+06,120298.5,6.59E+06
PV Recycling plant,"Tarrant, Texas",19,32.7496,-97.2894,7200,7200,5793,0,100,5074.49,0,0,386584.54,6.08E+06,0,6.47E+06
PV Recycling plant,"Tarrant, Texas",20,32.7496,-97.2894,7200,7200,7200,0,100,6306.98,0,0,386584.54,6.08E+06,0,6.47E+06
PV Recycling plant,"Tarrant, Texas",21,32.7496,-97.2894,21600,21600,23007,1407,100,20153.44,0,1.32E+07,1.15E+06,1.82E+07,120298.5,3.27E+07
PV Recycling plant,"Tarrant, Texas",22,32.7496,-97.2894,21600,21600,20193,0,100,17688.46,0,0,1.15E+06,1.82E+07,0,1.94E+07
PV Recycling plant,"Tarrant, Texas",23,32.7496,-97.2894,21600,7672.07,7672.07,0,35.52,6720.5,0,0,1.15E+06,6.48E+06,0,7.62E+06
PV Recycling plant,"Tarrant, Texas",24,32.7496,-97.2894,21600,21600,23007,1407,100,20153.44,0,0,1.15E+06,1.82E+07,120298.5,1.95E+07
PV Recycling plant,"Tarrant, Texas",25,32.7496,-97.2894,21600,21600,20193,0,100,17688.46,0,0,1.15E+06,1.82E+07,0,1.94E+07
PV Recycling plant,"Tarrant, Texas",26,32.7496,-97.2894,21600,21600,21600,0,100,18920.95,0,0,1.15E+06,1.82E+07,0,1.94E+07
PV Recycling plant,"Tarrant, Texas",27,32.7496,-97.2894,21600,21600,23007,1407,100,20153.44,0,0,1.15E+06,1.82E+07,120298.5,1.95E+07
PV Recycling plant,"Tarrant, Texas",28,32.7496,-97.2894,21600,21600,20193,0,100,17688.46,0,0,1.15E+06,1.82E+07,0,1.94E+07
PV Recycling plant,"Lawrence, Arkansas",1,35.9767,-90.8601,7200,3.46,3.46,0,0.05,3.03,1.54E+07,0,386584.54,2917.43,0,1.58E+07
PV Recycling plant,"Lawrence, Arkansas",2,35.9767,-90.8601,7200,3.13,3.13,0,0.04,2.74,0,0,386584.54,2644.89,0,389229.43
PV Recycling plant,"Lawrence, Arkansas",3,35.9767,-90.8601,7200,5.47,5.47,0,0.08,4.79,0,0,386584.54,4617.04,0,391201.58
PV Recycling plant,"Lawrence, Arkansas",4,35.9767,-90.8601,7200,9.21,9.21,0,0.13,8.07,0,0,386584.54,7777.55,0,394362.09
PV Recycling plant,"Lawrence, Arkansas",5,35.9767,-90.8601,7200,15.02,15.02,0,0.21,13.16,0,0,386584.54,12682.28,0,399266.82
PV Recycling plant,"Lawrence, Arkansas",6,35.9767,-90.8601,7200,23.77,23.77,0,0.33,20.83,0,0,386584.54,20071.46,0,406656
PV Recycling plant,"Lawrence, Arkansas",7,35.9767,-90.8601,7200,36.6,36.6,0,0.51,32.06,0,0,386584.54,30901.24,0,417485.78
PV Recycling plant,"Lawrence, Arkansas",8,35.9767,-90.8601,7200,54.93,54.93,0,0.76,48.11,0,0,386584.54,46369.67,0,432954.21
PV Recycling plant,"Lawrence, Arkansas",9,35.9767,-90.8601,7200,80.46,80.46,0,1.12,70.48,0,0,386584.54,67930.28,0,454514.82
PV Recycling plant,"Lawrence, Arkansas",10,35.9767,-90.8601,7200,201.81,201.81,0,2.8,176.78,0,0,386584.54,170373.21,0,556957.75
PV Recycling plant,"Lawrence, Arkansas",11,35.9767,-90.8601,7200,161.01,161.01,0,2.24,141.04,0,0,386584.54,135933.18,0,522517.72
PV Recycling plant,"Lawrence, Arkansas",12,35.9767,-90.8601,7200,7200,7200,0,100,6306.98,0,0,386584.54,6.08E+06,0,6.47E+06
PV Recycling plant,"Lawrence, Arkansas",13,35.9767,-90.8601,7200,7200,7200,0,100,6306.98,0,0,386584.54,6.08E+06,0,6.47E+06
PV Recycling plant,"Lawrence, Arkansas",14,35.9767,-90.8601,7200,369.54,369.54,0,5.13,323.7,0,0,386584.54,311973.47,0,698558.01
PV Recycling plant,"Lawrence, Arkansas",15,35.9767,-90.8601,7200,7200,8607,1407,100,7539.47,0,0,386584.54,6.08E+06,120298.5,6.59E+06
PV Recycling plant,"Lawrence, Arkansas",16,35.9767,-90.8601,7200,2130.34,723.34,0,29.59,633.62,0,0,386584.54,1.80E+06,0,2.19E+06
PV Recycling plant,"Lawrence, Arkansas",17,35.9767,-90.8601,7200,7200,7200,0,100,6306.98,0,0,386584.54,6.08E+06,0,6.47E+06
PV Recycling plant,"Lawrence, Arkansas",18,35.9767,-90.8601,13739.4,13739.4,13739.4,0,100,12035.3,0,6.01E+06,731882.77,1.16E+07,0,1.83E+07
PV Recycling plant,"Lawrence, Arkansas",19,35.9767,-90.8601,13739.4,13739.4,13739.4,0,100,12035.3,0,0,731882.77,1.16E+07,0,1.23E+07
PV Recycling plant,"Lawrence, Arkansas",20,35.9767,-90.8601,13739.4,13739.4,13739.4,0,100,12035.3,0,0,731882.77,1.16E+07,0,1.23E+07
PV Recycling plant,"Lawrence, Arkansas",21,35.9767,-90.8601,21600,21600,22113.19,513.19,100,19370.49,0,7.22E+06,1.15E+06,1.82E+07,43878.06,2.66E+07
PV Recycling plant,"Lawrence, Arkansas",22,35.9767,-90.8601,21600,21600,21086.81,0,100,18471.41,0,0,1.15E+06,1.82E+07,0,1.94E+07
PV Recycling plant,"Lawrence, Arkansas",23,35.9767,-90.8601,21600,21600,21600,0,100,18920.95,0,0,1.15E+06,1.82E+07,0,1.94E+07
PV Recycling plant,"Lawrence, Arkansas",24,35.9767,-90.8601,21600,21600,23007,1407,100,20153.44,0,0,1.15E+06,1.82E+07,120298.5,1.95E+07
PV Recycling plant,"Lawrence, Arkansas",25,35.9767,-90.8601,21600,21600,20193,0,100,17688.46,0,0,1.15E+06,1.82E+07,0,1.94E+07
PV Recycling plant,"Lawrence, Arkansas",26,35.9767,-90.8601,21600,21600,21600,0,100,18920.95,0,0,1.15E+06,1.82E+07,0,1.94E+07
PV Recycling plant,"Lawrence, Arkansas",27,35.9767,-90.8601,21600,21600,23007,1407,100,20153.44,0,0,1.15E+06,1.82E+07,120298.5,1.95E+07
PV Recycling plant,"Lawrence, Arkansas",28,35.9767,-90.8601,21600,21600,20193,0,100,17688.46,0,0,1.15E+06,1.82E+07,0,1.94E+07
PV Recycling plant,"Marshall, Oklahoma",1,33.9988,-96.722,7200,0,0,0,0,0,1.67E+07,0,420495.47,0,0,1.72E+07
PV Recycling plant,"Marshall, Oklahoma",2,33.9988,-96.722,7200,0,0,0,0,0,0,0,420495.47,0,0,420495.47
PV Recycling plant,"Marshall, Oklahoma",3,33.9988,-96.722,7200,0,0,0,0,0,0,0,420495.47,0,0,420495.47
PV Recycling plant,"Marshall, Oklahoma",4,33.9988,-96.722,7200,0,0,0,0,0,0,0,420495.47,0,0,420495.47
PV Recycling plant,"Marshall, Oklahoma",5,33.9988,-96.722,7200,0,0,0,0,0,0,0,420495.47,0,0,420495.47
PV Recycling plant,"Marshall, Oklahoma",6,33.9988,-96.722,7200,0,0,0,0,0,0,0,420495.47,0,0,420495.47
PV Recycling plant,"Marshall, Oklahoma",7,33.9988,-96.722,7200,0,0,0,0,0,0,0,420495.47,0,0,420495.47
PV Recycling plant,"Marshall, Oklahoma",8,33.9988,-96.722,7200,0,0,0,0,0,0,0,420495.47,0,0,420495.47
PV Recycling plant,"Marshall, Oklahoma",9,33.9988,-96.722,7200,0,0,0,0,0,0,0,420495.47,0,0,420495.47
PV Recycling plant,"Marshall, Oklahoma",10,33.9988,-96.722,7200,0,0,0,0,0,0,0,420495.47,0,0,420495.47
PV Recycling plant,"Marshall, Oklahoma",11,33.9988,-96.722,7200,0,0,0,0,0,0,0,420495.47,0,0,420495.47
PV Recycling plant,"Marshall, Oklahoma",12,33.9988,-96.722,7200,0,0,0,0,0,0,0,420495.47,0,0,420495.47
PV Recycling plant,"Marshall, Oklahoma",13,33.9988,-96.722,7200,0,0,0,0,0,0,0,420495.47,0,0,420495.47
PV Recycling plant,"Marshall, Oklahoma",14,33.9988,-96.722,7200,0,0,0,0,0,0,0,420495.47,0,0,420495.47
PV Recycling plant,"Marshall, Oklahoma",15,33.9988,-96.722,7200,7200,7200,0,100,6306.98,0,0,420495.47,6.61E+06,0,7.03E+06
PV Recycling plant,"Marshall, Oklahoma",16,33.9988,-96.722,7200,0,0,0,0,0,0,0,420495.47,0,0,420495.47
PV Recycling plant,"Marshall, Oklahoma",17,33.9988,-96.722,7200,0,0,0,0,0,0,0,420495.47,0,0,420495.47
PV Recycling plant,"Marshall, Oklahoma",18,33.9988,-96.722,7200,7200,7200,0,100,6306.98,0,0,420495.47,6.61E+06,0,7.03E+06
PV Recycling plant,"Marshall, Oklahoma",19,33.9988,-96.722,7200,0,0,0,0,0,0,0,420495.47,0,0,420495.47
PV Recycling plant,"Marshall, Oklahoma",20,33.9988,-96.722,7200,0,0,0,0,0,0,0,420495.47,0,0,420495.47
PV Recycling plant,"Marshall, Oklahoma",21,33.9988,-96.722,7200,7200,8607,1407,100,7539.47,0,0,420495.47,6.61E+06,130851,7.16E+06
PV Recycling plant,"Marshall, Oklahoma",22,33.9988,-96.722,7200,7200,5793,0,100,5074.49,0,0,420495.47,6.61E+06,0,7.03E+06
PV Recycling plant,"Marshall, Oklahoma",23,33.9988,-96.722,7200,0,0,0,0,0,0,0,420495.47,0,0,420495.47
PV Recycling plant,"Marshall, Oklahoma",24,33.9988,-96.722,7200,7200,8607,1407,100,7539.47,0,0,420495.47,6.61E+06,130851,7.16E+06
PV Recycling plant,"Marshall, Oklahoma",25,33.9988,-96.722,7200,1407,0,0,19.54,0,0,0,420495.47,1.29E+06,0,1.71E+06
PV Recycling plant,"Marshall, Oklahoma",26,33.9988,-96.722,7200,0,0,0,0,0,0,0,420495.47,0,0,420495.47
PV Recycling plant,"Marshall, Oklahoma",27,33.9988,-96.722,21600,21600,23007,1407,100,20153.44,0,1.44E+07,1.25E+06,1.98E+07,130851,3.56E+07
PV Recycling plant,"Marshall, Oklahoma",28,33.9988,-96.722,21600,21600,20193,0,100,17688.46,0,0,1.25E+06,1.98E+07,0,2.11E+07
PV Recycling plant,"Eastland, Texas",1,32.2724,-99.011,7200,267.02,267.02,0,3.71,233.9,1.54E+07,0,386584.54,225426.37,0,1.60E+07
PV Recycling plant,"Eastland, Texas",2,32.2724,-99.011,7200,193.21,193.21,0,2.68,169.25,0,0,386584.54,163113.82,0,549698.36
PV Recycling plant,"Eastland, Texas",3,32.2724,-99.011,7200,303.63,303.63,0,4.22,265.97,0,0,386584.54,256336.64,0,642921.18
PV Recycling plant,"Eastland, Texas",4,32.2724,-99.011,7200,462.97,462.97,0,6.43,405.55,0,0,386584.54,390855.43,0,777439.97
PV Recycling plant,"Eastland, Texas",5,32.2724,-99.011,7200,687.12,687.12,0,9.54,601.9,0,0,386584.54,580084.5,0,966669.04
PV Recycling plant,"Eastland, Texas",6,32.2724,-99.011,7200,994.89,994.89,0,13.82,871.49,0,0,386584.54,839913.31,0,1.23E+06
PV Recycling plant,"Eastland, Texas",7,32.2724,-99.011,7200,1407.61,1407.61,0,19.55,1233.02,0,0,386584.54,1.19E+06,0,1.57E+06
PV Recycling plant,"Eastland, Texas",8,32.2724,-99.011,7200,4108.42,4108.42,0,57.06,3598.86,0,0,386584.54,3.47E+06,0,3.86E+06
PV Recycling plant,"Eastland, Texas",9,32.2724,-99.011,7200,7200,7200,0,100,6306.98,0,0,386584.54,6.08E+06,0,6.47E+06
PV Recycling plant,"Eastland, Texas",10,32.2724,-99.011,7200,7200,7200,0,100,6306.98,0,0,386584.54,6.08E+06,0,6.47E+06
PV Recycling plant,"Eastland, Texas",11,32.2724,-99.011,7200,7200,7200,0,100,6306.98,0,0,386584.54,6.08E+06,0,6.47E+06
PV Recycling plant,"Eastland, Texas",12,32.2724,-99.011,7200,7200,7200,0,100,6306.98,0,0,386584.54,6.08E+06,0,6.47E+06
PV Recycling plant,"Eastland, Texas",13,32.2724,-99.011,7200,7200,7200,0,100,6306.98,0,0,386584.54,6.08E+06,0,6.47E+06
PV Recycling plant,"Eastland, Texas",14,32.2724,-99.011,7200,7200,7200,0,100,6306.98,0,0,386584.54,6.08E+06,0,6.47E+06
PV Recycling plant,"Eastland, Texas",15,32.2724,-99.011,21600,21600,23007,1407,100,20153.44,0,1.32E+07,1.15E+06,1.82E+07,120298.5,3.27E+07
PV Recycling plant,"Eastland, Texas",16,32.2724,-99.011,21600,21600,20193,0,100,17688.46,0,0,1.15E+06,1.82E+07,0,1.94E+07
PV Recycling plant,"Eastland, Texas",17,32.2724,-99.011,21600,21600,21600,0,100,18920.95,0,0,1.15E+06,1.82E+07,0,1.94E+07
PV Recycling plant,"Eastland, Texas",18,32.2724,-99.011,21600,21600,23007,1407,100,20153.44,0,0,1.15E+06,1.82E+07,120298.5,1.95E+07
PV Recycling plant,"Eastland, Texas",19,32.2724,-99.011,21600,21600,20193,0,100,17688.46,0,0,1.15E+06,1.82E+07,0,1.94E+07
PV Recycling plant,"Eastland, Texas",20,32.2724,-99.011,21600,21600,21600,0,100,18920.95,0,0,1.15E+06,1.82E+07,0,1.94E+07
PV Recycling plant,"Eastland, Texas",21,32.2724,-99.011,21600,21600,23007,1407,100,20153.44,0,0,1.15E+06,1.82E+07,120298.5,1.95E+07
PV Recycling plant,"Eastland, Texas",22,32.2724,-99.011,21600,21600,21600,1407,100,18920.95,0,0,1.15E+06,1.82E+07,120298.5,1.95E+07
PV Recycling plant,"Eastland, Texas",23,32.2724,-99.011,21600,21600,20193,0,100,17688.46,0,0,1.15E+06,1.82E+07,0,1.94E+07
PV Recycling plant,"Eastland, Texas",24,32.2724,-99.011,21600,21600,23007,1407,100,20153.44,0,0,1.15E+06,1.82E+07,120298.5,1.95E+07
PV Recycling plant,"Eastland, Texas",25,32.2724,-99.011,21600,21600,20193,0,100,17688.46,0,0,1.15E+06,1.82E+07,0,1.94E+07
PV Recycling plant,"Eastland, Texas",26,32.2724,-99.011,21600,21600,21600,0,100,18920.95,0,0,1.15E+06,1.82E+07,0,1.94E+07
PV Recycling plant,"Eastland, Texas",27,32.2724,-99.011,21600,21600,23007,1407,100,20153.44,0,0,1.15E+06,1.82E+07,120298.5,1.95E+07
PV Recycling plant,"Eastland, Texas",28,32.2724,-99.011,21600,21600,20193,0,100,17688.46,0,0,1.15E+06,1.82E+07,0,1.94E+07
PV Recycling plant,"Smith, Texas",1,32.2798,-95.306,7200,0.75,0.75,0,0.01,0.66,1.54E+07,0,386584.54,631.81,0,1.58E+07
PV Recycling plant,"Smith, Texas",2,32.2798,-95.306,7200,0.5,0.5,0,0.01,0.43,0,0,386584.54,418.48,0,387003.02
PV Recycling plant,"Smith, Texas",3,32.2798,-95.306,7200,0.75,0.75,0,0.01,0.66,0,0,386584.54,635.87,0,387220.41
PV Recycling plant,"Smith, Texas",4,32.2798,-95.306,7200,1.11,1.11,0,0.02,0.97,0,0,386584.54,938.9,0,387523.44
PV Recycling plant,"Smith, Texas",5,32.2798,-95.306,7200,1.6,1.6,0,0.02,1.4,0,0,386584.54,1350.55,0,387935.09
PV Recycling plant,"Smith, Texas",6,32.2798,-95.306,7200,2.25,2.25,0,0.03,1.97,0,0,386584.54,1895.74,0,388480.28
PV Recycling plant,"Smith, Texas",7,32.2798,-95.306,7200,3.08,3.08,0,0.04,2.7,0,0,386584.54,2599.42,0,389183.96
PV Recycling plant,"Smith, Texas",8,32.2798,-95.306,7200,4.13,4.13,0,0.06,3.61,0,0,386584.54,3483.56,0,390068.1
PV Recycling plant,"Smith, Texas",9,32.2798,-95.306,7200,5.4,5.4,0,0.08,4.73,0,0,386584.54,4562.96,0,391147.5
PV Recycling plant,"Smith, Texas",10,32.2798,-95.306,7200,344.92,344.92,0,4.79,302.14,0,0,386584.54,291189.02,0,677773.56
PV Recycling plant,"Smith, Texas",11,32.2798,-95.306,7200,5.36,5.36,0,0.07,4.7,0,0,386584.54,4527.11,0,391111.65
PV Recycling plant,"Smith, Texas",12,32.2798,-95.306,7200,7200,7200,0,100,6306.98,0,0,386584.54,6.08E+06,0,6.47E+06
PV Recycling plant,"Smith, Texas",13,32.2798,-95.306,7200,7200,7200,0,100,6306.98,0,0,386584.54,6.08E+06,0,6.47E+06
PV Recycling plant,"Smith, Texas",14,32.2798,-95.306,7200,6.96,6.96,0,0.1,6.1,0,0,386584.54,5877.24,0,392461.78
PV Recycling plant,"Smith, Texas",15,32.2798,-95.306,7200,7200,8607,1407,100,7539.47,0,0,386584.54,6.08E+06,120298.5,6.59E+06
PV Recycling plant,"Smith, Texas",16,32.2798,-95.306,7200,1417.53,10.53,0,19.69,9.23,0,0,386584.54,1.20E+06,0,1.58E+06
PV Recycling plant,"Smith, Texas",17,32.2798,-95.306,7200,7200,7200,0,100,6306.98,0,0,386584.54,6.08E+06,0,6.47E+06
PV Recycling plant,"Smith, Texas",18,32.2798,-95.306,7200,7200,8607,1407,100,7539.47,0,0,386584.54,6.08E+06,120298.5,6.59E+06
PV Recycling plant,"Smith, Texas",19,32.2798,-95.306,7200,7200,5793,0,100,5074.49,0,0,386584.54,6.08E+06,0,6.47E+06
PV Recycling plant,"Smith, Texas",20,32.2798,-95.306,7200,7200,7200,0,100,6306.98,0,0,386584.54,6.08E+06,0,6.47E+06
PV Recycling plant,"Smith, Texas",21,32.2798,-95.306,21600,21600,23007,1407,100,20153.44,0,1.32E+07,1.15E+06,1.82E+07,120298.5,3.27E+07
PV Recycling plant,"Smith, Texas",22,32.2798,-95.306,21600,21600,20193,0,100,17688.46,0,0,1.15E+06,1.82E+07,0,1.94E+07
PV Recycling plant,"Smith, Texas",23,32.2798,-95.306,21600,15.68,15.68,0,0.07,13.74,0,0,1.15E+06,13241.3,0,1.16E+06
PV Recycling plant,"Smith, Texas",24,32.2798,-95.306,21600,21600,23007,1407,100,20153.44,0,0,1.15E+06,1.82E+07,120298.5,1.95E+07
PV Recycling plant,"Smith, Texas",25,32.2798,-95.306,21600,1422.99,15.99,0,6.59,14.01,0,0,1.15E+06,1.20E+06,0,2.35E+06
PV Recycling plant,"Smith, Texas",26,32.2798,-95.306,21600,4071.28,4071.28,0,18.85,3566.32,0,0,1.15E+06,3.44E+06,0,4.58E+06
PV Recycling plant,"Smith, Texas",27,32.2798,-95.306,21600,21600,23007,1407,100,20153.44,0,0,1.15E+06,1.82E+07,120298.5,1.95E+07
PV Recycling plant,"Smith, Texas",28,32.2798,-95.306,21600,21600,20193,0,100,17688.46,0,0,1.15E+06,1.82E+07,0,1.94E+07
PV Recycling plant,"Rapides, Louisiana",1,31.3804,-92.6731,7200,3.2,3.2,0,0.04,2.8,1.54E+07,0,386584.54,2699.75,0,1.58E+07
PV Recycling plant,"Rapides, Louisiana",2,31.3804,-92.6731,7200,2.39,2.39,0,0.03,2.09,0,0,386584.54,2016.66,0,388601.2
PV Recycling plant,"Rapides, Louisiana",3,31.3804,-92.6731,7200,3.89,3.89,0,0.05,3.41,0,0,386584.54,3285.19,0,389869.73
PV Recycling plant,"Rapides, Louisiana",4,31.3804,-92.6731,7200,6.18,6.18,0,0.09,5.42,0,0,386584.54,5218.94,0,391803.48
PV Recycling plant,"Rapides, Louisiana",5,31.3804,-92.6731,7200,9.59,9.59,0,0.13,8.4,0,0,386584.54,8097.65,0,394682.19
PV Recycling plant,"Rapides, Louisiana",6,31.3804,-92.6731,7200,14.55,14.55,0,0.2,12.75,0,0,386584.54,12286.26,0,398870.8
PV Recycling plant,"Rapides, Louisiana",7,31.3804,-92.6731,7200,21.62,21.62,0,0.3,18.93,0,0,386584.54,18248.12,0,404832.66
PV Recycling plant,"Rapides, Louisiana",8,31.3804,-92.6731,7200,31.46,31.46,0,0.44,27.55,0,0,386584.54,26556.25,0,413140.79
PV Recycling plant,"Rapides, Louisiana",9,31.3804,-92.6731,7200,44.89,44.89,0,0.62,39.33,0,0,386584.54,37901.24,0,424485.78
PV Recycling plant,"Rapides, Louisiana",10,31.3804,-92.6731,7200,211.41,211.41,0,2.94,185.19,0,0,386584.54,178474.45,0,565058.99
PV Recycling plant,"Rapides, Louisiana",11,31.3804,-92.6731,7200,72.2,72.2,0,1,63.25,0,0,386584.54,60954.17,0,447538.71
PV Recycling plant,"Rapides, Louisiana",12,31.3804,-92.6731,7200,217.71,217.71,0,3.02,190.71,0,0,386584.54,183798.81,0,570383.35
PV Recycling plant,"Rapides, Louisiana",13,31.3804,-92.6731,7200,2175.14,2175.14,0,30.21,1905.36,0,0,386584.54,1.84E+06,0,2.22E+06
PV Recycling plant,"Rapides, Louisiana",14,31.3804,-92.6731,7200,179.26,179.26,0,2.49,157.03,0,0,386584.54,151337.97,0,537922.51
PV Recycling plant,"Rapides, Louisiana",15,31.3804,-92.6731,7200,7200,7200,0,100,6306.98,0,0,386584.54,6.08E+06,0,6.47E+06
PV Recycling plant,"Rapides, Louisiana",16,31.3804,-92.6731,7200,364.18,364.18,0,5.06,319.01,0,0,386584.54,307448.16,0,694032.7
PV Recycling plant,"Rapides, Louisiana",17,31.3804,-92.6731,7200,661.29,661.29,0,9.18,579.27,0,0,386584.54,558276.5,0,944861.04
PV Recycling plant,"Rapides, Louisiana",18,31.3804,-92.6731,7200,7200,7200,0,100,6306.98,0,0,386584.54,6.08E+06,0,6.47E+06
PV Recycling plant,"Rapides, Louisiana",19,31.3804,-92.6731,7200,602.15,602.15,0,8.36,527.46,0,0,386584.54,508350.06,0,894934.6
PV Recycling plant,"Rapides, Louisiana",20,31.3804,-92.6731,7200,7200,7200,0,100,6306.98,0,0,386584.54,6.08E+06,0,6.47E+06
PV Recycling plant,"Rapides, Louisiana",21,31.3804,-92.6731,21600,21600,23007,1407,100,20153.44,0,1.32E+07,1.15E+06,1.82E+07,120298.5,3.27E+07
PV Recycling plant,"Rapides, Louisiana",22,31.3804,-92.6731,21600,21600,20193,0,100,17688.46,0,0,1.15E+06,1.82E+07,0,1.94E+07
PV Recycling plant,"Rapides, Louisiana",23,31.3804,-92.6731,21600,712.62,712.62,0,3.3,624.23,0,0,1.15E+06,601613.7,0,1.75E+06
PV Recycling plant,"Rapides, Louisiana",24,31.3804,-92.6731,21600,21600,23007,1407,100,20153.44,0,0,1.15E+06,1.82E+07,120298.5,1.95E+07
PV Recycling plant,"Rapides, Louisiana",25,31.3804,-92.6731,21600,4470.76,3063.76,0,20.7,2683.76,0,0,1.15E+06,3.77E+06,0,4.92E+06
PV Recycling plant,"Rapides, Louisiana",26,31.3804,-92.6731,21600,21600,21600,0,100,18920.95,0,0,1.15E+06,1.82E+07,0,1.94E+07
PV Recycling plant,"Rapides, Louisiana",27,31.3804,-92.6731,21600,21600,23007,1407,100,20153.44,0,0,1.15E+06,1.82E+07,120298.5,1.95E+07
PV Recycling plant,"Rapides, Louisiana",28,31.3804,-92.6731,21600,21600,20193,0,100,17688.46,0,0,1.15E+06,1.82E+07,0,1.94E+07
PV Recycling plant,"Medina, Texas",1,29.3488,-99.1169,7200,49.31,49.31,0,0.68,43.19,1.54E+07,0,386584.54,41625.62,0,1.58E+07
PV Recycling plant,"Medina, Texas",2,29.3488,-99.1169,7200,36.61,36.61,0,0.51,32.07,0,0,386584.54,30906.45,0,417490.99
PV Recycling plant,"Medina, Texas",3,29.3488,-99.1169,7200,58.83,58.83,0,0.82,51.53,0,0,386584.54,49663.65,0,436248.19
PV Recycling plant,"Medina, Texas",4,29.3488,-99.1169,7200,92.12,92.12,0,1.28,80.7,0,0,386584.54,77772.21,0,464356.75
PV Recycling plant,"Medina, Texas",5,29.3488,-99.1169,7200,140.95,140.95,0,1.96,123.47,0,0,386584.54,118996.31,0,505580.85
PV Recycling plant,"Medina, Texas",6,29.3488,-99.1169,7200,211.09,211.09,0,2.93,184.91,0,0,386584.54,178205.92,0,564790.46
PV Recycling plant,"Medina, Texas",7,29.3488,-99.1169,7200,309.77,309.77,0,4.3,271.35,0,0,386584.54,261520.1,0,648104.64
PV Recycling plant,"Medina, Texas",8,29.3488,-99.1169,7200,445.85,445.85,0,6.19,390.55,0,0,386584.54,376398.99,0,762983.53
PV Recycling plant,"Medina, Texas",9,29.3488,-99.1169,7200,692.4,692.4,0,9.62,606.53,0,0,386584.54,584546.33,0,971130.87
PV Recycling plant,"Medina, Texas",10,29.3488,-99.1169,7200,7200,7200,0,100,6306.98,0,0,386584.54,6.08E+06,0,6.47E+06
PV Recycling plant,"Medina, Texas",11,29.3488,-99.1169,7200,2034.12,2034.12,0,28.25,1781.83,0,0,386584.54,1.72E+06,0,2.10E+06
PV Recycling plant,"Medina, Texas",12,29.3488,-99.1169,7200,7200,7200,0,100,6306.98,0,0,386584.54,6.08E+06,0,6.47E+06
PV Recycling plant,"Medina, Texas",13,29.3488,-99.1169,7200,7200,7200,0,100,6306.98,0,0,386584.54,6.08E+06,0,6.47E+06
PV Recycling plant,"Medina, Texas",14,29.3488,-99.1169,7200,4666.66,4666.66,0,64.81,4087.85,0,0,386584.54,3.94E+06,0,4.33E+06
PV Recycling plant,"Medina, Texas",15,29.3488,-99.1169,7794.18,7794.18,9201.18,1407,100,8059.96,0,545656.52,417958.93,6.58E+06,120298.5,7.66E+06
PV Recycling plant,"Medina, Texas",16,29.3488,-99.1169,7794.18,7794.18,6387.18,0,100,5594.98,0,0,417958.93,6.58E+06,0,7.00E+06
PV Recycling plant,"Medina, Texas",17,29.3488,-99.1169,7794.18,7794.18,7794.18,0,100,6827.47,0,0,417958.93,6.58E+06,0,7.00E+06
PV Recycling plant,"Medina, Texas",18,29.3488,-99.1169,19305.27,19305.27,20712.27,1407,100,18143.32,0,1.06E+07,1.03E+06,1.63E+07,120298.5,2.80E+07
PV Recycling plant,"Medina, Texas",19,29.3488,-99.1169,19305.27,19305.27,17898.27,0,100,15678.34,0,0,1.03E+06,1.63E+07,0,1.73E+07
PV Recycling plant,"Medina, Texas",20,29.3488,-99.1169,19305.27,19305.27,19305.27,0,100,16910.83,0,0,1.03E+06,1.63E+07,0,1.73E+07
PV Recycling plant,"Medina, Texas",21,29.3488,-99.1169,21600,21600,23007,1407,100,20153.44,0,2.11E+06,1.15E+06,1.82E+07,120298.5,2.16E+07
PV Recycling plant,"Medina, Texas",22,29.3488,-99.1169,21600,21600,20356.53,163.53,100,17831.71,0,0,1.15E+06,1.82E+07,13981.55,1.94E+07
PV Recycling plant,"Medina, Texas",23,29.3488,-99.1169,21600,21600,21436.47,0,100,18777.71,0,0,1.15E+06,1.82E+07,0,1.94E+07
PV Recycling plant,"Medina, Texas",24,29.3488,-99.1169,21600,21600,23007,1407,100,20153.44,0,0,1.15E+06,1.82E+07,120298.5,1.95E+07
PV Recycling plant,"Medina, Texas",25,29.3488,-99.1169,21600,21600,20193,0,100,17688.46,0,0,1.15E+06,1.82E+07,0,1.94E+07
PV Recycling plant,"Medina, Texas",26,29.3488,-99.1169,21600,21600,21600,0,100,18920.95,0,0,1.15E+06,1.82E+07,0,1.94E+07
PV Recycling plant,"Medina, Texas",27,29.3488,-99.1169,21600,21600,23007,1407,100,20153.44,0,0,1.15E+06,1.82E+07,120298.5,1.95E+07
PV Recycling plant,"Medina, Texas",28,29.3488,-99.1169,21600,21600,20193,0,100,17688.46,0,0,1.15E+06,1.82E+07,0,1.94E+07
PV Recycling plant,"Smith, Mississippi",1,31.7999,-89.3559,7200,1.29,1.29,0,0.02,1.13,1.54E+07,0,386584.54,1087.37,0,1.58E+07
PV Recycling plant,"Smith, Mississippi",2,31.7999,-89.3559,7200,1.15,1.15,0,0.02,1,0,0,386584.54,967.11,0,387551.65
PV Recycling plant,"Smith, Mississippi",3,31.7999,-89.3559,7200,2.11,2.11,0,0.03,1.85,0,0,386584.54,1782.95,0,388367.49
PV Recycling plant,"Smith, Mississippi",4,31.7999,-89.3559,7200,3.82,3.82,0,0.05,3.35,0,0,386584.54,3228.49,0,389813.03
PV Recycling plant,"Smith, Mississippi",5,31.7999,-89.3559,7200,6.75,6.75,0,0.09,5.92,0,0,386584.54,5702.54,0,392287.08
PV Recycling plant,"Smith, Mississippi",6,31.7999,-89.3559,7200,11.59,11.59,0,0.16,10.16,0,0,386584.54,9787.15,0,396371.69
PV Recycling plant,"Smith, Mississippi",7,31.7999,-89.3559,7200,19.31,19.31,0,0.27,16.92,0,0,386584.54,16302.69,0,402887.23
PV Recycling plant,"Smith, Mississippi",8,31.7999,-89.3559,7200,31.25,31.25,0,0.43,27.37,0,0,386584.54,26379.66,0,412964.2
PV Recycling plant,"Smith, Mississippi",9,31.7999,-89.3559,7200,49.23,49.23,0,0.68,43.12,0,0,386584.54,41559.46,0,428144
PV Recycling plant,"Smith, Mississippi",10,31.7999,-89.3559,7200,97.42,97.42,0,1.35,85.34,0,0,386584.54,82243.81,0,468828.35
PV Recycling plant,"Smith, Mississippi",11,31.7999,-89.3559,7200,112.08,112.08,0,1.56,98.18,0,0,386584.54,94620.83,0,481205.37
PV Recycling plant,"Smith, Mississippi",12,31.7999,-89.3559,7200,1683.46,1683.46,0,23.38,1474.66,0,0,386584.54,1.42E+06,0,1.81E+06
PV Recycling plant,"Smith, Mississippi",13,31.7999,-89.3559,7200,2729.55,2729.55,0,37.91,2391.01,0,0,386584.54,2.30E+06,0,2.69E+06
PV Recycling plant,"Smith, Mississippi",14,31.7999,-89.3559,7200,344.47,344.47,0,4.78,301.75,0,0,386584.54,290814.45,0,677398.99
PV Recycling plant,"Smith, Mississippi",15,31.7999,-89.3559,7200,7200,7200,0,100,6306.98,0,0,386584.54,6.08E+06,0,6.47E+06
PV Recycling plant,"Smith, Mississippi",16,31.7999,-89.3559,7200,891.96,891.96,0,12.39,781.33,0,0,386584.54,753013.31,0,1.14E+06
PV Recycling plant,"Smith, Mississippi",17,31.7999,-89.3559,7200,7200,7200,0,100,6306.98,0,0,386584.54,6.08E+06,0,6.47E+06
PV Recycling plant,"Smith, Mississippi",18,31.7999,-89.3559,7200,7200,7200,0,100,6306.98,0,0,386584.54,6.08E+06,0,6.47E+06
PV Recycling plant,"Smith, Mississippi",19,31.7999,-89.3559,7200,7200,7200,0,100,6306.98,0,0,386584.54,6.08E+06,0,6.47E+06
PV Recycling plant,"Smith, Mississippi",20,31.7999,-89.3559,7200,7200,7200,0,100,6306.98,0,0,386584.54,6.08E+06,0,6.47E+06
PV Recycling plant,"Smith, Mississippi",21,31.7999,-89.3559,21600,21600,23007,1407,100,20153.44,0,1.32E+07,1.15E+06,1.82E+07,120298.5,3.27E+07
PV Recycling plant,"Smith, Mississippi",22,31.7999,-89.3559,21600,21600,21600,1407,100,18920.95,0,0,1.15E+06,1.82E+07,120298.5,1.95E+07
PV Recycling plant,"Smith, Mississippi",23,31.7999,-89.3559,21600,21600,20193,0,100,17688.46,0,0,1.15E+06,1.82E+07,0,1.94E+07
PV Recycling plant,"Smith, Mississippi",24,31.7999,-89.3559,21600,21600,23007,1407,100,20153.44,0,0,1.15E+06,1.82E+07,120298.5,1.95E+07
PV Recycling plant,"Smith, Mississippi",25,31.7999,-89.3559,21600,21600,20193,0,100,17688.46,0,0,1.15E+06,1.82E+07,0,1.94E+07
PV Recycling plant,"Smith, Mississippi",26,31.7999,-89.3559,21600,21600,21600,0,100,18920.95,0,0,1.15E+06,1.82E+07,0,1.94E+07
PV Recycling plant,"Smith, Mississippi",27,31.7999,-89.3559,21600,21600,23007,1407,100,20153.44,0,0,1.15E+06,1.82E+07,120298.5,1.95E+07
PV Recycling plant,"Smith, Mississippi",28,31.7999,-89.3559,21600,21600,20193,0,100,17688.46,0,0,1.15E+06,1.82E+07,0,1.94E+07