,name,latitude (deg),longitude (deg),amount 1,amount 2,amount 3,amount 4,amount 5,amount 6,amount 7,amount 8,amount 9,amount 10,amount 11,amount 12,amount 13,amount 14,amount 15,amount 16,amount 17,amount 18,amount 19,amount 20,amount 21,amount 22,amount 23,amount 24,amount 25,amount 26,state
0,"Snohomish County, Washington",47.82099062,-121.4522522,58087.22322737084,57038.004841761554,2933.4079989555057,2905.178279979524,5974.783696118122,5903.128252905593,4686.030877725319,4644.519060306999,19546.23267033215,19449.939333803697,2425.3154725243544,2415.777078660807,1980.95174825854,1974.0021710303251,2254.713832356043,2247.5746484650613,2470.832018747,2463.703187469406,2277.5921514622337,2271.556731756112,861.5951813280442,859.4841741829212,2912.139955540803,2905.5051204408023,3653.242510963202,3645.464506708039,Washington
1,"San Bernardino, California",35.12010447,-117.1590386,286980.7081495048,281797.03059399466,253037.5707425924,250602.45789263365,213907.72903601493,211342.3385699769,162514.9560920515,161075.2960981092,100345.29795823868,99850.95289910064,64209.41934234328,63956.893541730846,27638.09555626816,27541.135557278834,18906.7484682534,18846.88333053241,37647.38744196263,37538.76740179816,23024.66252846776,22963.64918950718,186237.55401149637,185781.2506155065,121027.42668000178,120751.68546190843,44374.36514253111,44279.88907096921,California
2,"Warren County, Virginia",38.79110825,-78.25771359,172.4137848595488,169.29950769227878,54379.80809415575,53856.482767091664,747.1934399184461,738.2323662083406,700.5532609812393,694.3473182931754,592.8819693017967,589.9611720333655,462.3190511255892,460.5008211879938,408.7130491670041,407.2792015723506,320.9427837954029,319.9265707757644,327.3915089133856,326.44692068923604,257.35873248784645,256.6767543889131,554.3155331655139,552.9573964482663,1039.5835405712116,1037.215019322348,102265.04402213274,102047.3147185972,Virginia
3,"Sumter County, Florida",28.70869529,-82.19247661,90365.5746026074,88733.31853954728,73163.71541027293,72459.62272149384,791456.0963778895,781964.1816486482,301705.0201981212,299032.3268165671,709489.1402651995,705993.884800931,194030.87890806643,193267.78521337733,297529.61541291466,296485.82166992687,13319.17754700482,13277.004541978567,87088.82392352606,86837.555716216,399693.1787521384,398634.0268377386,467445.47188807314,466300.1767976453,12458.561691023711,12430.176893704527,43616.71679671852,43523.85381052939,Florida
4,"Palm Beach County, Florida",26.67709172,-80.56373053,20388.347338270483,20020.076526016863,208436.27954515672,206430.3882412352,126344.97736468838,124829.72496205736,26260.183681497543,26027.554409774304,14652.971462536025,14580.78448226307,667777.4588353655,665151.1924845634,144624.11172666837,144116.74124962874,5723.856957160751,5705.733296944347,5523.475311261425,5507.539009942203,2919.127403034156,2911.39197110371,2141.193264800466,2135.947095393952,2284.784897806383,2279.579388707457,21557.00216593296,21511.105827523446,Florida
5,"Midland County, Michigan",43.57419001,-84.55437763,3455.537444676292,3393.1207337771693,50184.743514156144,49701.78948703453,14775.704235483929,14598.499555010098,17921.645575228293,17762.884333920418,18793.27288255584,18700.68895701515,17367.763274701036,17299.458524857284,218433.2543722705,217666.94657511957,13459.678929853995,13417.061050096989,11515.703803372118,11482.478756572456,9913.348652148366,9887.079146534545,13534.886995667845,13501.72496809911,13799.027586015976,13767.588756161873,11289.489027751157,11265.452930111058,Michigan
6,"Cass County, Michigan",42.06225929,-85.90993949,202.4332424814063,198.77672960182505,423335.6960044344,419261.715250662,711.0393909583493,702.5119119244573,806.2542473101884,799.1119386100522,14743.229684611284,14670.598052650235,770.8082888578128,767.7768180509408,677.54169594576,675.1647433796767,692.9961275579403,690.8018682602071,665.5442548770837,663.624030165411,660.5670553403721,658.8166105030659,867.3191456704201,865.1941141552832,16939.468016019695,16900.874205734526,745.5623021620854,743.9749488064559,Michigan
7,"Cass County, Indiana",40.72939342,-86.25965362,1210.0129314508813,1188.1566996676238,2855.7630322041614,2828.2805313417443,5834.271770751339,5764.3014838224335,17895.435460413428,17736.906404835667,6491.836153924858,6459.854514598202,6358.318772108846,6333.312479341815,6370.978933851124,6348.628258142317,5978.645838386952,5959.715430702045,6249.187950151981,6231.1578266225015,19484.655102176737,19433.02247282509,31911.00045188817,31832.814835926238,239617.37816334385,239071.4491161553,5448.03205087426,5436.4328164005565,Indiana
8,"Hamilton County, Indiana",39.94240296,-86.10103966,303.28235839237044,297.8042272513681,764.6121008583705,757.2538388162163,5681.929140817914,5613.785895539928,1989.189872774496,1971.5683741195255,1936.803589173828,1927.2620430893533,1859.3907118928696,1852.0780133358471,1990.325195995692,1983.3427348272196,1968.204824783664,1961.972824971712,2195.282738650175,2188.948920676428,2214.9252323420296,2209.055874482555,269931.77435920126,269270.4105114024,2984.3119552762805,2977.5126880664257,1399.491437032416,1396.5118236288065,Indiana
9,"Lawrence County, Indiana",38.87073858,-86.34789005,920.6671203283502,904.0372865025312,2089.5778844174797,2069.4687838503114,4362.910225379143,4310.5859435647,4858.188936568002,4815.152034468798,5032.664932805785,5007.871812505667,4984.767137938296,4965.16281313257,4998.980924621078,4981.443493924662,4598.080825064327,4583.521751498243,4368.152872130946,4355.54990091158,3884.984184345778,3874.689316544658,4244.624091526872,4234.224275023995,4031.759578048093,4022.5738725629208,2865.5201598825665,2859.419270623248,Indiana
10,"McLean County, Kentucky",37.49153121,-87.22032662,0.0,0.0,176560.1417784551,174861.01121545807,485166.2522696499,479347.6645840856,46.232176085992336,45.82262230740844,725.7676380793497,722.1921875772633,83.69799015809784,83.36881879678036,110.1177837059082,109.7314683689815,138.65719754445553,138.21816212591474,18269.105364498755,18216.395439765736,210.7034832428692,210.1451374678822,44255.54805610857,44147.11688079282,380.7587970602547,379.89130034995327,777.8430487050996,776.1869674226439,Kentucky
11,"Jessamine County, Kentucky",37.83050346,-84.51931615,21121.690576792585,20740.17352610529,15.997833553826016,15.843878036690375,87.08559010678141,86.04117463102446,63671.9332932742,63107.88714451625,605224.6260818357,602243.0234590928,288.0995110161682,286.9664598155723,104656.12777483874,104288.97302560449,122569.12652806396,122181.03136446328,298652.7407195476,297791.06943512737,1115.7678698221544,1112.8111826977024,134943.38893911155,134612.76213848518,2424.489305140315,2418.9655023743408,3938.816863944757,3930.4308522753618,Kentucky
12,"San Diego, California",33.03174695,-116.7176058,39574.23157408565,38859.4098102468,2624.368777494128,2599.113104534765,3983.306397388742,3935.534695537572,4639.761995420398,4598.660056947505,2823.534199389608,2809.6242284275763,49457.85692559862,49263.34675801524,1425.0255346677222,1420.026258428885,3833.187378939479,3821.050215812996,3415.015177750945,3405.162194291166,2746.9561154669464,2739.6769223679976,3661.403979777041,3652.433119528521,1982.1007076789288,1977.5848150543247,2445.998648944889,2440.790949800218,California
13,"Knott County, Kentucky",37.37099172,-82.8503912,0.0,0.0,0.7981790494159792,0.7904977550765788,27066.118167360288,26741.514835764385,17.868063391246736,17.70977681472369,6582.820664513469,6550.390795482155,32.64433419201501,32.51594903121255,1557.7906351364957,1552.325592217713,59.06696355423346,58.87993764050364,78.62738037178512,78.40052507599137,430.2537695384332,429.1136347352647,134.4219079629642,134.09255885061947,175.48102390390204,175.08121906122398,12682.90549835248,12655.902721329609,Kentucky
14,"Cuyahoga County, Ohio",41.28166353,-81.83937601,1538.6692963930568,1510.8766076492889,2495.666496657686,2471.649393041857,4112.144282047529,4062.827430413984,70457.24399659173,69833.08928551474,25042.24992992552,24918.880795801168,28862.17603725376,28748.665524530323,115894.7080944362,115488.12614464785,3705.542723103534,3693.809725977028,4126.746135100514,4114.839669303011,137665.90394481222,137301.10135757283,4862.18784947002,4850.274930835376,263264.39482366433,262664.5899124913,5493.322619844567,5481.626958638416,Ohio
15,"Delaware County, Ohio",40.17734323,-82.81856565,1274.1094444820114,1251.095449662596,2137.114411860981,2116.547842434621,3755.3978441434047,3710.3594443204447,5301.601349255697,5254.636420304601,33876.43938860386,33709.54915285097,23568.79329579717,23476.100845725985,10685.142502382332,10647.656873022574,5051.726646243806,5035.731177117319,5508.544236176556,5492.651013915022,5550.4369437405485,5535.728772004739,6617.061102369678,6600.848542725034,6294.609396195949,6280.268157107077,5457.603397909101,5445.983785380084,Ohio
16,"Greene County, Ohio",39.78941957,-83.9413805,449.4400980369167,441.3219476435929,714.1331209160064,707.2606444919709,150533.82471872697,148728.4760270738,40670.59639412916,40310.310596647,182819.4049201382,181918.75614659587,2601.5147593370093,2591.2834006962457,2899.3345901271146,2889.1631411444564,996.0501747925376,992.8963442440912,1032.8124029788337,1029.832538177674,1019.0468332397623,1016.3464483904172,1097.1054733846795,1094.4174389765733,1090.1322075787514,1087.6485194508089,833.9879887933246,832.212371076701,Ohio
17,"Clermont County, Ohio",39.20877458,-84.23150769,444.0300460592242,436.0096163983906,165216.57276503404,163626.6072979076,1044.0594100937244,1031.5380296429,1677.8007736272325,1662.9377560337732,68153.59231924362,67817.83775663772,2199.079337370784,2190.430695536491,2720.735053286844,2711.1901674071405,1449.8804260945783,1445.2896160178025,1727.184047611654,1722.2007854686387,1920.3881178012705,1915.2992574966988,2259.583001350719,2254.046763493054,2469.364815186729,2463.7387709029263,2219.494478203231,2214.769021997144,Ohio
18,"Allegheny County, Pennsylvania",40.37731547,-79.86635294,3301.4411629912856,3241.807863708604,4775.447557508767,4729.490928706702,7824.224918972015,7730.389169783686,1343.0354365228018,1331.137981452183,132871.6379756997,132217.05386394385,1180.6823064321593,1176.0388639629002,1051.1111284248032,1047.423619141023,1408.2806528153626,1403.8215616410046,1254.9746710453153,1251.3538248608502,1084.8379596730804,1081.9632341013594,1941.7878514856543,1937.030248242701,96318.02446945263,96098.57958724612,5164.761953740017,5153.765820761563,Pennsylvania
19,"Upshur County, West Virginia",38.8763551,-80.19443111,686.509011790946,674.1087310228666,221816.9917529762,219682.33085905563,1504.2573402808232,1486.2168166559177,1735.5294394280677,1720.1550248982535,2457.446616955979,2445.340154392151,2073.3450377202007,2065.1908896067503,528.2839042382825,526.4305780307388,802.3042444676183,799.7638788320447,937.899247244137,935.19322537043,1048.0761576877874,1045.2988476713454,1368.0471930402143,1364.695320302345,1531.5928329992505,1528.1033489626204,8334.491049244694,8316.746345286198,West Virginia
20,"Boone County, West Virginia",38.05258266,-81.7519919,1301.7155329173142,1278.2028946108846,144286.4332726536,142897.88948168285,79.52765313763281,78.57387982581704,116.44374614856008,115.4122139935755,173.98151092666708,173.12440150492054,257.7566417318483,256.7429243834719,181.36106886751125,180.72481775468412,493.7965834392138,492.2330570336355,684.6577934120326,682.6824224215761,904.6478065116664,902.250569062892,1167.761147911044,1164.899998985817,13002.863650622332,12973.23875021687,6092.972821992781,6080.000464314955,West Virginia
21,"Wythe County, Virginia",37.06277512,-80.92007066,4974.671980316118,4884.815433314515,2808.636729940109,2781.6077501254845,25098.621296503705,24797.614109550163,66795.0523389015,66203.33963160377,102421.03443405592,101916.4633843456,28979.26883940752,28865.29781864781,41472.31431218079,41326.82109085489,2530.8953326694814,2522.881665068092,2352.406568964745,2345.6194181591823,1771.9870389597377,1767.2914285155834,2346.4262327933698,2340.677219045062,27645.36397118591,27582.37852610821,1363.926110654083,1361.0222182733942,Virginia
22,"Clinton County, Pennsylvania",41.3405889,-78.01141702,286.7289972327852,281.5498662833444,443.0836455419412,438.8196199440853,743.4708683924898,734.5544393969299,176.29618762661477,174.73444479067038,172.52336584284814,171.6734398849247,150.9400382344768,150.34641420874922,128.22733964693288,127.77749234478216,149.85411141508524,149.37962279357623,134.5279916675366,134.1398522280948,110.6759819879294,110.38270032981713,289.17544211395125,288.4669290700926,220.3308149445349,219.82882718058,71014.32402007701,70863.12964610703,Pennsylvania
23,"Lander County, Nevada",39.59882101,-116.7842291,18033.77901035418,17708.038314752084,1029.60528270969,1019.6968527206026,1399.630496800867,1382.8447604992832,923.79420328376,915.6106515105304,823.4351727688377,819.378569046876,994.9038101786164,990.9910060484596,511.9534077057351,510.1573721651287,478.1209503886848,476.6070583204443,461.6052790718173,460.2734579984374,1212.9315009218467,1209.7173386855834,101.50280241692153,101.2541088937964,404.3693701935342,403.44808064987046,3668.6900386049415,3660.8791455023056,Nevada
24,"Franklin County, Pennsylvania",39.90665131,-77.895377,180.322895425042,177.06575750874546,278.27708093964293,275.5990750859807,455.1971629653669,449.7379938773611,161.22345326005305,159.79523421286424,129.69631698439238,129.05737590001473,129.93527570352546,129.42426018803096,126.52790386667375,126.08401852710476,173.59152013405006,173.0418708764069,145.34153176647737,144.92219315918686,115.15406020140144,114.8489120282602,200.75225862027887,200.26039253103988,171.8467000139599,171.4551753844851,134.17811163145296,133.8924372147979,Pennsylvania
25,"Allegany County, Maryland",39.55126096,-79.01946377,487.9862097221144,479.17180829755193,934.0180622476266,925.0295180610937,485.9930045138613,480.16450160768005,381.1483337109927,377.7718813462597,302.1656818542852,300.67708084452084,241.64854404641923,240.69817737627696,188.84919499535783,188.18667402973605,152.35690120837688,151.87448791087638,141.7544527497065,141.3454635635405,108167.67041595108,107881.03556380048,2960.3167451868503,2953.0636291802302,71198.04646834635,71035.8333518851,205029.1552315991,204592.6340762041,Maryland
26,"Centre County, Pennsylvania",40.92107394,-77.39607808,14857.396671258668,14589.030361360265,22070.25060761377,21857.85704606207,34457.47569534201,34044.22798320493,5941.397864987826,5888.765214922854,513472.57998468826,510942.9882839996,3683.809081074504,3669.321224821796,3279.608743151869,3268.1032159430924,5428.811999553922,5411.622551111196,5302.910192296416,5287.610264274487,64064.65495452038,63894.88923034095,13103.105216523967,13071.001103902605,9374.987415935697,9353.628038804469,421137.2356708248,420240.60556723183,Pennsylvania
27,"Anne Arundel County, Maryland",39.07725918,-76.76367486,5458.922492025287,5360.319020796696,30601.68557560228,30307.189554490255,247817.4807349672,244845.41139806152,10575.024687497627,10481.344448191412,30335.207593925574,30185.76302305765,2808.565648365945,2797.519990327133,3023.4937428338226,3012.886718567169,2044.343804327682,2037.8707228456587,1754.178699373773,1749.1175524063945,2181.0533566181093,2175.273756262451,535799.5577702351,534486.7873191941,29271.31707324644,29204.627159675743,5057.506747700885,5046.738968423686,Maryland
28,"Accomack County, Virginia",37.81184868,-75.60492375,11.025806737774374,10.826649702841497,56.96383905077674,56.415646242695146,120.9835745935725,119.53262137085233,134.5858318505909,133.3935856566037,137.68923327294047,137.01091556847456,135.0191960956036,134.48818630075868,140.8933967437751,140.39911436537943,114.5509285803712,114.1882217338161,113.73868188733074,113.41052365287425,77.897551486557,77.69112979819687,173.11677301924112,172.69261704355316,101.7367418010646,101.50495125673416,49.498860865437486,49.39347439046853,Virginia
29,"Kent County, Delaware",39.04284209,-75.53282965,1665.7156592536471,1635.6281563953132,2970.25360079798,2941.669297329872,1805.780935546779,1784.12424639075,1352.0242726805818,1340.047188829206,255290.44470619276,254032.77172546,915.8348546215996,912.2330165694748,871.9140718314407,868.8552218701096,730.5913560232723,728.2780575616392,694.7905874441353,692.7859813707281,1343.941034952223,1340.3797089259592,5772.2665454353055,5758.123829476535,782.7568120278629,780.9734285193454,392.0392450072529,391.2045665245881,Delaware
30,"Mercer County, New Jersey",40.24746962,-74.6629847,8134.906706857992,7987.967445384917,13089.9078923887,12963.936864371057,18986.13005171684,18758.429831434325,3232.3615709519536,3203.727273213719,24907.645216673965,24784.9392045522,49972.2760664109,49775.74276722602,85919.68599124986,85618.26244888193,3125.432847575473,3115.536673827143,21576.660839255557,21514.40797322102,28569.755340889493,28494.04799167301,15128.700332862603,15091.633279574453,7116.57106670834,7100.357122246227,6390.614763680246,6377.0087058628815,New Jersey
31,"Madison County, New York",43.01255158,-75.57684419,126181.96548617347,123902.76481579228,124982.28297077488,123779.51311179252,182749.2483147753,180557.5407901565,14368.536216955914,14241.250659610989,13832.139396974357,13763.996196372687,245924.1330782429,244956.95117204325,283038.63609604543,282045.6796235584,849.937177987994,847.245990431346,970.339925143436,967.5403055999884,31623.63872840903,31539.83885570654,79374.44505737953,79179.96855114141,170608.3563313917,170219.65306567572,3060.1028601799444,3053.5876909853764,New York
32,"Suffolk County, New York",40.80291312,-73.25855327,6060.79627861162,5951.321276474574,7614.839554603422,7541.557971969782,8611.012994583427,8507.741314131361,7502.275371235857,7435.815483633951,6143.765070718602,6113.498182593177,4910.354044225221,4891.042374706808,3811.689753927605,3798.317579497712,391.54914946483103,390.3093728952847,455.3737855655903,454.0599435638252,1568.885862071677,1564.7284519565585,556.7501339763912,555.3860322075526,872.8429421569581,870.8543121193151,1797.4069242314772,1793.5801214219246,New York
33,"Orange County, Vermont",44.03042544,-72.66603564,784.1532664738454,769.9892562387644,1047.917081321894,1037.8324273200024,520.849799340021,514.6032596965669,536.1234753757938,531.3741554493579,544.4652553758486,541.7829801288374,7812.192140027439,7781.467986236538,12496.913260173837,12453.071574533476,514.6360280796536,513.0065169689037,550.889117589229,549.2996952642153,22638.482115699917,22578.492121007468,11392.581251055915,11364.668118597,892.5098158352422,890.4763780391183,3577.364749672745,3569.748294383582,Vermont
34,"Clark County, Nevada",36.23284216,-115.0174041,18114.52349453505,17787.324326783113,7695.710295991797,7621.65045192859,17722.868004362674,17510.318056709362,10255.15490065653,10164.308269692954,117787.96377193544,117207.68847153404,37699.52305116839,37551.25660772892,1601.9438143230384,1596.3238731696583,1314.9411537152214,1310.7776068528758,2698.283251943701,2690.4981795890003,1073.0960493387097,1070.2524388008958,475.19046549836287,474.0261942841076,20124.43706137788,20078.58681948668,33530.239562183364,33458.851378889034,Nevada
35,"Grafton County, New Hampshire",43.71401219,-71.56225601,536.7936213260801,527.0976209755638,1381.405401235777,1368.1114147590663,43122.63376914319,42605.46501586646,1332.4845224662088,1320.680534047719,13712.163822188866,13644.611674021337,54149.04334490437,53936.083460464935,838.8547853714884,835.9119140373828,698.4759974314208,696.2643870188083,716.6010163245979,714.5334829188587,634.6098728567094,632.9282122793846,568.4570385004349,567.0642534710198,578.4327866247469,577.1149220254213,122460.47873326248,122199.75196195777,New Hampshire
36,"Worcester County, Massachusetts",42.31304362,-71.90533052,1821.458421738299,1788.557767196249,3065.56174998238,3036.0602463605405,140572.8029647771,138886.91657752384,4788.580275880095,4746.16001120574,137569.71481890237,136891.98591489275,172091.06904240936,171414.26125574362,3047.6099092158324,3036.918280586216,2542.0131884988887,2533.9643180189337,2844.855382070976,2836.647420593197,2553.930565092168,2547.162872794525,3734.571971176226,3725.42184094572,3539.108403365682,3531.0451230921226,52342.27718509636,52230.836881462295,Massachusetts
37,"Capitol Region COG, Connecticut",41.60246114,-72.75108047,10246.80259752252,10061.716565144174,11373.989742424572,11264.531891972583,89422.76323191283,88350.3180927131,3336.33606599562,3306.780696594172,12384.424936731417,12323.41381411472,5748.989293186144,5726.379399827137,6090.784703210184,6069.417005227334,1496.8283831258236,1492.088919994393,33193.29026630672,33097.52116340484,67115.28048523123,66937.43087060098,1588.7166595252656,1584.824121251474,2188.0744456893053,2183.0892755548643,119049.4921809288,118796.0276343022,
38,"Kent County, Rhode Island",41.66667273,-71.59672773,617.5611567321075,606.4062678618793,911.7638876187482,902.9895069907926,3533.6835032704994,3491.304118429478,1748.683836746328,1733.1928922674022,1059.0919731397612,1053.8744204018917,6140.862723143185,6116.711651672738,755.0782270506363,752.4292607359117,598.2571209238731,596.3628372506754,1370.650927433427,1366.6963327349551,9.737193935819626,9.711391224774609,80.4977250859736,80.30049641466104,10750.532003689765,10726.038672953358,179350.25285130064,178968.403843014,Rhode Island
39,"Piscataquis County, Maine",45.39211237,-69.24794622,737.7568424885302,724.4308819719107,17561.82505797647,17392.818432826294,2696.8381211547594,2664.4950037010944,1570.9626125217612,1557.0460347518626,1770.382927345055,1761.6612426151978,877.9330497710146,874.4802737056289,6133.568056466754,6112.050265874228,923.6786818596162,920.7540038488884,963.0871973319988,960.308503319902,958.2023731586748,955.6632207991528,979.9848608979148,977.5837854412496,947.257403091184,945.0992318622204,33470.43706865077,33399.176208973135,Maine
40,"Kootenai County, Idaho",47.64818073,-116.6294762,254.79836959025195,250.1959954510903,395.60424760678,391.7971410809847,581.5390070134006,574.5646231005584,339.8764739231608,336.86563372632264,246.404063315254,245.19016855655667,883.9611146517075,880.48463113147,170.075836202211,169.47917595575143,142.97785860234958,142.5251425147233,155.84090795878973,155.39127660766755,169.72398706546983,169.27423336594163,59.57042597738737,59.4244715923101,188.2916044933361,187.86261283579216,210.82564836797968,210.37678608052332,Idaho
41,"Custer County, Idaho",44.43004937,-115.2177288,868.0668001580012,852.387075838977,1250.347166666411,1238.314422107872,2009.088790258938,1984.9938346854228,62460.60549242425,61907.29004942022,998.4698511856634,993.5509496758258,805.1116094732911,801.9452289663965,2400.178849786648,2391.758539553053,595.7279591300271,593.8416836354625,567.9342087968735,566.2956080662017,533.2545620145926,531.8414841332449,238.7737295140134,238.188706454466,4636.483565494248,4625.920095204167,737434.9656282914,735864.9159304271,Idaho
42,"Bingham County, Idaho",43.02868119,-112.4327899,463.6412698432272,455.2666064040301,729.7596440899938,722.7367854627563,1421.0852162959015,1404.0421740377162,24879.381853759038,24658.984595622485,63478.61264106596,63165.88908392323,443.1338050009548,441.391027694565,314.20874041422354,313.1064329454988,324.7892125268407,323.760820417491,359.8321868126843,358.79400091879427,331.06459381786726,330.1873016423368,124.9942187462226,124.68796855519246,326.0885627170756,325.34562320364074,25775.619977202427,25720.741911686524,Idaho
43,"Missoula County, Montana",46.82138594,-113.6065082,152.33213967005165,149.58059341287566,303.15946434714147,300.24200230760385,524.2621565721475,517.9746926070268,602.9093746624668,597.5684231122435,663.0632733881945,659.796732157416,661.824265690954,659.221412335946,400.8000494896122,399.3939622896344,518.0609684857441,516.4206128593738,459.1179465356752,457.793301900777,418.72540055342506,417.6158149182922,280.2657615561768,279.5790782529269,377.4080060061639,376.5481435258232,63759.01666365305,63623.26933742799,Montana
44,"Judith Basin County, Montana",47.2494843,-110.2231123,128.3400540679798,126.02187225696215,289.93269476715795,287.1425208472191,459.0043609506797,453.4995322249516,519.1872084230879,514.587920632554,561.5312856330867,558.7649356171681,547.1676533280065,545.0157268483543,325.04263621113563,323.90232125657013,405.98651565855073,404.7010255218637,383.8681449737656,382.760610662409,358.3495858887071,357.39999087409285,249.28917423616497,248.67838712939025,340.0847642129057,339.30993664107774,356.2173815557054,355.4589702810121,Montana
45,"Valley County, Montana",47.83744486,-106.8433126,3.266570298657158,3.2075668651168665,6.713377141772919,6.648770803288976,11.224111536486465,11.0895010254254,13.291438619121411,13.17369467172096,15.040785846870495,14.966688322419994,15.14485892142616,15.085296513551004,10.276238309773266,10.240187198577807,10.801739585396362,10.767537637399233,9.05931428074122,9.03317639580688,8.04492690738556,8.023608555739516,5.128234441429678,5.115669678090313,7.706932837543297,7.6893738502403055,8.159974867982477,8.14260172096179,Montana
46,"Lewis County, Washington",46.60869095,-121.4945952,414.3928389066628,406.9077404411397,854.8000485679715,846.5738607480973,2041.7176880696725,2017.2314148764617,2075.853661257824,2057.4644400977804,19434.212185771157,19338.470711404563,2245.5088982022044,2236.677656024519,836.1728769724674,833.2394143125277,813.5801584190303,811.0040894396079,798.7369059352588,796.4323945017027,752.6017523142887,750.6074235913593,314.14322015855737,313.3735331910367,836.9631299450219,835.0562461974193,962.9057124615248,960.855620055568,Washington
47,"Musselshell County, Montana",46.4465773,-108.0131914,89.67634585203031,88.05653919585899,181.34722275847125,179.6020236121646,275.86513367393616,272.55668948153266,320.91220070690287,318.0693580046963,348.5031503969106,346.7862706427197,342.4447139514118,341.0979314007861,203.3209500732873,202.6076592796624,274.3900010493907,273.5211898294358,248.8689074462864,248.1508722103972,211.5105820649259,210.9500975487545,134.13700604955147,133.80835497961445,187.15747314993092,186.73106542535717,197.7132357453637,197.2922906851016,Montana
48,"Fremont County, Wyoming",43.04388094,-109.277895,84.8250038243217,83.29282602984385,145.86621570086544,144.46246883756123,222.8748863876803,220.20195301012103,204.523319311437,202.7115227376239,187.9421585004068,187.0162727902754,170.4196187611166,169.74938453211251,99.81496524144733,99.46479426424568,114.84073078426778,114.4771063262642,147.59327017388648,147.1674348630297,163.11100044276355,162.6787705785513,147.50146990583065,147.14007436458888,213.19089107212704,212.70517045818664,270.2294411955179,269.6541041525536,Wyoming
49,"Johnson County, Wyoming",44.32489043,-106.7112461,7.497522707862426,7.362096391461996,798.7298329547316,791.0432381373475,22.194405737761493,21.92822874109277,25.979907572642887,25.74976116348737,27.732262038629884,27.595640722071305,29.21940022339995,29.10448480272797,21051.34039773233,20977.488060854324,120099.0339266144,119718.75990867596,20.108506110891465,20.050489156998463,23.848335387609428,23.785139387717976,29.370823155634824,29.29886126577825,33.018702985930645,32.943475265810015,36.0528119948034,35.97605308151892,Wyoming
50,"Crook County, Wyoming",44.24892369,-105.0387513,1533.2116542201757,1505.5175458214771,17905.60711085604,17733.292091256393,78.56884279826406,77.626568476758,83.91401200239652,83.17064875192364,81.92767414092029,81.52406239485633,77.32965330254858,77.02552763358416,1020.9950537307236,1017.4131976952276,2139.9261195676954,2133.1503922618726,50.50688820719993,50.36116600445465,57.694191454793184,57.54130690089644,72.75357825597067,72.57532363377689,84.15770597828306,83.96596639499217,88.83621163895306,88.64707324201753,Wyoming
51,"Albany County, Wyoming",42.22317644,-105.8451005,88.94127050799192,87.33474137694438,404.3418113886895,400.45061871797816,222.8748863876803,220.20195301012103,217.95173894048176,216.020984955076,200.41763080034443,199.43028542825203,198.1138369802051,197.3346856374856,126.89967552476622,126.45448593543374,134.23110644478385,133.80608552237356,159.8206630576078,159.35954933843695,182.793706987018,182.30931967447995,213.6505089854493,213.1270407015016,257.0096433084701,256.4240888267162,272.33360767138566,271.75379071345446,Wyoming
52,"Sanpete County, Utah",39.1005072,-111.9317099,676.1888489222421,663.9749792790658,1514.9409161816916,1500.3618476224417,8221.96422991607,8123.35840233524,11291.424845887464,11191.398282079866,82849.50072280705,82441.34765367754,45594.32052107759,45415.00504975124,3363.9889126218995,3352.187362804407,28426.891694319667,28336.88257460681,7068.922095097709,7048.526879013391,2896.554869162583,2888.87925246976,1197.0283237505796,1194.0954668833242,26176.102125601145,26116.46415358895,32577.05870227605,32507.69990650857,Utah
53,"Duchesne County, Utah",40.52141335,-110.3182862,23.815690805944357,23.38551254519719,12411.175720657426,12291.736487219585,201.2444502361011,198.830930180957,7815.800824942293,7746.563531102598,394.31798846100367,392.375404669922,151.0738426536284,150.47969239563744,116.72964099789873,116.32012993552692,115.73645143607128,115.3699908246027,118.63489238667268,118.2926076319653,129.75985110513088,129.4159988654221,76.58681954017396,76.39917303660094,127.2288955396206,126.93902528793352,117.01131293499404,116.76218781198912,Utah
54,"Mohave County, Arizona",35.72391313,-113.7436192,204143.34960789245,200455.9473908842,408.5454324938072,404.61378617923816,544.9337203414992,538.3983427883517,135.4627635360374,134.26274892802044,142.25276104025767,141.55196139144644,19205.606155685116,19130.07345159924,100795.25883452893,100441.64879020338,14633.98110263363,14587.644986426949,191409.2420645986,190856.98914683756,410.5502712212452,409.4623489627797,264775.4038077083,264126.6736599498,459.4005366816093,458.35386761615655,182.01710521960248,181.62957829943173,Arizona
55,"Gila County, Arizona",34.1838784,-111.6056914,3409.758370135143,3348.168557889734,5820.307927315118,5764.29606084435,9407.86319795027,9295.03491136812,5463.97581680292,5415.572472394028,4953.026059579001,4928.62527538527,16794.07717276233,16728.028642390374,3637.9230149708455,3625.160449216751,2757.2572259132635,2748.5268202679645,2979.80230607665,2971.204996458097,21868.357704914957,21810.408472455565,15061.080671546222,15024.17929419416,18042.09650546177,18000.99053631208,2818.396526340737,2812.3959665342563,Arizona
56,"Apache County, Arizona",35.34591005,-109.516242,24.22727866357516,23.78966597020192,341.43477798684324,338.1489725909942,149.13927253144072,147.35064867204017,112.87924178666356,111.8792862597719,38.911592173614935,38.719896561308055,35.48065822349967,35.34111823519398,31.758085656628708,31.6466719035754,25.79239614679542,25.71072872788016,24.00974903429065,23.94047623525608,25.64473311354537,25.57677681702741,21.73026666134875,21.677025012391493,20.929883583439604,20.88219826324265,17.756956621464237,17.719150841052446,Arizona
57,"Ferry County, Washington",47.92035993,-118.472439,9175.160454883156,9009.431289236923,581.0652349069458,575.4733403276796,1115.2767832762931,1101.901294509691,801.8694683010806,794.7660027392837,637.4101973258767,634.2700344273283,484.1265813045701,482.2225856946756,350.5075343424133,349.27788340259366,337.2243932542797,336.15662717176457,342.9703866851448,341.9808503664721,356.1626121307221,355.2188124050085,162.49768098099003,162.0995430003574,455.7661612402426,454.7277725054445,497.99099616953447,496.9307391305848,Washington
58,"Pima County, Arizona",32.04276153,-111.6857101,4906.558703096408,4817.932473173025,65146.75717004996,64519.815862273535,103519.57830795347,102278.070390328,200979.90009350696,199199.49336228127,852.3286042435371,848.1296587738136,97553.07549446888,97169.41420701669,716.6551237926419,714.1409534534747,659.1155837421546,657.0286016647748,623.180225550101,621.3822293084417,579.6233659250223,578.0874147747751,576.2788495920342,574.8669002271399,620.4213911122368,619.0078623377319,630.680785289524,629.3380225747823,Arizona
59,"Valencia County, New Mexico",34.6249543,-106.5737299,3583.6128742078017,3518.8827613599697,4856.265323119432,4809.530942701409,68813.7667978136,67988.48487803053,1958.46886675232,1941.119514147211,1499.000889239942,1491.6161517553055,1171.2368800042848,1166.6305849488365,1244.4610525899257,1240.095232877214,1093.7135175056846,1090.2504518990986,990.2912916985364,987.434108579399,1027.0917028695364,1024.3699998203256,946.0556641080587,943.7377190801652,1019.4294389126584,1017.1068354916238,973.7343821438152,971.6612347562594,New Mexico
60,"Pennington County, South Dakota",44.05773319,-103.324472,54.68788498715222,53.70006819697783,87.27402854053605,86.43414493059214,147.23899565185826,145.47316176929343,134.6680083983574,133.4750342326739,124.94375610822564,124.3282282284046,3415.916622141436,3402.482345851965,113.14488360833413,112.74794859600748,110.38826768404152,110.03874122481017,106.66930275847506,106.3615410587342,111.84753825124264,111.55115207164968,136.41622135685355,136.08198594765466,146.35448956883675,146.0210447759152,129.43093638067634,129.1553690262241,South Dakota
61,"Grand County, Colorado",40.03368077,-105.8666298,56051.73542088375,55039.28366159245,122796.69778489016,121614.96095493664,7390.525110226174,7301.890712851982,32411.878265677635,32124.753402897662,7269.311864961758,7233.500038429809,7634.651036191388,7604.625124338305,6425.8386790066525,6403.295544276055,2092.819772459192,2086.1931997243914,2045.280648115566,2039.3796153682504,2236.872982028589,2230.9454645548585,2901.8295939847803,2894.719778215629,5304.022969092788,5291.9386193349455,3840.15270661284,3831.9767577118646,Colorado
62,"Custer County, Colorado",38.1055194,-105.2752917,1364.314974722424,1339.671614690604,2301.244781112539,2279.098699323412,3161.5596807783804,3123.6431683670244,2727.123514984808,2702.96493464566,2551.8281554467617,2539.256727925172,15981.922949130774,15919.068496787298,6746.868471292947,6723.199099471511,62971.81043478218,62772.420459792665,366.0113772702832,364.9553632092534,378.9955300236596,377.99122506547457,431.1343162354847,430.0779876466015,493.9915478106124,492.8660687778204,537.0973983997944,535.953881144191,Colorado
63,"Dawson County, Montana",47.1804594,-105.0375055,24.96235400761357,24.511463789116537,48.622050950707134,48.15413553121451,91.00558200933068,89.91415416100048,102.33018030614888,101.42367502009868,112.79228964602066,112.23662523293996,111.472443935173,111.03403990599357,73.55348032045393,73.29543991520916,79.5638619896675,79.31193598749833,69.22769305762493,69.02795768921447,61.26098287109531,61.09864663236212,41.02587553143742,40.925357424722506,66.26933583158767,66.11835197705396,71.59246772996475,71.44004244832242,Montana
64,"Mercer County, North Dakota",47.15958973,-102.0734343,95.8507458775357,94.1194122165098,119280.7027601069,118132.80218869838,271.60669797681874,268.3493251056191,254.5647974084218,252.30970185594012,247.9972405349669,246.775497084772,233.9155551694122,232.9956011587722,215.3497260547728,214.5942358952532,275.970756150765,275.09693972740314,290.1331902926404,289.2960995693807,286.44012228462225,285.6810810499786,265.86528038196343,265.21387991143,375.8356463116668,374.9793661959961,417.7252844062776,416.83591858130137,North Dakota
65,"Eddy County, North Dakota",47.70645859,-99.03324693,102.05457737800911,100.21118509703442,165.00654930586066,163.4186050042976,300.90786501478294,297.29908392237627,57104.26024599892,56598.39468791903,275.16246265405925,273.8068913752745,249.83639730828537,248.85382906676267,225.4400785354997,224.6491893896664,314.77787947235174,313.7811866175347,378.6315614410048,377.53913569234805,383.8901883047506,382.8729129308458,520.7747716444046,519.4988136449103,659.6520149988339,658.1491056573468,724.4951207225095,722.9526208433165,North Dakota
66,"Hughes County, South Dakota",44.48283152,-99.79847762,161.3291798563986,158.41512178586518,2126.955786554435,2106.48697889108,555.4810063317079,548.8191354206823,10612.049067183943,10518.040842567843,559.9110782233903,557.1527100615702,542.9399517113619,540.8046521339062,524.5929430658119,522.7525654925486,504.70369510594696,503.1056331088489,512.740610297227,511.2612538406789,548.1467409752578,546.6942001240766,622.4847547327597,620.9595955937015,5177.4281560769805,5165.632231917391,387032.6102483553,386208.5912350091,South Dakota
67,"Morrill County, Nebraska",41.74325238,-102.6958257,30.96035923699144,30.40112819905102,77.21822949277568,76.47511809498168,177.0477353173866,174.9244059067865,164.2380001333654,162.78307632842544,143.00889347565575,142.30436878599957,133.06593413701555,132.54260622194698,20098.3731367718,20027.864000747533,97.50528459114147,97.19654999828572,99.44284167630512,99.15592972328848,81.25608150785536,81.04076000911384,91.1426862179626,90.9193761693441,97.43220299373716,97.21021963779872,137.02643936305253,136.73470066099893,Nebraska
68,"Grant County, Washington",47.4129124,-119.5470861,55758.29701174623,54751.1455742263,11708.384346941157,11595.708442363746,91892.86971337124,90790.80064404896,81672.29142786186,80948.7867522941,75835.63181669095,75462.03214976093,132.87861972357928,132.3560284873766,79.97945178339818,79.69886777759008,66.70719293688126,66.49597548196816,63.834027571549896,63.649853977847805,68.3165535969902,68.1355207138338,50.375843506200056,50.252416904139366,110.4747134428976,110.22301485780088,115.83094063214963,115.58432860285988,Washington
69,"Valley County, Nebraska",41.52161835,-99.18350983,197.3375045433781,193.77303500200048,280.13400993130006,277.43813387901173,748.7726788454745,739.7926653593015,768.435430383861,761.6281446198059,729.4100925456792,725.81669771132,755.8507443498229,752.8780992719602,761.3979363127526,758.7267991866412,682.958422502897,680.795945962338,728.802257684005,726.6995213221893,595.6350930778615,594.0567122531331,857.2957835331151,855.1953104063588,965.3262135346152,963.1268754731584,1043.9925306930431,1041.7697988810378,Nebraska
70,"Cass County, Nebraska",40.93518639,-96.34583201,477949.6428127988,469316.5299736524,433.9991738334504,429.8225728568769,839.9192842727799,829.8461516476743,715.7904690252087,709.4495455368062,659.5258235140418,656.276709316745,715.6874612579389,712.8727722139712,744.35053503663,741.7392036235115,730.0644376561476,727.7528075956501,779.3615065423098,777.1128969070793,835.1857006869327,832.972531734379,1012.48960510109,1010.0088892880832,1263.2676777447905,1260.3895287351415,1337.8038448117177,1334.9555685294038,Nebraska
71,"Beltrami County, Minnesota",48.02901973,-95.4795737,224.60245248770667,220.54550141465216,341.89716762385257,338.60691241075506,556.6654665484086,549.9893904332932,47298.72694628791,46879.72498741342,155.4303648026379,154.66464648355753,167.69031471820108,167.03081442349534,180.53796034103053,179.90459685849376,282.32003263593504,281.4261122633484,294.5319458052492,293.6821638161961,242.1801654702452,241.5384092444114,277.70164433546194,277.0212434138818,306.4216477976521,305.7235161366584,305.6407796393519,304.99004942435744,Minnesota
72,"Aitkin County, Minnesota",46.26358649,-93.66377494,4221.402639450564,4145.152252252093,7107.262047715807,7038.865148829899,10791.34001299348,10661.9197208429,48463.46106110984,48034.14115274311,2676.177841445467,2662.993812694625,15250.14597071547,15190.169485019836,2451.431856481629,2442.83174039031,3160.899009900528,3150.890538329249,3040.887093124759,3032.1135420065034,2053.949083030888,2048.5062978671194,3000.535156895329,2993.183501161095,17901.58372023711,17860.797886511427,9009.307748033536,8990.126312968663,Minnesota
73,"Lyon County, Minnesota",44.42138655,-95.74181715,148.48049752285277,145.79852273993734,221.68467796619288,219.551290397026,356.041382857108,351.77138675545785,36003.486774776706,35684.545178270855,66.02281331975172,65.6975559113917,80200.6611969213,79885.24429413924,83.03313184051167,82.741834910774,133.15095567042053,132.72935486940096,143.53488769469664,143.12076160718428,117.62736473871104,117.31566252518374,139.0580598195474,138.71735160270995,20151.19280755269,20105.281607065222,188.5267789995956,188.1253925367833,Minnesota
74,"Sac County, Iowa",42.41935156,-95.02634463,409.3886060998989,401.9938981329227,297.8744506113589,295.0078490223956,74795.49276833283,73898.47214680025,594.1671887298611,588.903680977116,13424.618194928618,13358.48262295354,745.8968846759243,742.963386601867,822.1791557534584,819.2947858825821,851.1227008436942,848.4277595221326,883.9623619734803,881.4119585116349,47235.62408274955,47110.453816318426,337.9195953816539,337.0916535642121,429.57804780280594,428.5993244058316,459124.1566409752,458146.649773231,Iowa
75,"Rusk County, Wisconsin",45.46791696,-91.39624127,505.715665558337,496.5810203693686,795.0366122135542,787.3855591904506,1288.0379774815417,1272.590567693138,1642.7910046543616,1628.2381256782896,1925.59722884886,1916.1108902227345,2053.2767883895503,2045.2015656235187,2053.2306663482805,2046.0275201355216,424.0069963012477,422.664447249471,437.4645996085266,436.2024290939523,367.5400077462248,366.566058918681,415.0243666004121,414.00750923830014,481.0778746820626,479.9818173436437,295295.72695833805,294667.02207112603,Wisconsin
76,"Chaves County, New Mexico",33.48134861,-103.9155591,461.78896277248776,453.44775720107,713.333244950501,706.4684661511158,402.0659543039949,397.2439865773576,343.35688887027493,340.3152169624227,304.4339009394466,302.93412568514265,291.0967235833235,289.9518848052838,300.4540069157138,299.3999538190531,292.067935487082,291.1431499687695,276.70132962608096,275.902992435117,254.49485191848768,253.82046285221472,285.67889791101913,284.9789518020222,345.6007254146915,344.8133306264692,338.46042493424113,337.73981943995966,New Mexico
77,"Randall County, Texas",34.85870122,-101.7896096,525.00343713842,515.520400626285,1146.5324799697023,1135.4987984232205,2170.03361179792,2144.00844868775,2797.1706113699674,2772.3915096660025,3072.1525402240786,3057.017765998682,3051.712589986093,3039.71067230924,2799.0416494446704,2789.2220482732105,2530.63190246614,2522.619068973557,2209.8142881948875,2203.4385438723966,1958.7901787438575,1953.599556341441,2300.79013147947,2295.152931420511,28373.666992682345,28309.02222816113,2657.4658375808235,2651.807910265398,Texas
78,"Texas County, Oklahoma",36.74873009,-101.5000045,38.340285414102205,37.64775218336882,69.33360315691486,68.666369641015,59.25093012146756,58.54033508162256,59.46881024295694,58.94199800946849,53.95237802048543,53.68658488372806,52.71264238954599,52.505331649811005,48.938270870344496,48.76658557153412,77.6933626448374,77.44735927400136,68.44222568857761,68.24475654640409,47.33215605635088,47.20672998864498,269246.4361449621,268586.7514544966,69.33665075639439,69.17867852594586,74.95395172120635,74.79436960923888,Oklahoma
79,"Wasco County, Oregon",44.87742596,-120.8593635,10644.2856809832,10452.019987812617,3115.2408539592398,3085.261262343931,4615.59385143235,4560.239140712314,5373.70382399002,5326.1001658361765,17795.707870355258,17708.038388689714,49510.656856868736,49315.939035251824,2320.4926612843706,2312.351906229999,2362.4939381654563,2355.0134861347574,2343.111660555271,2336.351327369557,2417.011075048308,2410.606207406445,1816.638190255474,1812.187218055488,2620.848640582385,2614.877465152016,2110.745771388149,2106.251848649059,Oregon
80,"Cleveland County, Oklahoma",35.30086027,-97.47670229,166351.7803968382,163347.00005490315,4821.641384384416,4775.240208232787,4922.621437907229,4863.584552416308,5012.588540943749,4968.183869755192,4759.230679507333,4735.784616566827,5274.0443451153,5253.302337410562,5338.415633864002,5319.687397925665,8660.923293571785,8633.499891465854,7690.192411045499,7668.004709180454,5536.8704967518825,5522.198274912302,5712.464675503532,5698.468480994107,6982.846665880781,6966.937390617908,5058.866758053096,5048.096083220436,Oklahoma
81,"Rogers County, Oklahoma",36.28372003,-95.63163853,103100.48410381869,101238.19981001595,1181.6135176201838,1170.242232905437,28800.927013346503,28455.51815922952,20868.718399455705,20683.85012808549,39232.87246629086,39039.59408599669,50492.68393297319,50294.10394944673,21973.047070684755,21895.961201384227,3798.015940186656,3785.990141688963,3547.422303837596,3537.187300048364,2628.6518439168603,2621.6861467752,2744.745033818529,2738.020093262338,3038.2089749555225,3031.286912192085,2207.305803300805,2202.606297620852,Oklahoma
82,"Logan County, Kansas",38.7673038,-101.0284679,44.57354838954375,43.768424923767256,100.38660195258343,99.420529192475,194.67355310705972,192.33883766979503,159.6065708990832,158.19267521576177,115.35760319295358,114.78930091738334,103.6860039307618,103.27822277617264,96.81444549370909,96.47480094337776,96.68856402012015,96.38241543984851,93.73495468112525,93.46451109302836,103.90679931897036,103.63145540201526,108.36631743256562,108.10080750940404,109.34058209949238,109.09146744736591,279.64679003170806,279.0514028061731,Kansas
83,"McPherson County, Kansas",38.39197065,-97.48884753,124315.4270241771,122069.94128046928,1736.625057076799,1719.9126061168986,3049.942310473989,3013.364422613104,2889.2513323068542,2863.6565214931925,2502.7903412213104,2490.46049553431,2597.072958876345,2586.859069155704,2662.55611861694,2653.2153361435408,2675.164144169308,2666.6936728883343,2957.180211173527,2948.6481707017574,2796.006599864911,2788.5974272786616,3595.3585569333127,3586.5495155558224,7605.0777955328285,7587.750868301867,5784.029038365974,5771.714443225523,Kansas
84,"Caldwell County, Missouri",39.68010457,-93.93551551,334.12518578317054,328.0899465594505,566.8956713174907,561.4401378575385,1143.5915929455962,1129.8765253189845,1314.1780233777072,1302.5362054757084,1479.6396097075597,1472.3502543989707,1727.100760973301,1720.3083385083391,12370.994102922788,12327.594167016414,2040.0230853093467,2033.563684679932,2237.7252801525765,2231.2690071859083,2404.9307061011946,2398.557850378917,1645.153164455113,1641.1223502627297,1919.3626599047348,1914.9897056717716,2943.4764426660995,2937.2095791257448,Missouri
85,"Dade County, Missouri",37.39648815,-93.63067538,2396.1767595801807,2352.895077798282,37726.74626193513,37363.68205633135,32944.3602253827,32549.25927221568,34467.77867954796,34162.44135405963,34852.3240767887,34680.62620396951,17185.359787949994,17117.77240305049,1961.7294052460609,1954.8472638639687,1186.4765947531437,1182.7198099804002,1323.5739786872073,1319.7552101485594,4858.094690883416,4845.22116547513,878.5339106292347,876.3814016519761,125735.84231459071,125449.37374074016,1830.25218884878,1826.3554562146437,Missouri
86,"Johnson County, Arkansas",35.49289456,-93.59063588,278.87868493266774,273.8413526704498,809.8346632434943,802.0412008378171,1855.8146996063404,1833.55795667069,2217.1717929446745,2197.5306866320248,2313.525010365968,2302.127568917912,1877.7731903694744,1870.3881963433116,90264.21138805324,89947.54637663305,28268.641812830727,28179.133765577037,695.0262391753446,693.0209532008278,490.2442881254608,488.9451837026314,762.6564961318376,760.7879001281699,1008.5520986111932,1006.2542774328832,754.1841741165794,752.5784642033033,Arkansas
87,"Marion County, Texas",32.86217276,-94.5241288,210.57767547752357,206.7740512649313,512.4172486988562,507.4859895851002,28148.153441638395,27810.573285927432,119777.77621774146,118716.70912132984,6127.625779030941,6097.438400152746,295735.7790399395,294572.6955681263,1607.34255441723,1601.7036733975697,1517.3516535618128,1512.5472068393017,1417.7016670528562,1413.6113218129926,1322.6181735917858,1319.1133512804493,1382.6289857921238,1379.2413859873495,1390.058401639886,1386.8913806810535,1324.357795941084,1321.5381472204542,Texas
88,"St. Landry Parish, Louisiana",30.84054963,-92.01150228,13681.126440724507,13434.006874666662,7227.377047544403,7157.824219210167,13394.50608543539,13233.866082553215,6227.341321964306,6172.175604387043,4448.3527218688805,4426.4381804394025,7411.562085010093,7382.413547794284,3082.209267363761,3071.3962572256337,4958.862485987628,4943.161056090174,3668.195845260616,3657.6123862979584,9174.51130866181,9150.199657293151,6831.976922913012,6815.237794825788,116584.87532123733,116319.25573058588,882.9480073597211,881.0681504003974,Louisiana
89,"El Paso County, Texas",31.77308956,-106.2230818,39775.98865709668,39057.52259371724,220364.7925380048,218244.1069164468,1794.138452092854,1772.6213909726532,2141.6437077253954,2122.67167683401,2318.33157221509,2306.9104515299423,2230.920962781649,2222.1470927171063,1877.2865161702637,1870.7006174298824,1612.5385205217815,1607.432680098002,1508.7659405152572,1504.4128571224142,1524.834145824081,1520.79346889851,1327.073112676636,1323.821631141371,1447.1515941851158,1443.8544957150195,1380.3744187379814,1377.4355067795111,Texas
90,"Douglas County, Oregon",42.80834786,-122.7941288,32226.363112137285,31644.264488723624,6080.365105933401,6021.850573255717,6477.068100615319,6399.388772111954,857.6111530808118,850.0138925139148,7565.707570669036,7528.435568566858,4277.812824558446,4260.988842665197,759.3002071376357,756.6364292674574,774.0880586083135,771.6370349267659,757.1583439773235,754.9737947875437,63683.28819386999,63514.533058202185,601.531529550053,600.0577082190891,762.2651258646601,760.5284293151105,581.6951371365626,580.456668231671,Oregon
91,"King County, Texas",33.42197646,-100.4747257,136055.5818971271,133598.03598496562,69613.0945212977,68943.17131385968,859.5191817426676,849.210987998774,790.5237991068076,783.5208406394731,239.1402492721208,237.9621392552677,269.20895784635604,268.1502002947618,12437.968604620122,12394.33370868896,248.4131747800355,247.62661494692165,280.57642102516604,279.7669034412981,310.9393031704242,310.11534125232663,422.71671826255664,421.6810137554357,3830.7606040727137,3822.032841910308,451.2890909568986,450.3282654822039,Texas
92,"Pecos County, Texas",30.79490767,-102.5121274,86615.11222703132,85050.60004739955,4720.629163179487,4675.200080449151,1525.746690971569,1507.4484460589292,1364.2195014746922,1352.1343845940244,335.91961674405104,334.26472900955986,373.4568461505462,371.98809763927954,346.2058722092739,344.99131236555473,356.45671079279066,355.328048711153,412.7741045073982,411.5831708767563,464.3391709905492,463.1087128590872,664.0545649972847,662.4275550489467,730.8445582855767,729.1794483657286,660.8061061835401,659.3992045912398,Texas
93,"Ector County, Texas",31.77998214,-102.3887614,765.8651947742723,752.0315184749246,1140.133346548172,1129.1612472085435,1425.0116719362825,1407.9215397860644,1225.7695631509523,1214.9109231568525,243.91978093125968,242.71812483991428,240.5782264269669,239.63206915190293,201.3294246810762,200.6231205591494,202.91422876827272,202.2717339325713,275.5754892236147,274.7804003013367,326.3782542093916,325.513380423345,525.9289321599548,524.640345875262,579.2833851323007,577.9635825832476,518.0060661447592,516.9031956469528,Texas
94,"Johnson County, Texas",32.37182664,-97.11815228,20006.49350293788,19645.1200433616,30571.11459810585,30276.912777495032,42289.28750837744,41782.11305760633,38125.76906191876,37788.02695019807,8474.201080645773,8432.453440052763,89555.68635593561,89203.47757367187,235771.17411563292,234944.04140826443,7694.696373780039,7670.332371746004,44874.80443722944,44745.33189234546,76967.61822855979,76763.66078188013,13571.121333839114,13537.870527980496,15748.315847959191,15712.435883277163,13886.345070615029,13856.780088075884,Texas
95,"Hays County, Texas",30.14290618,-98.02819061,3314.1834333426077,3254.3199728715595,99888.25747469468,98926.9805440682,84797.95188728349,83780.97200398735,175611.39347395618,174055.7169765776,665680.0716431246,662400.6389135472,7622.80113316665,7592.821825165139,6550.34392072848,6527.363996564005,5611.492522979208,5593.724646431188,28107.323924270477,28026.22882415825,189267.70760594617,188766.1647588284,6085.7379772421045,6070.827220274427,6457.640776810455,6442.9280973571,5988.234350003399,5975.484987727157,Texas
96,"McMullen County, Texas",28.14593418,-98.36237296,2958.113175435232,2904.681343821749,6144.693109443529,6085.559514752641,10064.78996938651,9944.08317516968,11531.497137949504,11429.343862343523,9955.328290513307,9906.283966039227,9849.63321313871,9810.896116021771,7897.864119461883,7870.156823368277,6948.929931072806,6926.92727693925,7263.881766462042,7242.9240537804035,8077.220180897317,8055.816254905048,11132.610508381911,11105.334334099176,9003.301669622682,8982.789117737993,8251.402772770376,8233.83496946001,Texas
97,"Tyler County, Texas",30.68456443,-94.49850005,4583.63618339989,4500.842841088755,21854.04932258719,21643.736379047277,3034.9389540801944,2998.541001126872,4001.02749358975,3965.5838682416825,363883.6770922898,362091.02610084624,4742.797533926168,4724.144838470199,4332.963507479038,4317.762599860397,3637.360147146616,3625.843039034906,3032.272930782122,3023.52423319882,2947.11536322955,2939.305765656064,214089.77450071432,213565.2299658062,3508.2548705274457,3500.2618849875744,1899.7404901028767,1895.6958121020648,Texas
98,"Brazoria County, Texas",29.5703565,-95.42461309,274583.145689703,269623.4029299506,113007.46039509164,111919.9305150754,267448.46046444064,264240.9572399241,46075.53655818885,45667.37039134893,75293.54165361293,74922.61256118095,798735.9695390436,795594.663446391,49154.275110801726,48981.832025663614,49394.5221040014,49238.12239976967,4074.799184981745,4063.0425962458826,5286.723531036183,5272.714176745273,5915.781051344526,5901.286708364192,7379.869999295669,7363.056171233733,7235.790662330061,7220.38516696747,Texas
99,"Blue Earth County, Minnesota",43.85294596,-93.84641518,483.9320343359842,475.19086270477845,660.8806030446931,654.5206034444768,924.028464114684,912.9466120335536,1020.044409773057,1011.008212957036,197.58231238863436,196.6089350417153,665.1202918945601,662.5044757738949,194.77066928053856,194.08737459193944,280.7392775345608,279.850362365381,349.0602042822171,348.0530976545023,192.4267129477244,191.9167990131495,189.4338463453648,188.9697116660751,759.9710874654995,758.2396175076399,307.30867861527315,306.65439732878724,Minnesota
100,"Chickasaw County, Iowa",42.91269261,-92.11168489,62.9498498294608,61.81279875105274,115.0132016087592,113.90636943229444,214.5272679121588,211.95444733065295,243.904274427515,241.7436165121541,270.3289300219647,268.9971708502093,300.35489446464203,299.1736447201435,343.5239638102528,342.3188126406999,366.9159621336219,365.7541825371968,390.5971510692024,389.47020226557913,403.3125108276389,402.2437680002579,208.49640545028183,207.985565311924,238.42531346289417,237.88210034036476,238.282274447688,237.7749551172515,Iowa
101,"Harney County, Oregon",43.19860125,-118.790355,11713.33865356176,11501.76286134187,967.718495824072,958.4056347441608,49549.54302729567,48955.29649935762,10763.610952524978,10668.260097124738,82.52174425044113,82.11520585380758,93.08996545856796,92.72385689852834,95.69918893735394,95.36345693137127,100.06081838554228,99.74399211141149,104.07719131764696,103.77690836392132,77243.42486122446,77038.73655112625,90.49521812954076,90.27349445209816,1877.7090675058016,1873.431014177709,437.5607727849688,436.6291758426906,Oregon
102,"Poweshiek County, Iowa",41.53491879,-92.68514792,632.7384832389534,621.3094492274944,1928.810808568455,1910.2488536330657,3063.302958096239,3026.5648362962397,1704.972907083299,1689.869181591764,1872.4009832637728,1863.1767127335595,2059.1634764296577,2051.065102222209,2300.179113967401,2292.1096229233635,2405.674466546046,2398.0572904095216,2541.447470667568,2534.114900067142,2666.0384873647768,2658.9737188926906,1582.5783338400229,1578.7008351691222,1602.9142136066032,1599.2622354568268,1574.7774861180678,1571.4246766751685,Iowa
103,"Knox County, Missouri",39.96993092,-92.01395166,27.49093815701568,26.99437460741917,72.21892614743756,71.52392565974023,181.24977405588584,179.07604969150705,181.9415898472041,180.3298364773241,6784.4623335693805,6751.039089015322,185.29686884423944,184.568124671887,22667.63096871155,22588.108359371763,2874.993734086701,2865.890534976231,1765.1132675123513,1760.0205721876737,48498.63878860974,48370.121643836064,8468.864860118525,8448.115168594908,2309.667724015268,2304.4055234622087,1456.1877108921888,1453.0873872269394,Missouri
104,"Franklin County, Missouri",38.4997353,-91.3675038,411.5114004804452,404.0783488852288,979.3262874708884,969.9017185425504,2506.291523646572,2476.233627146757,2557.2401126308528,2534.586466630581,2620.659256988241,2607.748737195718,2888.678115705693,2877.3173876170167,3348.3825274802616,3336.635728001282,3759.735735232194,3747.83114476482,4328.538093800582,4316.04941892701,4830.273033629155,4817.473233175682,2637.129831790485,2630.6685608384514,2997.766871967899,2990.936949928644,6920.142319476681,6905.408861118609,Missouri
105,"Iron County, Missouri",37.67809039,-91.06236394,3806.374692247709,3737.6208753542487,48.87916516260955,48.40877539861752,115.70993159846806,114.32222505468698,127.65237404197252,126.52154879081291,135.8260511884503,135.1569123381657,155.62260423598042,155.01056439617818,183.03398291100524,182.3918628791842,203.67826329862575,203.03334927210145,233.9969848681558,233.32185802345973,251.2925179434422,250.6266147817093,146.64676416559237,146.28746275157377,158.54640151044333,158.1851794380911,313.2362261688943,312.5693247264902,Missouri
106,"Iron County, Michigan",46.39589899,-88.25976999,18.14110837841373,17.813429012997048,41.76581861371198,41.36388430294213,74.8742526016114,73.97628741521294,81.11874326864893,80.40014227184835,99.64177548063454,99.150896282557,105.66605031993237,105.25048194650844,6787.628737547054,6763.816370512118,4625.278725016103,4610.633533732366,3029.095070231321,3020.3555413942213,350355.8587560164,349427.44641812966,244.26453013045213,243.6660539787974,286.34236272176656,285.68997843124214,235.04905129493991,234.5486157186929,Michigan
107,"Langlade County, Wisconsin",45.19646292,-88.88363925,1104.2362574588496,1084.290649474678,88.13109686312546,87.28296523657478,23380.26441177905,23099.865439354227,364.6779348320885,361.4473876499948,558.263900030722,555.5136465929361,812.7910883560135,809.5945056362193,1078.4745293729657,1074.69102377414,1177.729784635137,1174.000695211132,1172.838781434654,1169.4549132780055,1043.3898180793112,1040.6249264523535,1030.3866304782357,1027.8620648976505,1033.4513851899835,1031.0968350552776,862.8045636403349,860.9675934563877,Wisconsin
108,"Waushara County, Wisconsin",44.06230241,-89.11741448,44174.75045126361,43376.83039625008,784.714425907383,777.1627086803039,110296.07131953316,108973.29307734562,1537.2270596262726,1523.6093326639866,41041.41147984806,40839.2234411663,1908.1431437703136,1900.6387093742544,1933.447345293268,1926.6644230668103,865.2176367532894,862.4780661142751,759.9075949739422,757.7151136599441,655.6984583724625,653.9609148906787,724.3501803050731,722.5754391745131,808.9707269533617,807.1276193225453,734.2204197673188,732.6572140584069,Wisconsin
109,"Richland County, Wisconsin",43.41560313,-90.49937312,80955.95092211557,79493.65908903065,351.72444863825257,348.3396203615263,566.8461412861694,560.0479685734798,705.102513667755,698.8562708297687,781.9042660753346,778.0522618607062,787.9867041626939,784.8876732825096,742.359009644419,739.7546649029987,118.6081594349233,118.23260602808938,109.62799635951266,109.31169825287576,100.73046937949464,100.46354245866308,112.27727995874795,112.00218772823834,121002.15391366131,120726.47027543698,159.45356956993027,159.1140819670969,Wisconsin
110,"Rock County, Wisconsin",42.83835582,-89.33478091,185.1154391873749,181.77173447118852,2170.5842076873346,2149.695540915261,227671.0874634816,224940.6333569215,912.1196470256084,904.0395158359116,1088.0123753974328,1082.6523480418657,1148.1985022229978,1143.6828135747337,1128.6873624740242,1124.727700155687,481.4405187134386,479.9161157731003,417.6179543556354,416.4130452754122,364.1814777249265,363.21642870776407,417.588483821127,416.5653440773453,485.4855627350731,484.3794631995581,504.0981201876136,503.02486066211736,Wisconsin
111,"Waukesha County, Wisconsin",43.07262373,-88.23565775,606.0061009213902,595.0599288107132,1190.926570210779,1179.465661121402,2639.2185854435024,2607.566497754108,3312.6033222442197,3283.2581924573083,3666.7627188814818,3648.698633468482,10691.26052113899,10649.213432872046,3169.544061337413,3158.424663173447,2107.8631730217007,2101.188967810698,1762.740501065305,1757.654651633644,141750.6537964175,141375.02697985628,8322.450860816189,8302.059900405942,106420.59895038827,106178.13700279692,1001.4989584321428,999.3666983544584,Wisconsin
112,"CAL Fire Lassen Modoc Plumas Unit, California",41.30824779,-121.4464046,56.95184460008296,55.92313434111824,1526.858477860878,1512.1647203742098,122.13980530953448,120.67498543847655,105.39953164161804,104.46583610532082,6934.273291994588,6900.112012788094,89.21010823821348,88.85925856169693,82.42237246192003,82.13321819894502,123.00787853404032,122.6183941337178,135.7061927211077,135.31465394231043,146.0058436885434,145.61894099148194,86.9728048328708,86.7597114725405,104.5462686715153,104.3080770792342,104.8739536585318,104.65066980716854,California
113,"DeKalb County, Illinois",41.76580781,-88.79751098,6663.929926380271,6543.56063670358,8091.204438312527,8013.338547324264,75742.46756379194,74834.08989535514,13418.87171502382,13299.998884876291,86807.71003032295,86380.05708173702,192750.11686842144,191992.0602144464,2595.481711650884,2586.376239690048,1702.3245176890523,1696.934384538004,1561.2104032232382,1556.7060073481011,1465.838206095291,1461.9538632425233,3491.809635594574,3483.2543009665555,4141.177507905205,4131.742511543679,170723.2136457549,170359.73219654732,Illinois
114,"Macoupin County, Illinois",39.3367648,-89.78363058,337.82979992464954,331.7276449653707,578.6084146533459,573.0401633399867,1257.5337204484672,1242.4521475118636,1687.1359867017509,1672.1902719023142,2959.792317768712,2945.211079403438,4935.559782809112,4916.1489829858165,2587.409231045365,2578.3320789703835,1141.7153112711792,1138.1002558076668,782.9747370833945,780.7157025748021,1986.97307027197,1981.7077656755548,1176.0750985678728,1173.1935795087115,1208.8293732613374,1206.0752530342631,249115.58066280675,248585.1964792745,Illinois
115,"Tazewell County, Illinois",40.36595616,-89.52274432,263439.93379926926,258681.4687412316,42.2515137077188,41.84490529910214,103.3859863046379,102.14608055283028,223.78898692408885,221.80652291396413,598.0125963956626,595.0665234022521,1191.492443748372,1186.806486666639,580.9396580178625,578.901604833641,402.6670052942377,401.39202584612633,254.00071207436127,253.2678705833057,193.59832648864904,193.0853078808128,334.03455892959204,333.2161358976392,236.46638509999747,235.9276350756909,165.12453899373028,164.77297750744225,Illinois
116,"Douglas County, Illinois",39.76077104,-88.32037463,413894.6921579256,406418.59162169695,28.453323346846304,28.179502138783807,111.95913057177346,110.61640729828964,398.55052902843767,395.0199170404446,1167.1047311266427,1161.3550600501849,2245.450368468483,2236.6193564792643,730.0647242056693,727.5035102907303,472.4829644327585,470.9869241282036,342.89181690724934,341.9025072776782,300.9938478396008,300.1962405070034,556.4134368951201,555.0501600727989,651.4811090287035,649.9968157614975,235.30568587759475,234.8047039086925,Illinois
117,"Shannon County, Missouri",37.05321965,-91.29205837,68.50683572623977,67.26940987610865,167.60616190593882,165.99320017305607,503.791792153514,497.74982879724246,437.3285144789156,433.45438263502007,114092.45528040528,113530.38567973235,154651.71451142264,154043.49303203405,538.1883708899633,536.3002978209877,586.2962304833313,584.4398190204024,680.0234437706906,678.0614437809431,722.1404875815845,720.2268785420816,492.2845803031287,491.07842654440856,547.4245582712707,546.1773408540894,935.6544053385072,933.6623328373676,Missouri
118,"Lonoke County, Arkansas",34.68125955,-92.02589394,349.7376453276217,343.42040123796926,967.5278184481512,958.2167923563288,3016.103435910823,2979.931376892948,4902.881046428349,4859.448233428648,6417.412708599757,6385.79771188844,31727.36777146065,31602.58889898564,2420.0520321831987,2411.5620028279955,1543.8290261977377,1538.940743189892,1308.3616830756573,1304.586804970652,1343.3943097374215,1339.834432485089,3670.4782041398976,3661.48511099955,2248.9051113701594,2243.781348502547,3637.102101767164,3629.3584615519007,Arkansas
119,"Ouachita Parish, Louisiana",32.56645631,-91.92922355,310.39766003300974,304.79100656152366,171975.48121079046,170320.47123363474,164468.0784127019,162495.61653753283,1059.9397616866029,1050.5501466777257,77493.52058577412,77111.75342980101,143062.24093095865,142499.59907407023,313.99633284841207,312.8947705481568,528.5992199073578,526.9254966253193,475.3251521206912,473.95374654323575,427.6814997027578,426.5481811893477,503.03318875121727,501.80069966736335,665.2969269343649,663.7811565833049,302.51018773853224,301.8661227687419,Louisiana
120,"Rankin County, Mississippi",32.31228173,-89.94310381,95748.77950049596,94019.28763860522,55923.19076951539,55385.01266397203,2542.819228543717,2512.323256120645,3590.1061082663623,3558.302683754767,4072.7016367930646,4052.637717780836,8172.816498591732,8140.67406449555,2218.659590496023,2210.8760863390826,2884.9809397904296,2875.846117820754,3146.3519857028723,3137.274147842665,4174.001799142823,4162.941059977664,5690.993441661857,5677.049854141232,6693.8236290746,6678.572845580183,10322.272351085969,10300.295524190751,Mississippi
121,"Chickasaw County, Mississippi",33.90483098,-88.95057971,293.3444812754497,288.0458561050494,794.7394576381705,787.0912642889202,191288.98268859403,188994.8583263798,198405.730855659,196648.1277393035,132995.42654627806,132340.23259759432,278473.2775980968,277378.0848974793,3951.152994959739,3937.2915554253823,1028.9822539554104,1025.7241493453594,77064.03563971129,76841.6908977468,732.3463269337739,730.4056733139217,11859.594679396969,11830.537310403932,1326.3666061124554,1323.3446965036956,1057.951792276153,1055.6993402373448,Mississippi
122,"Walker County, Alabama",33.64251888,-87.33420755,785.2411314101389,771.0574712791116,1613.898617657199,1598.367227394266,2971.8529348882694,2936.211571109656,2730.3299076211374,2706.142923033456,1859.4124126102415,1850.252129490087,1306.5771949324762,1301.4386271710537,6369.145694474993,6346.801450138693,1278.5809515911462,1274.532533383068,2000.90058971486,1995.127602073819,3299.268542563169,3290.525769909694,4219.293747307258,4208.95599305681,5959.576666448523,5945.998744696357,2282.875598986416,2278.0152000203907,Alabama
123,"Sacramento County, California",38.40912626,-121.4370073,12707.073053415248,12477.547627096694,55680.3554608765,55144.51428648038,129056.44277226868,127508.67182747489,134376.53831778813,133186.1461779348,252960.69318384575,251714.49758349385,165707.00711455935,165055.3068645448,122194.56007445203,121765.87697661707,21273.115207150848,21205.75735480681,20516.692958400323,20457.498306005946,25404.963804394854,25337.64287554465,137404.49922552763,137067.84242205054,40089.94492098606,39998.60653142385,40345.19805839654,40259.30036032917,California
124,"Lowndes County, Alabama",32.1705336,-86.45223669,798.0898784282449,783.6741338412148,1711.62841465262,1695.1565194528548,3111.1549399052174,3073.842930389862,14824.531726481417,14693.206673275514,1799.2493286297702,1790.3854353147528,121863.87325231844,121384.60132502227,311623.9840100733,310530.7443867731,1357.7496972560211,1353.4506041172224,392498.8370225428,391366.4014848148,50513.62268846521,50379.76601285021,4143.354452835888,4133.20275857823,4360.662838243516,4350.727780416574,5478.336979025188,5466.6732232777385,Alabama
125,"Walton County, Florida",30.60299528,-86.0233856,602236.1504873133,591358.0742691322,3821.37502667396,3784.5999366955975,5910.202726042931,5839.321800916611,5536.544219901983,5487.498018802984,1077.076138751264,1071.7699881060314,77354.02417498002,77049.8026591113,29916.532857823357,29811.579642441586,1661.1198607346291,1655.8601954145488,1449.4877504096307,1445.3056961326877,3972.6293542934254,3962.102234468822,1744.3248994164917,1740.0511030839623,1910.0576225912,1905.705868365487,1828.0453911209845,1824.1533569107996,Florida
126,"Rutherford County, Tennessee",35.84707003,-86.38840824,92701.6358251419,91027.18393572948,3400.97405849782,3368.2447068528454,5589.723131016142,5522.685710289344,5228.758984136792,5182.439338804183,4957.136997733699,4932.715961251054,20140.39168796756,20061.18261572015,5084.536659186252,5066.699081762285,5419.538329029232,5402.3782441528565,212303.4331771667,211690.8964513632,111967.16807772484,111670.46488957014,658084.5786632955,656472.1958671055,347264.36229889933,346473.17718584323,9417.205163727987,9397.155287045722,Tennessee
127,"Trigg County, Kentucky",36.88033989,-87.70288407,148686.9113179298,146001.20812217577,6.941958023877322,6.875151932045948,61.02758942508888,60.295686951148575,81.69422026676425,80.970521331709,120.56920204274704,119.97522513972513,168.6001023547997,167.937024004823,412077.9123781846,410632.2601664985,59385.4917587573,59197.4572773796,65536.55457015289,65347.46885469323,45967.32311157925,45845.51373163069,37110.24551936807,37019.32115587767,686.3299030569201,684.7662125061562,1395.052155537424,1392.0819936690618,Kentucky
128,"Twiggs County, Georgia",32.65498374,-83.44185834,1453.403273236136,1427.1507283345663,2872.349404251347,2844.70728405814,353041.4221213688,348807.40447970515,3222.2217205070065,3193.677247960134,216383.6112123761,215317.6104006012,4570.344299914716,4552.369836584702,5369.456756359133,5350.619621918742,6276.114585706292,6256.242291712595,7270.53221848935,7249.555317959219,262707.7708473185,262011.6182652571,12050.70342265101,12021.177815288898,41241.34597104535,41147.38430230777,14193.08923115602,14162.87116922814,Georgia
129,"Laurens County, South Carolina",34.68340161,-82.05850213,502768.09664248966,493686.6928261938,192891.0175803774,191034.72646055228,160833.27576049644,158904.40598979185,89677.01733097606,88882.60174405403,98183.37187910656,97699.67741842392,62407.93196704999,62162.49114005046,120720.45028783666,120296.93866367031,37785.59894819824,37665.9570071896,2244.899438186118,2238.4224663772025,65020.33906542386,64848.040862059286,401330.9351709135,400347.6282884414,3161.8035466052006,3154.5998938032794,2648.8695952128937,2643.229969887964,South Carolina
130,"Clarendon County, South Carolina",33.66656218,-80.47018517,126637.00061638949,124349.5807336205,60585.93259991258,60002.882491710014,45913.66683058423,45363.02528210519,162009.4176556719,160574.23604008782,53335.76979291581,53073.01433940743,509694.4275372196,507689.8775085815,72683.50632375725,72428.51796229997,33854.38973595026,33747.19532822829,520867.7738641213,519364.9689588748,29681.51988579074,29602.866457910197,51038.657380344805,50913.60680817087,5121.2216531917375,5109.553786365891,14308.84317525488,14278.37866522862,South Carolina
131,"Burke County, North Carolina",35.70354545,-81.46948528,5754.603115002625,5650.658821323595,250722.20161470497,248309.3707725096,30315.784370407226,29952.207866908306,472475.3031520494,468289.8188838295,201875.61368682145,200881.08564996155,292469.4288080815,291319.19139087887,122587.675421505,122157.61319595206,11409.881627653383,11373.754096990642,15603.277070631928,15558.258579382782,14220.277191944027,14182.594702945433,118214.80635583508,117925.16650375068,18277.27409978912,18235.63231691434,9126.601330269828,9107.170169111218,North Carolina
132,"Wayne County, North Carolina",35.43899188,-78.0631739,6954.61930638665,6828.999350125154,12094.897952235482,11978.502425136508,17395.717764210727,17187.091321850232,14239.37656947728,14113.235189762394,96003.68931443268,95530.7329284607,146582.6379388241,146006.1509003099,155231.08982211602,154686.50793218,10695.123962802643,10661.25959579891,11246.386074384,11213.938061650371,11605.173044408686,11574.420352342986,19926.350646895924,19877.52879934684,49295.070377069045,49182.7596130989,8569.565863560172,8551.320669174187,North Carolina
133,"Powhatan County, Virginia",37.64107262,-78.02222606,37891.39674018162,37206.971699573376,272916.7585648932,270290.3378962151,171284.17938790866,169229.97217078228,32071.77328362048,31787.66128530655,258501.25720645057,257227.7663515612,54677.993437997,54462.953273948886,281835.77607107005,280847.0394735222,10379.713792881832,10346.848120777577,11799.631651682845,11765.587417779298,28715.82450758096,28639.730087867,187890.5922870682,187430.23875745808,195006.42423926468,194562.13396200436,17951.539285837083,17913.319225566534,Virginia
