0,2010,2011,2012,2013,2014,2015,2016,2017,2018,2019,2020,2021,2022,2023,2024,2025,2026,2027,2028,2029,2030,2031,2032,2033,2034,2035,2036,2037,2038,2039,2040,2041,2042,2043,2044,2045,2046,2047,2048,2049,2050,longitude,latitude,FIPS,45,total waste
WasteEOL_Module_95-by-35_Elec.Adv_DR_cSi_p1_[Tonnes],0,4.95E-10,2.07E-07,1.60E-05,0.000224929,0.001468333,0.006213866,0.019958273,0.05310156,0.123433134,0.259440907,0.504681719,0.923458671,1.608000733,2.687123523,4.336041839,6.786641869,10.33705064,15.35878334,22.29928708,31.67757092,44.07093847,60.94110799,80.27446922,353.3741482,345.5982937,110.0779456,497.3879198,170.8227699,225.6614088,496.9616426,348.8756778,440.9836848,1108.472154,1070.745734,615.5845884,1237.626724,880.2094041,1131.362875,1688.305853,1751.256923,-121.4522522,47.82099062,53061,53,12755.57676
WasteEOL_Module_95-by-35_Elec.Adv_DR_cSi_p10_[Tonnes],0,1.56E-05,0.001488771,0.021088534,0.13642953,0.576189672,1.860834967,5.003013044,11.78767426,25.16291234,49.77611573,92.68328816,164.2482971,279.2319387,458.0412637,728.0691744,1125.002089,1693.906301,2489.824115,3577.531066,5030.051351,6925.541469,36049.20291,9772.263863,29476.89225,31027.05388,17954.66423,134273.2013,21494.83759,27283.62536,98663.39175,32940.6263,39194.69644,134095.222,113963.635,23686.94074,61253.17886,22173.70583,24968.47884,45993.67091,24184.85683,-117.1590386,35.12010447,6071,6,951108.6009
WasteEOL_Module_95-by-35_Elec.Adv_DR_cSi_p100_[Tonnes],0,0,0,0,2.75E-10,4.34E-08,8.29E-07,6.68E-06,3.40E-05,0.000131049,0.000433442,0.001321774,0.003774525,0.009989048,0.024316948,0.054545587,0.113550136,0.221333976,0.40746475,0.713892433,1.198094837,1.936421362,3.02737931,4.594406724,6.787379273,9.781691742,13.77324819,30.85143753,24.66463945,32.64472518,49.20513663,52.58501862,64.97646211,90.90131465,100.470219,99.15279045,319.852017,69.77475903,77.00410499,197.3045586,57.00299927,-78.25771359,38.79110825,51187,51,1309.039599
WasteEOL_Module_95-by-35_Elec.Adv_DR_cSi_p101_[Tonnes],0,7.62E-07,7.32E-05,0.001055127,0.00700172,0.03030288,0.099700885,0.27089426,0.639870551,1.36024168,2.667168763,4.912257755,8.616097864,14.5467318,23.82925323,38.08715023,59.61251159,91.55861767,138.1445348,204.8577426,298.6387884,428.0331114,1911.459509,710.1386979,2159.26979,2359.942164,1578.855521,3042.788686,2896.737839,3853.78105,5520.744864,6333.576277,7894.340501,15335.23151,15476.93938,11149.376,23946.96335,11858.76367,13272.96354,20477.50374,13641.65441,-82.19247661,28.70869529,12119,12,164736.9436
WasteEOL_Module_95-by-35_Elec.Adv_DR_cSi_p102_[Tonnes],0,5.26E-07,5.02E-05,0.000692736,0.004317194,0.017521235,0.054419837,0.140787806,0.318981425,0.653680241,1.23890565,2.207801134,3.747394979,6.120321305,9.694211183,14.97806622,22.66388414,33.67153985,49.19596957,70.75767414,100.2602839,140.0633881,1096.612977,175.6975906,475.2003004,551.1392461,459.7689369,913.1010844,905.2596718,1255.035273,1860.439558,2276.128765,3006.057413,4238.736421,5232.345416,6176.222781,13053.6329,8311.777449,10493.39789,15979.20797,15304.27945,-80.56373053,26.67709172,12099,12,92219.83099
WasteEOL_Module_95-by-35_Elec.Adv_DR_cSi_p103_[Tonnes],0,0,0,0,7.22E-09,1.14E-06,2.18E-05,0.000175418,0.000891031,0.003405377,0.010793412,0.030094499,0.076286731,0.17878898,0.390956425,0.802878874,1.557778116,2.872668397,5.064861469,8.586894624,14.07298645,22.40004816,34.76553595,52.78288639,78.5928049,114.9852701,165.5230736,546.6707145,304.3544798,423.7948415,764.1048446,764.549812,1024.826555,1681.510792,2000.467686,2164.187,4315.812058,3233.200229,4206.383715,6221.419581,6598.364076,-84.55437763,43.57419001,26111,26,34752.34549
WasteEOL_Module_95-by-35_Elec.Adv_DR_cSi_p104_[Tonnes],0,0,0,0,5.55E-10,8.78E-08,1.68E-06,1.41E-05,8.04E-05,0.000356797,0.001292738,0.003948083,0.010475902,0.024791835,0.053445816,0.106706201,0.199859416,0.354716451,0.601296151,0.97961733,1.541467589,2.351913215,3.490157732,5.049137554,7.132969336,9.851078662,13.30765283,41.59775602,20.9176094,26.55947761,46.97274736,38.10174239,45.01428092,181.9274158,151.2868258,19.85446462,47.62021791,39.55290274,64.0378094,114.2649459,166.2279204,-85.90993949,42.06225929,26027,26,1048.997096
WasteEOL_Module_95-by-35_Elec.Adv_DR_cSi_p105_[Tonnes],0,0,1.51E-07,1.45E-05,0.000208926,0.001373158,0.005825769,0.018725176,0.049816508,0.115774394,0.243404707,0.474040501,0.869493844,1.519846344,2.553121346,4.146573796,6.538985181,10.04290045,15.05517402,22.06354357,31.64634978,44.46221464,61.22686949,82.67584921,343.9245336,340.6534182,123.1173124,442.2763292,196.8365534,255.4597543,485.9539041,381.4534229,461.9982747,1205.972147,1093.668526,456.4926607,1211.587591,394.8399913,428.2391123,827.0249913,341.3473774,-86.25965362,40.72939342,18017,18,9274.556005
WasteEOL_Module_95-by-35_Elec.Adv_DR_cSi_p106_[Tonnes],0,0,4.03E-08,3.87E-06,5.58E-05,0.000374987,0.001721688,0.006334503,0.019896002,0.05490226,0.135719696,0.305557454,0.635536837,1.235975172,2.269893989,3.968599973,6.649040096,10.73290092,16.7683532,25.4562235,37.68242303,54.5576425,77.46387189,108.1055988,211.0715786,254.2168758,253.7971196,2824.069169,262.724012,368.3080762,1965.93242,531.542196,775.6276939,1402.090602,1781.869024,2098.198329,3055.843992,3981.921411,5378.306124,7206.786089,9277.268795,-86.10103966,39.94240296,18057,18,41975.62413
WasteEOL_Module_95-by-35_Elec.Adv_DR_cSi_p107_[Tonnes],0,0,0,0,1.60E-09,2.52E-07,4.84E-06,4.16E-05,0.000250537,0.00118719,0.004590064,0.014968607,0.042437084,0.107194297,0.245937237,0.520401544,1.028166349,1.915797259,3.394289965,5.756572967,9.396465389,14.82786974,22.70198881,33.81885914,49.12738335,69.70531439,96.70753898,200.3287715,169.153135,220.3621912,320.9430794,343.6536414,416.4402425,1036.281476,949.6242348,428.898239,1206.128552,345.8038901,371.255863,777.9483578,264.2031768,-86.34789005,38.87073858,18093,18,7360.34211
WasteEOL_Module_95-by-35_Elec.Adv_DR_cSi_p108_[Tonnes],0,0,0,0,8.25E-11,1.30E-08,2.49E-07,2.03E-06,1.06E-05,4.29E-05,0.000146792,0.000450363,0.001262672,0.003242123,0.007642139,0.016640616,0.033757829,0.064365055,0.116282112,0.200454786,0.331690183,0.529406088,0.818314874,1.228909146,1.797543551,2.565822334,3.578931572,8.447348553,6.250397279,8.202142539,12.62351219,13.00976214,16.09409331,27.48407519,29.26347476,25.82496245,83.51440956,31.53689735,49.21520562,106.7191769,121.5820405,-87.22032662,37.49153121,21149,21,551.0624164
WasteEOL_Module_95-by-35_Elec.Adv_DR_cSi_p109_[Tonnes],0,0,0,0,8.36E-11,1.32E-08,2.60E-07,3.22E-06,3.32E-05,0.000225872,0.001083091,0.004030343,0.012429566,0.033155611,0.078804289,0.170581496,0.341916175,0.642833438,1.145110225,1.948244513,3.186312747,5.035775657,7.724110507,11.53875288,16.83520089,24.04227073,33.66147642,49.86969445,62.15764808,82.45712358,109.5863056,137.3640532,172.8613984,420.3790045,407.7558212,241.0379465,601.1076052,311.9847833,409.0305834,692.7063333,638.4922422,-84.51931615,37.83050346,21113,21,4443.192894
WasteEOL_Module_95-by-35_Elec.Adv_DR_cSi_p11_[Tonnes],0,3.13E-06,0.000297355,0.004076195,0.025105897,0.100584113,0.308661594,0.790478187,1.777125911,3.622517915,6.843344144,12.1669797,20.58725965,33.42604001,52.39506867,79.64817493,117.8083272,169.9480066,239.4958705,330.0406053,445.0089462,587.2156462,6122.338478,440.2334012,1314.668246,1400.844994,856.1262814,4873.006604,1193.113467,1541.067698,4133.608349,2138.151653,2601.497394,7301.021207,6570.838278,2538.234164,6348.382626,2643.304495,3116.56903,5446.391232,3619.772539,-116.7176058,33.03174695,6073,6,66300.38325
WasteEOL_Module_95-by-35_Elec.Adv_DR_cSi_p110_[Tonnes],0,0,0,0,3.04E-11,4.81E-09,9.18E-08,7.44E-07,3.84E-06,1.51E-05,5.09E-05,0.000156568,0.00044621,0.001170678,0.002818024,0.006249207,0.012871148,0.024848254,0.045352007,0.078845362,0.131393717,0.210985489,0.327831149,0.494587409,0.726421065,1.040783252,1.45671176,3.308746878,2.569116402,3.375124839,5.101816943,5.333224258,6.517650757,9.813524101,10.3878679,9.187355386,32.56994286,5.303297789,5.735625957,18.42883361,3.319494476,-82.8503912,37.37099172,21119,21,125.5131641
WasteEOL_Module_95-by-35_Elec.Adv_DR_cSi_p111_[Tonnes],0,8.73E-10,3.68E-07,2.85E-05,0.000400703,0.002614558,0.011043362,0.035334355,0.093435411,0.215252405,0.446995458,0.856339482,1.538502017,2.623150102,4.281737388,6.734462716,10.25548894,15.17434169,21.87056395,30.75789376,42.25381166,56.73089834,75.9476075,95.32775506,561.3391121,519.8842875,63.91693218,310.5530189,95.44438899,124.2321364,289.6646102,180.4851438,220.3053059,453.7250766,438.6148706,269.7244404,847.6216003,196.5130203,215.1040905,525.4936777,150.2545236,-81.83937601,41.28166353,39035,39,5828.033894
WasteEOL_Module_95-by-35_Elec.Adv_DR_cSi_p112_[Tonnes],0,3.78E-07,3.65E-05,0.000545342,0.003786135,0.017081359,0.058123505,0.162086131,0.390332366,0.840629937,1.658785041,3.051525686,5.300215482,8.77446158,13.94384891,21.38483991,31.77828897,45.89107866,64.53334486,88.48131954,118.3563373,154.455157,845.9465294,180.8777578,1147.083934,1048.354962,78.47100224,613.2970905,95.52789744,124.2361404,456.5688624,161.5083071,201.5848049,466.5537212,451.8293684,268.8578401,662.4376466,307.8026293,377.8331533,640.3219652,492.2841333,-82.81856565,40.17734323,39041,39,9180.45957
WasteEOL_Module_95-by-35_Elec.Adv_DR_cSi_p113_[Tonnes],0,4.17E-08,4.05E-06,6.24E-05,0.000450506,0.002102057,0.007339607,0.020871158,0.051028333,0.111236737,0.221709425,0.411349893,0.719834943,1.199802311,1.91894895,2.961664463,4.429592655,6.440228961,9.12235433,12.60686684,17.0115773,22.41906973,100.333043,29.31769127,176.1351746,162.4418046,17.57140858,134.7847572,22.1800963,29.17779782,102.7581546,39.5350918,49.81402419,84.57946881,90.3447169,78.49276811,159.9384053,88.81320868,102.1740425,153.4151801,121.9252925,-83.9413805,39.78941957,39057,39,1823.388221
WasteEOL_Module_95-by-35_Elec.Adv_DR_cSi_p114_[Tonnes],0,0,8.78E-08,8.42E-06,0.000121305,0.000797153,0.003380157,0.01085124,0.028791796,0.066560606,0.138686824,0.266497061,0.480176151,0.821790098,1.349681363,2.144320888,3.315482689,5.010449751,7.422875587,10.8018752,15.46091026,21.78622932,30.2452818,41.39690997,192.0092946,189.7094351,64.38590534,219.2925788,120.6525643,168.8575548,306.2121609,303.9856666,404.7782486,560.2746188,701.280158,844.7233649,1100.860594,1265.77114,1521.196976,1830.953712,2103.625613,-84.23150769,39.20877458,39025,39,12039.32126
WasteEOL_Module_95-by-35_Elec.Adv_DR_cSi_p115_[Tonnes],0,1.27E-08,1.78E-06,7.13E-05,0.00088942,0.005581001,0.02316712,0.073449631,0.193174096,0.44342702,0.918243384,1.754369564,3.142008257,5.3360977,8.667154703,13.54991745,20.4869269,30.06275917,42.92296978,59.73028791,81.08996763,107.4377962,160.7700937,172.953328,1098.467907,1003.44261,73.47590181,617.19337,84.94896785,109.9486347,443.9664823,135.8569542,168.6379068,384.276299,370.6297022,218.0524212,502.080601,242.3247866,286.2075986,465.4898421,344.6203348,-79.86635294,40.37731547,42003,42,7259.182002
WasteEOL_Module_95-by-35_Elec.Adv_DR_cSi_p116_[Tonnes],0,0,0,0,1.28E-08,2.03E-06,3.88E-05,0.000310148,0.001545378,0.005715564,0.017226763,0.044726524,0.103655254,0.219652887,0.432892888,0.803373147,1.417139309,2.393326474,3.891750863,6.120525428,9.342763614,13.88081807,20.11563221,28.47766675,39.42461803,53.40009817,70.76727433,647.1257198,74.39799528,94.33846755,441.7545594,101.6463736,122.2137115,364.0554081,320.2377298,102.5187668,286.2978099,98.00755401,119.3378258,237.8735988,159.7825106,-80.19443111,38.8763551,54097,54,3420.448783
WasteEOL_Module_95-by-35_Elec.Adv_DR_cSi_p117_[Tonnes],0,0,0,0,1.39E-09,2.20E-07,4.21E-06,3.36E-05,0.00016679,0.00061278,0.001831276,0.004708487,0.010797581,0.022629998,0.044101075,0.080930301,0.141191268,0.235897281,0.379613483,0.59104468,0.893517362,1.315226458,1.889044975,2.651601198,3.641230916,4.894352704,6.439871751,68.56692742,5.910297922,7.508012573,44.62107068,7.176235651,9.062080863,27.19219097,25.55838633,12.58157591,27.71541771,24.21983395,36.96368895,61.66433354,84.62166314,-81.7519919,38.05258266,54005,54,466.600124
WasteEOL_Module_95-by-35_Elec.Adv_DR_cSi_p118_[Tonnes],0,0,0,0,1.26E-09,2.00E-07,3.81E-06,3.06E-05,0.000153936,0.00057798,0.00178119,0.004768219,0.011482801,0.025425236,0.052503166,0.102133527,0.188605304,0.332702054,0.563567779,0.920783057,1.456598482,2.23822345,3.349961779,4.894811813,6.994911053,9.78992891,13.43226347,72.74055778,19.76465497,26.09331026,65.79696242,39.13906211,49.41224458,99.32489508,101.7067007,75.99036258,193.8313611,89.37786249,113.5937004,198.3333944,165.3124226,-80.92007066,37.06277512,51197,51,1354.778709
WasteEOL_Module_95-by-35_Elec.Adv_DR_cSi_p119_[Tonnes],0,3.61E-09,4.05E-07,1.06E-05,0.000113603,0.000672313,0.002716928,0.008504202,0.022246033,0.051014298,0.105829657,0.202941682,0.36529524,0.624142297,1.02069502,1.60762369,2.450074738,3.62571526,5.223109712,7.337538103,10.0632533,13.48129131,23.83686051,21.94842202,123.2008798,114.466307,15.83454116,154.1453792,16.06650137,20.53356207,103.8070755,21.82706444,26.76383343,59.1267076,56.53526473,32.5107777,90.54796575,28.62945775,32.39262222,64.8736719,30.4905691,-78.01141702,41.3405889,42023,42,1083.730252
WasteEOL_Module_95-by-35_Elec.Adv_DR_cSi_p12_[Tonnes],0,1.19E-08,1.78E-06,7.81E-05,0.000996362,0.006300886,0.026239019,0.083286723,0.219091423,0.502871987,1.04150073,1.991753086,3.575614085,6.099846227,9.980171634,15.76900822,24.1842809,36.13512875,52.73834662,75.31749952,105.3756186,144.5335316,214.8125432,254.6316204,1343.712912,1277.616284,272.3314756,766.4081042,483.5387748,647.6550297,1076.91081,1062.790671,1338.151774,2290.04518,2433.3267,2080.725161,4065.741984,2322.424849,2586.686466,3697.9612,2684.040277,-116.7842291,39.59882101,32015,32,31377.09298
WasteEOL_Module_95-by-35_Elec.Adv_DR_cSi_p120_[Tonnes],0,8.88E-09,8.83E-07,1.53E-05,0.000124673,0.000636529,0.002366889,0.007044703,0.01784096,0.040030103,0.081789024,0.155133994,0.276983537,0.470309456,0.76529334,1.20033901,1.822698276,2.688345729,3.860596458,5.406826758,7.392592893,9.872551874,28.11413961,14.93030252,80.62008323,75.24270522,11.77840926,128.6004699,10.50902904,13.27855639,82.76348704,11.69160523,14.25865112,37.05122101,33.9436589,15.04465456,38.99327602,14.67933728,16.96933242,30.97172351,18.16138263,-77.895377,39.90665131,42055,42,711.6635453
WasteEOL_Module_95-by-35_Elec.Adv_DR_cSi_p121_[Tonnes],0,0,4.05E-07,3.89E-05,0.000559676,0.003680097,0.01563877,0.050419952,0.13468539,0.314379202,0.663460138,1.295118906,2.375707511,4.141434039,6.91743334,11.1381468,17.36704972,26.31255765,38.8354171,55.94118632,78.74993998,108.4348639,146.123164,192.7581899,876.8617859,845.8875019,232.5775197,1518.07268,299.7963722,382.0318082,1184.923991,489.9614622,583.7189264,1981.385704,1686.872946,359.7797735,794.8628766,357.7611216,387.2481495,613.1411821,342.2266141,-79.01946377,39.55126096,24001,24,13628.68349
WasteEOL_Module_95-by-35_Elec.Adv_DR_cSi_p122_[Tonnes],0,2.19E-07,2.33E-05,0.000526589,0.005233983,0.029879676,0.118273675,0.364547968,0.94053978,2.12783285,4.354140034,8.233598654,14.61003044,24.60098417,39.63795708,61.49452621,92.28914164,134.44299,190.5662332,263.2398745,354.6592473,466.1150218,972.4259706,709.4008811,4817.121754,4366.446148,185.3977118,762.7236134,296.9376434,392.359163,806.8641853,607.8005925,758.9553696,1607.514331,1591.406842,1052.057577,2345.260677,1186.130736,1394.681188,2211.36458,1671.548754,-77.39607808,40.92107394,42027,42,29394.22832
WasteEOL_Module_95-by-35_Elec.Adv_DR_cSi_p123_[Tonnes],0,5.30E-08,6.52E-06,0.000210527,0.00246176,0.015086291,0.061996017,0.195816207,0.515365921,1.189233592,2.488109019,4.829398101,8.845017074,15.49660963,26.25889641,43.38125194,70.23179166,111.7231128,174.8126726,269.0634458,407.2424783,605.9274969,977.1037578,1264.804323,4085.924001,4432.620239,2835.131058,6639.297877,5278.873559,7144.018687,11020.37665,12089.92458,15368.57983,26401.04415,28346.05208,24751.17587,33752.213,31544.23611,34689.9604,39491.70635,37005.38095,-76.76367486,39.07725918,24003,24,328860.7039
WasteEOL_Module_95-by-35_Elec.Adv_DR_cSi_p124_[Tonnes],0,0,0,0,3.90E-11,6.16E-09,1.77E-07,1.03E-05,0.000184533,0.001472415,0.007336886,0.02700921,0.080627117,0.206504853,0.470710733,0.979076163,1.891694783,3.43985594,5.945143912,9.84004892,15.68877113,24.20581184,36.26826694,52.91530083,75.32500524,104.7548981,142.4283775,191.0328811,245.8851026,311.8957739,386.5547063,463.2870297,539.6639154,2204.909724,1796.594483,123.5989585,438.6469792,66.23278903,65.96878311,226.6700823,2.401540051,-75.60492375,37.81184868,51001,51,7537.818856
WasteEOL_Module_95-by-35_Elec.Adv_DR_cSi_p125_[Tonnes],0,2.76E-08,3.37E-06,0.000107378,0.001249724,0.007641375,0.03132101,0.098534931,0.25770592,0.5889699,1.215335423,2.315472697,4.137948346,7.016312867,11.38374657,17.78493343,26.88139081,39.44460673,56.32917022,78.41609742,106.5157678,141.222054,230.0737616,225.9666059,1438.009874,1314.333736,98.0279538,496.6899923,140.7899101,180.8063804,441.399131,251.451319,301.6399698,906.5705182,792.9616819,240.3251792,676.4219542,204.3971188,227.8533601,467.1409645,199.4906441,-75.53282965,39.04284209,10001,10,9327.998425
WasteEOL_Module_95-by-35_Elec.Adv_DR_cSi_p126_[Tonnes],0,8.30E-07,9.61E-05,0.002732501,0.030434518,0.182862722,0.743401357,2.328976134,6.07814558,13.87673613,28.62147112,54.52084861,97.42826408,165.1931669,267.9997594,418.6384087,632.6210761,928.0079234,1324.761208,1843.39569,2502.675787,3316.159941,5711.125091,5267.857051,33343.42681,30480.39602,2306.38457,15712.45847,2943.8695,3770.375857,12134.88344,4852.624273,5832.660016,16622.01644,14698.28225,4988.59017,13801.0212,4083.842953,4380.272199,8979.463089,3153.014595,-74.6629847,40.24746962,34021,34,204665.8309
WasteEOL_Module_95-by-35_Elec.Adv_DR_cSi_p127_[Tonnes],0,9.48E-08,1.06E-05,0.000277971,0.002983771,0.017660976,0.071423045,0.223920339,0.587589785,1.355036662,2.836384529,5.510155374,10.09125804,17.6183045,29.55984695,47.93592946,75.44744397,115.6006256,172.8075485,252.4364432,360.7796974,504.9050294,855.1123162,915.003061,3723.951773,3694.872416,1366.076213,6301.93006,2045.407179,2647.896741,5972.108108,3826.410371,4645.280467,12354.13811,11208.4338,4659.139323,12850.11819,4280.334853,4948.588427,9695.645914,5160.363222,-75.57684419,43.01255158,36053,36,102748.5981
WasteEOL_Module_95-by-35_Elec.Adv_DR_cSi_p128_[Tonnes],0,2.10E-07,2.10E-05,0.000368219,0.003045038,0.015680419,0.058535257,0.174241275,0.44013268,0.983546165,2.000798746,3.780713262,6.733412382,11.42438865,18.61248659,29.28859247,44.70948454,66.41831691,96.23976382,136.2346022,188.5968995,255.4794733,699.2149578,404.8311599,2090.75947,1981.058945,408.1647699,1574.234275,640.4698854,829.7331463,1651.408076,1225.15152,1481.904064,3924.693506,3544.892753,1436.11799,3990.734665,1211.321388,1330.45321,2704.20006,1088.160539,-73.25855327,40.80291312,36103,36,33078.69888
WasteEOL_Module_95-by-35_Elec.Adv_DR_cSi_p129_[Tonnes],0,5.50E-09,8.45E-07,3.80E-05,0.00048881,0.003101617,0.012987242,0.041611759,0.11100369,0.259687616,0.551025957,1.084628508,2.011354619,3.552147182,6.020484954,9.847657354,15.60928961,24.05047763,36.10549273,52.90635017,75.77284961,106.1755188,155.1044898,194.8369008,756.8184381,754.5432956,294.5963456,1648.996523,403.6271134,514.2788533,1377.38977,684.7396557,811.8612235,2715.166954,2306.600478,484.9578496,1465.22615,354.4196154,375.2554356,884.1436313,219.3873649,-72.66603564,44.03042544,50017,50,16736.06629
WasteEOL_Module_95-by-35_Elec.Adv_DR_cSi_p13_[Tonnes],0,1.83E-06,0.000178801,0.002820677,0.020927267,0.099775865,0.354042812,1.01944299,2.519587367,5.552299857,11.20106461,21.0755852,37.48266858,63.62485834,103.8177273,163.707361,250.4570363,372.855909,541.2835747,767.4462066,1063.790189,1442.510612,5058.45766,2181.963196,10202.62694,9802.38497,2543.044935,12824.32336,3591.772461,4567.179735,11211.2415,6172.518861,7288.658865,27000.89382,22529.83104,3314.603343,8327.707826,3098.391982,3428.519035,6154.728443,3121.787077,-115.0174041,36.23284216,32003,32,157269.4569
WasteEOL_Module_95-by-35_Elec.Adv_DR_cSi_p130_[Tonnes],0,0,0,0,2.92E-09,4.62E-07,8.85E-06,7.45E-05,0.000427394,0.00191434,0.007014655,0.021731579,0.058654899,0.141464766,0.311075113,0.633546996,1.209849377,2.187470248,3.773748467,6.250559251,9.989577331,15.46667135,23.27294472,34.11843034,48.82242007,68.28196326,93.40760637,251.4458831,154.154693,198.2090945,322.791562,295.4853191,352.3717713,1129.39773,971.1893728,241.4795334,660.0427618,202.1258466,218.6449405,439.6200636,168.5118089,-71.56225601,43.71401219,33009,33,5913.427535
WasteEOL_Module_95-by-35_Elec.Adv_DR_cSi_p131_[Tonnes],0,2.14E-07,2.41E-05,0.000639225,0.006904327,0.04101164,0.166629516,0.526182967,1.3942208,3.252415639,6.893271126,13.56031315,25.13152938,44.34888437,75.09093758,122.6784819,194.1935276,298.778692,447.8666529,655.2685748,937.029346,1310.942584,2163.085548,2373.551977,8991.917772,8996.584155,3636.694047,25201.85164,4561.999109,5812.172176,19183.93282,7302.408781,8697.754607,26080.28084,22639.39761,6431.472899,21060.65458,4057.962653,4161.956379,11647.75339,1393.402754,-71.90533052,42.31304362,25027,25,198532.0046
WasteEOL_Module_95-by-35_Elec.Adv_DR_cSi_p132_[Tonnes],0,3.96E-08,4.31E-06,0.000103573,0.001065451,0.00618978,0.024829817,0.077663426,0.204111199,0.47285264,0.996835363,1.954561102,3.620278345,6.406716505,10.92281055,18.04680905,29.01345528,45.51193036,69.78866604,104.7459977,154.0242302,222.0516767,382.0836974,429.3772065,1434.017865,1504.474622,827.7252591,3389.670225,1321.91723,1740.447518,3568.245059,2663.280669,3295.424606,7236.508203,6994.877411,4191.512074,8143.757164,4572.450313,5005.156357,7099.556074,4870.917475,-72.75108047,41.60246114,9003,9,69339.26982
WasteEOL_Module_95-by-35_Elec.Adv_DR_cSi_p133_[Tonnes],0,0,0,0,6.06E-09,9.58E-07,1.83E-05,0.00014692,0.000739815,0.00279035,0.008719911,0.024037108,0.060557117,0.141894904,0.311754616,0.645354999,1.264240006,2.354637163,4.189387443,7.153221165,11.77071188,18.7354877,28.93806656,43.48783829,63.72209149,91.19153246,127.6076843,436.8721588,214.5028479,284.0270895,521.2124949,446.9528228,554.3806239,866.2634705,926.2460203,825.4931835,2233.339731,686.167678,732.6231998,1461.614401,524.919761,-71.59672773,41.66667273,44003,44,11116.2264
WasteEOL_Module_95-by-35_Elec.Adv_DR_cSi_p134_[Tonnes],0,4.19E-08,4.05E-06,6.04E-05,0.000418316,0.001885932,0.006434046,0.018080343,0.044123097,0.09682168,0.195635861,0.370147045,0.663765015,1.138244074,1.878898419,3.000239604,4.651565739,7.021793873,10.34251934,14.88794701,20.97007979,28.92755369,111.09145,44.88453374,160.4537898,162.7787449,73.52615428,574.9192637,89.05910134,115.5307069,426.5245977,148.8531227,185.124737,462.2935838,437.6416472,231.2753276,542.8923977,275.6199446,338.9930003,553.0838814,450.4879535,-69.24794622,45.39211237,23021,23,5479.250155
WasteEOL_Module_95-by-35_Elec.Adv_DR_cSi_p14_[Tonnes],0,0,0,0,1.19E-10,1.88E-08,3.60E-07,2.95E-06,1.58E-05,6.51E-05,0.000224313,0.000676792,0.001836806,0.004555374,0.010431441,0.022241754,0.044500316,0.084157381,0.151446913,0.260887273,0.432428861,0.692719341,1.076415644,1.62740532,2.399701718,3.457644751,4.874877958,11.87995452,8.72114058,11.62149683,18.18397997,19.02910139,23.85262662,44.28217271,45.71660026,35.61667756,83.9378873,37.8847915,44.02869456,73.16352218,49.80356956,-116.6294762,47.64818073,16055,16,522.8644517
WasteEOL_Module_95-by-35_Elec.Adv_DR_cSi_p15_[Tonnes],0,0,0,0,2.19E-10,3.46E-08,7.51E-07,1.95E-05,0.000301022,0.002326135,0.011546994,0.042848539,0.129672668,0.33751758,0.782294029,1.653875538,3.245050926,5.985892064,10.48319456,17.56399565,28.32102137,44.15599057,66.81366977,98.3950774,141.3320408,198.2975521,272.0180515,374.4158643,478.0524796,612.8282525,772.07749,933.0426974,1104.024274,3707.978472,3142.199929,638.373115,2099.483083,413.1330893,434.1289398,1194.846504,194.1170526,-115.2177288,44.43004937,16037,16,16988.27318
WasteEOL_Module_95-by-35_Elec.Adv_DR_cSi_p16_[Tonnes],0,0,0,0,1.11E-10,1.75E-08,3.34E-07,2.76E-06,1.51E-05,6.85E-05,0.000312564,0.001403301,0.005575592,0.01891619,0.055250697,0.141914407,0.32762543,0.692652428,1.361435526,2.517752488,4.422385912,7.432983874,12.02533253,18.81446161,28.57274169,42.24025485,60.92012096,90.63165769,117.9634781,159.1551746,212.901096,270.8921377,341.6774113,438.2525738,516.2161324,579.4042452,1318.472056,565.4249633,612.5352258,998.011044,535.8188531,-112.4327899,43.02868119,16011,16,6936.907256
WasteEOL_Module_95-by-35_Elec.Adv_DR_cSi_p17_[Tonnes],0,0,0,0,1.93E-10,3.05E-08,5.83E-07,4.77E-06,2.54E-05,0.000103791,0.000350329,0.001020479,0.002639955,0.006191503,0.013371412,0.02692119,0.051037629,0.091861678,0.158041584,0.261356925,0.417374659,0.646082114,0.972400325,1.426420165,2.043121844,2.861239763,3.92083649,13.60494217,6.276828424,8.126738648,15.16715977,12.11268811,14.63945369,40.04829572,35.93850265,13.78880349,39.71655992,11.8186904,13.44364698,28.01944361,12.66145096,-113.6065082,46.82138594,30063,30,278.2636072
WasteEOL_Module_95-by-35_Elec.Adv_DR_cSi_p18_[Tonnes],0,0,0,0,1.72E-10,2.71E-08,5.18E-07,4.25E-06,2.27E-05,9.46E-05,0.000345083,0.001162606,0.003594554,0.010036871,0.025262146,0.057817583,0.121816341,0.239137023,0.442032033,0.776119617,1.303686801,2.107146157,3.292347958,4.991225963,7.362923453,10.59208746,14.88244082,27.86163449,26.90734276,35.42597414,49.91680834,56.69735972,69.40090002,103.6998927,110.1593907,98.25489288,342.3707358,55.70200383,56.63744162,182.0990598,10.47992413,-110.2231123,47.2494843,30045,30,1271.822665
WasteEOL_Module_95-by-35_Elec.Adv_DR_cSi_p19_[Tonnes],0,0,0,0,5.08E-12,8.03E-10,1.53E-08,1.26E-07,6.70E-07,2.74E-06,9.28E-06,2.71E-05,7.01E-05,0.000164308,0.000354696,0.0007136,0.001351609,0.002430251,0.004176612,0.006899458,0.011006068,0.017018276,0.025585104,0.037487783,0.05363078,0.075009866,0.102645733,0.357048364,0.163656098,0.211448181,0.395408834,0.313252992,0.377267949,1.056146148,0.939800692,0.33707552,1.000361264,0.273643579,0.30716893,0.673167183,0.264967996,-106.8433126,47.83744486,30105,30,7.008997822
WasteEOL_Module_95-by-35_Elec.Adv_DR_cSi_p2_[Tonnes],0,0,5.58E-08,5.36E-06,7.71E-05,0.000506713,0.002147424,0.006886853,0.018250255,0.042144673,0.087764068,0.168679464,0.304130652,0.520507519,0.852950493,1.346916096,2.059443144,3.059711151,4.428311396,6.254482669,8.630465027,11.64221554,15.35618799,19.80291089,111.4871002,103.9329359,15.35710968,79.27726388,22.27429384,28.84768818,70.93326402,40.9878669,49.8197452,128.3087482,117.2274855,51.35442695,135.0232269,46.86207338,52.41444984,98.70439709,48.92436534,-121.4945952,46.60869095,53041,53,1276.321136
WasteEOL_Module_95-by-35_Elec.Adv_DR_cSi_p20_[Tonnes],0,0,0,0,9.09E-11,1.44E-08,2.75E-07,2.25E-06,1.21E-05,4.99E-05,0.000174812,0.000545099,0.00154032,0.003964648,0.009343555,0.020322232,0.041171757,0.078406388,0.141510928,0.243769041,0.403168817,0.643336195,0.994404395,1.493661622,2.185723883,3.121852031,4.35787864,9.879916768,7.652800638,10.0368275,15.16437504,15.81765893,19.31333137,34.43201066,34.57850209,25.29374827,85.25995259,15.77042617,16.56909851,47.87066014,6.797700788,-108.0131914,46.4465773,30065,30,358.1778483
WasteEOL_Module_95-by-35_Elec.Adv_DR_cSi_p21_[Tonnes],0,0,0,0,6.04E-11,9.54E-09,1.82E-07,1.47E-06,7.64E-06,3.95E-05,0.000288399,0.001834116,0.008508843,0.030327518,0.088730887,0.223815578,0.503686698,1.036028365,1.981924589,3.571845744,6.123495422,10.06081376,15.93274997,24.42930905,36.39068383,52.80285556,74.76983641,106.0581238,139.7359877,184.8227918,240.3751415,301.0225698,369.7487813,445.0451715,512.3114154,565.9130297,2013.117638,301.2257824,299.3789745,1037.14474,5.842237934,-109.277895,43.04388094,56013,56,6749.699169
WasteEOL_Module_95-by-35_Elec.Adv_DR_cSi_p22_[Tonnes],0,0,0,0,1.13E-11,1.78E-09,3.41E-08,2.75E-07,1.41E-06,5.44E-06,1.74E-05,4.88E-05,0.000123461,0.000287273,0.000621881,0.001262987,0.002423514,0.004421764,0.007714502,0.012934488,0.020931261,0.032812668,0.049982598,0.074167237,0.1074179,0.152073134,0.210657071,0.773697951,0.342696552,0.449957763,0.863547882,0.691290985,0.851773467,1.668206635,1.657159161,1.137792112,3.23977774,0.99637033,1.149911924,2.37107509,1.211570776,-106.7112461,44.32489043,56019,56,18.08273351
WasteEOL_Module_95-by-35_Elec.Adv_DR_cSi_p23_[Tonnes],0,0,0,0,2.15E-11,3.40E-09,6.48E-08,5.24E-07,2.68E-06,1.04E-05,3.31E-05,9.21E-05,0.000230742,0.000531246,0.001137864,0.002288388,0.004353659,0.007885681,0.013675116,0.022823373,0.036845019,0.057827933,0.088686364,0.133545435,0.198296175,0.291359181,0.424695106,1.543884493,0.816113247,1.186834912,2.257748608,2.392863375,3.4275652,6.098789786,7.742326317,9.183661087,15.89193136,17.47561504,24.55363565,35.72081603,46.52709812,-105.0387513,44.24892369,56011,56,176.1032033
WasteEOL_Module_95-by-35_Elec.Adv_DR_cSi_p24_[Tonnes],0,0,0,0,1.06E-10,1.68E-08,3.20E-07,2.58E-06,1.32E-05,5.07E-05,0.000160833,0.00044516,0.001110353,0.002545561,0.005432217,0.010889536,0.02065776,0.037320174,0.06456315,0.107470221,0.172840316,0.269510029,0.408643076,0.603925166,0.871568395,1.22998729,1.698964818,6.888300452,2.699437887,3.542367433,7.234637063,5.386535922,6.644218332,13.50200031,13.29246891,8.747529,24.10489233,7.884038195,8.994729075,17.70803432,8.855595656,-105.8451005,42.22317644,56001,56,140.9908857
WasteEOL_Module_95-by-35_Elec.Adv_DR_cSi_p25_[Tonnes],0,0,2.62E-08,2.51E-06,3.62E-05,0.000239324,0.001035503,0.003556446,0.011762087,0.040974673,0.139288929,0.426948904,1.157634648,2.805674969,6.182443913,12.58406258,23.97155362,43.18312847,74.17564062,122.2875176,194.5074317,299.7199216,448.8791647,655.0332313,973.7135433,1333.47986,1758.916128,2752.162383,3028.310831,3860.215728,5037.290573,5779.774947,6792.722039,26903.03178,22162.72777,2280.482627,4290.535022,2515.787104,2742.777171,3790.86265,2650.372232,-111.9317099,39.1005072,49039,49,100538.2736
WasteEOL_Module_95-by-35_Elec.Adv_DR_cSi_p26_[Tonnes],0,0,0,0,5.31E-10,8.39E-08,1.61E-06,1.36E-05,7.90E-05,0.000359097,0.001334283,0.00419092,0.011524367,0.028586573,0.065279876,0.13902552,0.278606529,0.529064534,0.957699235,1.661163008,2.773541504,4.475134966,7.001365358,10.65078405,15.79049612,22.85642151,32.34470733,67.72827399,58.99749375,78.57012629,115.8328139,128.9410933,160.8556483,339.4916418,334.78246,218.0351298,351.0238283,260.3402063,285.5446863,356.0631397,294.0681325,-110.3182862,40.52141335,49013,49,3149.844053
WasteEOL_Module_95-by-35_Elec.Adv_DR_cSi_p27_[Tonnes],0,1.26E-08,1.60E-06,5.47E-05,0.000653284,0.004032589,0.016604155,0.052370739,0.137214607,0.314114826,0.649487891,1.240995228,2.22713166,3.798561272,6.210672316,9.796226499,14.97625929,22.26685012,32.27942891,45.71315741,63.33994309,85.98609991,136.1006425,147.7823892,813.2534518,769.5457879,150.9114842,423.0922126,299.8967767,431.1352145,732.7411565,849.1070162,1186.908466,2184.958602,2633.961599,2854.795398,5057.400588,5021.728928,6809.947409,9713.847503,11763.21931,-113.7436192,35.72391313,4015,4,52269.3438
WasteEOL_Module_95-by-35_Elec.Adv_DR_cSi_p28_[Tonnes],0,3.64E-07,5.00E-05,0.001950636,0.024182858,0.151406152,0.627995352,1.990916228,5.238931091,12.03928058,24.97397861,47.82595617,85.90076788,146.3712087,238.6180064,374.518407,568.6043237,837.9719291,1201.777703,1680.111116,2292.011474,3052.431532,4592.077319,4972.247747,30092.11017,27663.04059,2701.131291,20621.8415,3188.44765,4039.657124,15000.60389,4797.06707,5686.145826,19473.88361,16481.92044,3241.67989,9181.890975,2586.922188,2770.780564,5871.091576,1923.319306,-111.6056914,34.1838784,4007,4,195457.0498
WasteEOL_Module_95-by-35_Elec.Adv_DR_cSi_p29_[Tonnes],0,9.61E-10,1.52E-07,7.07E-06,9.15E-05,0.000582311,0.002443304,0.007845574,0.020960946,0.049006139,0.103559974,0.202168236,0.370232366,0.643139842,1.0685328,1.708520079,2.641504576,3.963114298,5.785494647,8.233967444,11.43985667,15.5282513,22.24832295,26.54758525,127.8889368,121.3524519,26.70258716,313.6912143,21.42283738,26.69175041,196.0011115,18.46704486,21.98170341,66.07468589,57.30260408,16.12052293,54.29217124,9.813851295,10.1156468,29.79839876,3.210996626,-109.516242,35.34591005,4001,4,1221.493703
WasteEOL_Module_95-by-35_Elec.Adv_DR_cSi_p3_[Tonnes],0,2.21E-09,2.37E-07,5.39E-06,5.38E-05,0.000308335,0.001228655,0.00383165,0.01006181,0.023321719,0.049254106,0.096935744,0.18067279,0.322532641,0.555665163,0.928393341,1.508974717,2.390832125,3.697920324,5.589751803,8.265472802,11.96625905,20.77174743,23.24717971,72.76185483,77.38990747,46.20527438,187.9829366,72.9308271,95.49048713,195.9202551,144.5891192,178.2474312,373.0854798,364.8629311,232.7678515,683.992829,209.5506973,248.8383667,517.2260686,276.0948618,-118.472439,47.92035993,53019,53,4057.547582
WasteEOL_Module_95-by-35_Elec.Adv_DR_cSi_p30_[Tonnes],0,1.50E-07,1.58E-05,0.000342192,0.003311658,0.018670039,0.07358687,0.227149357,0.589485478,1.346032674,2.787537574,5.346220952,9.6380419,16.50993631,27.08925392,42.83024279,65.54906289,97.43431686,141.0146801,199.0597831,274.3870642,369.5494683,744.4568242,600.5687532,3152.18267,2957.996867,520.7907095,4713.08187,547.8590291,691.7065331,3215.166731,735.3560884,873.8042459,2778.008802,2384.291694,585.0447801,1924.072748,393.2168051,426.6086187,1143.540073,264.3705961,-111.6857101,32.04276153,4019,4,29905.57864
WasteEOL_Module_95-by-35_Elec.Adv_DR_cSi_p31_[Tonnes],0,1.15E-06,0.000111616,0.001679208,0.011776636,0.05360733,0.183758801,0.515688312,1.249130061,2.70556369,5.369938944,9.93860201,17.37256095,28.95350622,46.33718618,71.59471021,107.2269112,156.1300954,221.4841435,306.5281348,414.1885952,546.5378284,2684.838735,693.7156008,3943.856529,3659.855136,487.3480921,3974.26756,560.022798,714.167312,2842.514376,843.1292507,1014.147936,2804.762137,2496.708185,902.672999,2683.478166,696.2338572,756.1745774,1703.586484,542.1571069,-106.5737299,34.6249543,35061,35,35940.02037
WasteEOL_Module_95-by-35_Elec.Adv_DR_cSi_p32_[Tonnes],0,0,0,0,2.17E-09,3.44E-07,6.56E-06,5.26E-05,0.000262823,0.000977418,0.002966457,0.007762098,0.018135851,0.038742579,0.076944634,0.143822135,0.255365589,0.433830733,0.709207056,1.12070397,1.718082743,2.562547484,3.7267458,5.293218043,7.350391055,9.984992998,13.26968621,111.2697743,14.83131714,18.80681203,78.28101308,21.38303836,25.48795377,77.62021636,67.27527346,18.67321455,59.72418146,12.72850847,13.5043356,34.9746367,7.160442292,-103.324472,44.05773319,46103,46,608.4351627
WasteEOL_Module_95-by-35_Elec.Adv_DR_cSi_p33_[Tonnes],0,1.08E-07,1.23E-05,0.000342576,0.003777035,0.022599282,0.091697359,0.287033159,0.749017502,1.711097027,3.534265355,6.748326754,12.10034804,20.60946204,33.6249047,52.88097008,80.53826734,119.1950653,171.845966,241.759021,332.2395239,446.2537572,770.5376144,733.9700563,4215.101547,3917.093231,532.8433903,2523.633425,792.1489112,1025.789962,2359.68905,1478.749124,1797.805669,4775.675187,4342.006233,1828.641133,4981.448699,1729.875044,2021.193167,3884.473019,2211.899561,-105.8666298,40.03368077,8049,8,47446.76948
WasteEOL_Module_95-by-35_Elec.Adv_DR_cSi_p34_[Tonnes],0,7.44E-07,7.26E-05,0.001147507,0.008528854,0.040711577,0.144464179,0.415378365,1.023515662,2.244873783,4.4997833,8.39874885,14.79525411,24.84364751,40.05780694,62.36270623,94.126179,138.1520458,197.60892,275.8631295,376.1827254,501.2881705,1929.488495,706.9812651,3926.617601,3664.671708,559.5980392,2168.093744,847.7980617,1078.474673,2174.05497,1515.104491,1783.70786,6818.951525,5650.879319,700.873252,1652.533591,670.4012686,728.8887322,1230.014792,636.0524015,-105.2752917,38.1055194,8027,8,40185.2436
WasteEOL_Module_95-by-35_Elec.Adv_DR_cSi_p35_[Tonnes],0,0,0,0,4.41E-11,6.97E-09,1.33E-07,1.09E-06,5.87E-06,2.43E-05,8.29E-05,0.000244028,0.000636892,0.001504222,0.003266172,0.006602784,0.012555798,0.02264984,0.03903173,0.064624391,0.103287839,0.159973101,0.240844441,0.353330019,0.506040529,0.708470575,0.970372606,3.206552396,1.562661444,2.019079771,3.663859222,3.00383336,3.614763121,10.05876423,8.951786476,3.222883443,9.768455437,2.516758219,2.798771844,6.369121689,2.246620741,-105.0375055,47.1804594,30021,30,66.19746063
WasteEOL_Module_95-by-35_Elec.Adv_DR_cSi_p36_[Tonnes],0,0,0,0,6.24E-09,9.86E-07,1.88E-05,0.000150634,0.000750014,0.002770617,0.008338155,0.021612149,0.049995209,0.105733724,0.207936491,0.385020127,0.677564705,1.141519331,1.851621996,2.904772655,4.42290047,6.554570322,9.474161292,13.37692522,18.46765603,24.94023201,32.94526217,312.3680434,33.3778356,42.10062348,209.6735807,42.9788961,51.23216641,160.1136405,138.4948872,37.34860202,118.3918417,31.23153658,38.90153913,90.87282508,54.76002276,-102.0734343,47.15958973,38057,38,1479.385554
WasteEOL_Module_95-by-35_Elec.Adv_DR_cSi_p37_[Tonnes],0,0,0,0,8.00E-09,1.26E-06,2.41E-05,0.000193138,0.000962218,0.003557941,0.010720454,0.027823629,0.064450424,0.136479573,0.268716866,0.498081953,0.877328842,1.479221407,2.400987155,3.768709526,5.741061496,8.511398568,12.30669216,17.38109932,24.0012042,32.41933416,42.83126065,401.203918,43.77030743,55.1685464,270.1814404,56.62903862,67.18895168,213.3154051,182.7948247,44.12965442,149.3775663,27.04302816,28.27850219,83.23638037,11.24631276,-99.03324693,47.70645859,38027,38,1786.293186
WasteEOL_Module_95-by-35_Elec.Adv_DR_cSi_p38_[Tonnes],0,0,0,0,1.21E-08,1.91E-06,3.64E-05,0.000291322,0.001451657,0.005369304,0.016182692,0.042005371,0.097292825,0.205968873,0.405360314,0.750955206,1.321950885,2.227472475,3.613194997,5.66785707,8.628766919,12.78482323,18.47476715,26.0773548,35.98900371,48.58352868,64.14846854,604.4817194,65.14354414,82.03765952,405.9711392,83.45859518,98.91685177,322.2654241,274.7777948,61.5917072,204.9782575,39.02493836,40.93810746,115.6677004,17.45994021,-99.79847762,44.48283152,46065,46,2645.755484
WasteEOL_Module_95-by-35_Elec.Adv_DR_cSi_p39_[Tonnes],0,0,0,0,1.44E-09,2.27E-07,4.33E-06,3.47E-05,0.000172489,0.000636262,0.001911319,0.004943959,0.01141258,0.02408531,0.047269878,0.087357476,0.153456633,0.258103208,0.418015544,0.654835516,0.995751609,1.47383368,2.127816572,3.000952413,4.138422651,5.582696788,7.36621818,71.63107509,7.29759291,9.194991791,47.65098352,9.119838636,10.85355715,33.87136779,29.1957494,7.572020338,24.36206671,5.154648526,5.497996706,14.3246237,3.023372451,-102.6958257,41.74325238,31123,31,305.097816
WasteEOL_Module_95-by-35_Elec.Adv_DR_cSi_p4_[Tonnes],0,3.49E-09,3.36E-07,4.91E-06,3.31E-05,0.000145615,0.000486162,0.001339276,0.003205591,0.006898033,0.013662919,0.025330038,0.044493696,0.07472134,0.120778312,0.188846759,0.286702679,0.423798593,0.611211193,0.861583152,1.189613208,1.614180798,8.158208094,2.307497191,9.6789704,10.01952835,4.976762773,25.05058819,11.79510227,19.53321846,41.68378335,49.35196196,77.52656987,130.0417639,187.0256429,260.6560792,390.4544764,539.6464934,758.6068895,1053.899971,1421.426129,-119.5470861,47.4129124,53025,53,5007.306673
WasteEOL_Module_95-by-35_Elec.Adv_DR_cSi_p40_[Tonnes],0,0,0,0,6.41E-09,1.01E-06,1.93E-05,0.000154897,0.000775306,0.00288911,0.008799464,0.02315703,0.054539274,0.117650475,0.236199448,0.446485153,0.801688461,1.376816206,2.274154113,3.628934204,5.614678426,8.447305789,12.38654983,17.73251194,24.81431408,33.96696339,45.49204475,336.5480194,55.51373826,70.93130132,250.5090484,87.92853515,105.4606446,274.8249828,246.5674097,96.66147847,330.2876296,57.67364303,59.54345777,180.3316306,17.85110495,-99.18350983,41.52161835,31175,31,2328.059256
WasteEOL_Module_95-by-35_Elec.Adv_DR_cSi_p41_[Tonnes],0,0,0,0,6.40E-09,1.01E-06,1.93E-05,0.000154923,0.000778533,0.00291859,0.008941871,0.023621279,0.055676479,0.119850579,0.239561943,0.450148692,0.802693421,1.368375519,2.243481785,3.556662947,5.48347785,8.277290572,12.3286017,18.26693095,27.12086323,40.55314723,61.18919494,369.6676345,121.3992808,192.8437599,464.927714,450.3684985,696.0885926,1244.982863,1707.437868,2235.338838,3361.369549,4604.236154,6458.174735,8958.373052,12022.63288,-96.34583201,40.93518639,31025,31,43069.93381
WasteEOL_Module_95-by-35_Elec.Adv_DR_cSi_p42_[Tonnes],0,0,0,0,2.78E-10,4.40E-08,8.40E-07,6.87E-06,3.64E-05,0.000148384,0.000512796,0.00158303,0.004447909,0.011421777,0.02690941,0.058570933,0.118805128,0.226561854,0.409481695,0.706337748,1.169712103,1.868765104,2.891832158,4.34839139,6.369667672,9.106765636,12.72477422,29.42151771,22.34999041,29.34991832,44.71009273,46.34868355,56.68914856,97.90493064,99.46849441,75.96760476,253.3437901,48.3796794,51.09066002,144.0292589,23.45812479,-95.4795737,48.02901973,27007,27,1062.556627
WasteEOL_Module_95-by-35_Elec.Adv_DR_cSi_p43_[Tonnes],0,0,0,0,8.59E-09,1.36E-06,2.61E-05,0.000239624,0.001656092,0.008930328,0.03811687,0.134122377,0.403402799,1.066255692,2.531516381,5.495602578,11.06727479,20.91874572,37.46250785,64.05094253,105.1916606,166.7645126,256.2148741,382.6805413,556.9849197,791.3967578,1099.018751,1863.825724,1954.915881,2542.282282,3446.307126,3973.588136,4792.516363,11289.4526,10406.2299,4961.932543,16490.13645,3068.204379,3149.858362,9065.409351,997.1443501,-93.66377494,46.26358649,27001,27,81503.23479
WasteEOL_Module_95-by-35_Elec.Adv_DR_cSi_p44_[Tonnes],0,0,0,0,1.71E-09,2.70E-07,5.16E-06,4.14E-05,0.000208726,0.000797203,0.002657097,0.00838166,0.025065659,0.069206181,0.174084353,0.399864143,0.846585588,1.670165722,3.10141786,5.467912832,9.218163641,14.94701337,23.4201007,35.59368748,52.62376339,75.8550455,106.7762928,220.8647843,192.155017,253.6191324,370.3515562,406.4484941,498.9352658,650.313249,726.5321529,745.8032214,2604.582898,414.1448026,415.3050683,1364.037768,44.80234501,-95.74181715,44.42138655,27083,27,9238.096215
WasteEOL_Module_95-by-35_Elec.Adv_DR_cSi_p45_[Tonnes],0,0,0,0,3.13E-09,4.94E-07,9.44E-06,7.57E-05,0.000379933,0.001422028,0.004355561,0.011537196,0.027368615,0.059498031,0.120426326,0.229543799,0.415605677,0.719627746,1.198137767,1.926641184,3.003034016,4.550499486,6.719135597,9.685166084,13.64610139,18.80970971,25.37430006,168.7149591,33.09641863,42.62575794,132.7526524,56.28829816,68.2019401,167.0430746,153.6683027,71.37978119,211.3107046,56.03763536,61.77993823,137.9977895,50.39700945,-95.02634463,42.41935156,19161,19,1497.796838
WasteEOL_Module_95-by-35_Elec.Adv_DR_cSi_p46_[Tonnes],0,1.11E-09,1.38E-07,4.56E-06,5.37E-05,0.000330314,0.001357907,0.004282224,0.011226948,0.025728911,0.053282029,0.10207392,0.18402964,0.316247616,0.522846989,0.837175909,1.304256402,1.983250712,2.949626171,4.296583725,6.135231607,8.592988692,13.70814849,15.74946348,71.48492662,70.04144628,22.29526129,60.15739556,38.96433497,51.57544921,84.0426095,82.35815737,101.9022435,154.1674768,166.0723312,151.9546499,451.8954279,115.4433024,124.0577869,281.8429341,82.88159023,-91.39624127,45.46791696,55107,55,2167.915514
WasteEOL_Module_95-by-35_Elec.Adv_DR_cSi_p47_[Tonnes],0,2.27E-09,1.35E-06,0.000111729,0.001584572,0.010361595,0.043779463,0.139979911,0.36981287,0.851794675,1.770995721,3.402342506,6.138225557,10.51961164,17.2688323,27.32068725,41.84630955,62.26131615,90.20626101,127.4839114,175.9357313,237.2416104,316.5323787,402.1772966,2263.780687,2108.135108,304.7552827,731.0996551,494.1365073,623.9917718,960.0637321,894.5034321,1037.131379,4555.661847,3669.845719,100.9531776,301.6224093,77.67289197,84.52062783,191.4592021,60.76032917,-103.9155591,33.48134861,35005,35,19981.6167
WasteEOL_Module_95-by-35_Elec.Adv_DR_cSi_p48_[Tonnes],0,4.66E-10,9.02E-08,5.01E-06,6.72E-05,0.000432541,0.001824317,0.005875329,0.015740159,0.036952562,0.078617333,0.155042967,0.287912465,0.509036673,0.863661802,1.414219248,2.244294251,3.462436267,5.205232789,7.638828334,10.95782569,15.38032993,21.93718054,28.38240207,108.7709343,108.7877557,43.6498009,267.6092151,58.20714366,74.46032152,215.9329802,98.29383898,117.5207136,338.8110415,297.4131535,95.00062422,313.0597957,62.99702202,67.56685207,182.8836067,36.80046555,-101.7896096,34.85870122,48381,48,2586.343183
WasteEOL_Module_95-by-35_Elec.Adv_DR_cSi_p49_[Tonnes],0,0,0,0,5.65E-12,8.93E-10,1.70E-08,1.37E-07,6.86E-07,2.57E-06,7.89E-06,2.11E-05,5.09E-05,0.000113663,0.000238428,0.000473983,0.000898179,0.001629723,0.0028428,0.004785039,0.007799429,0.01235083,0.019057262,0.028725375,0.04238812,0.061340906,0.087170457,0.366042906,0.148972244,0.204682855,0.419670882,0.351048297,0.463625856,0.756468457,0.881767626,0.921744252,1.657462901,1.343889071,1.694428152,2.380518996,2.536603596,-101.5000045,36.74873009,40139,40,14.39682356
WasteEOL_Module_95-by-35_Elec.Adv_DR_cSi_p5_[Tonnes],0,1.66E-07,1.65E-05,0.000276877,0.002198289,0.011013985,0.040385159,0.118721648,0.297031937,0.658415251,1.329590222,2.495204835,4.415661134,7.448506967,12.07244378,18.91181922,28.75797362,42.58197693,61.53130682,86.90129857,120.0716635,162.4006529,500.7165543,251.3533916,1327.683155,1256.674293,251.3751097,667.9223011,431.6717678,566.7602301,918.9713072,892.3501476,1098.390027,2352.030682,2280.742252,1400.207461,4157.505726,1234.469932,1454.556084,3068.359693,1540.53062,-120.8593635,44.87742596,41065,41,26202.31689
WasteEOL_Module_95-by-35_Elec.Adv_DR_cSi_p50_[Tonnes],0,0,0,0,2.62E-10,4.14E-08,7.92E-07,6.64E-06,3.77E-05,0.000169426,0.000662505,0.002337794,0.007406928,0.02092535,0.052974658,0.121648331,0.256903622,0.505360961,0.936270487,1.649455603,2.787296865,4.554220322,7.248129082,11.30872657,17.38780298,26.4463037,39.88239255,71.01686564,87.82687148,129.6666579,196.3066075,273.8961241,392.709075,615.8664656,823.0269665,1062.896985,1935.588765,1900.649597,2611.833536,3788.609422,4641.823762,-97.47670229,35.30086027,40027,40,18644.88673
WasteEOL_Module_95-by-35_Elec.Adv_DR_cSi_p51_[Tonnes],0,0,0,0,6.83E-11,1.08E-08,2.06E-07,1.66E-06,8.35E-06,3.15E-05,9.77E-05,0.00026427,0.000646058,0.001463019,0.003113354,0.00627836,0.012090126,0.02255453,0.041846116,0.079872101,0.16064777,0.339236201,0.731985085,1.565563725,3.250950145,6.489069567,12.41523291,25.74258321,40.02084046,68.3171571,114.5781748,180.7541964,282.2597608,432.4185697,642.3760103,933.9964559,1343.834547,1876.530575,2590.164783,3516.119202,4677.481897,-95.63163853,36.28372003,40131,40,16749.71571
WasteEOL_Module_95-by-35_Elec.Adv_DR_cSi_p52_[Tonnes],0,0,0,0,1.02E-09,1.62E-07,3.09E-06,2.48E-05,0.000125292,0.000472961,0.001459853,0.003880805,0.009187813,0.019828113,0.039671764,0.074533659,0.132850493,0.226921412,0.375928378,0.612906157,0.998581325,1.645545958,2.756656409,4.6818844,7.998114128,13.61659172,22.92291028,82.19721649,58.2972591,94.06005634,173.959301,224.6233685,339.3266379,538.9359136,754.1739976,1022.900147,1444.512545,1977.465966,2678.277054,3566.906313,4648.808921,-101.0284679,38.7673038,20109,20,17660.56277
WasteEOL_Module_95-by-35_Elec.Adv_DR_cSi_p53_[Tonnes],0,0,0,0,1.32E-08,2.09E-06,3.99E-05,0.00031908,0.001589572,0.005877476,0.017713008,0.04600359,0.106711562,0.226482818,0.447326703,0.832397229,1.472928508,2.49665032,4.078758595,6.457661631,9.959055463,15.03298713,22.3090805,32.67506688,47.38339726,68.1903625,97.53244492,710.1917723,153.4138213,225.8407188,663.809175,435.4697557,635.7682378,1138.914679,1458.835439,1741.938367,2655.278856,3317.880492,4524.348409,6182.426741,7962.333723,-97.48884753,38.39197065,20113,20,32115.72304
WasteEOL_Module_95-by-35_Elec.Adv_DR_cSi_p54_[Tonnes],0,2.77E-09,3.04E-07,7.53E-06,7.87E-05,0.000461693,0.001881019,0.00603178,0.016392361,0.039499436,0.086862458,0.177733146,0.342941986,0.629930871,1.10900596,1.880727814,3.084213616,4.905919378,7.588173805,11.43633123,16.82289662,24.18637984,38.76771517,46.40283077,126.6668909,137.1545511,91.80634874,690.2634846,110.5551,140.9165645,508.9266939,172.0825812,205.7297736,570.2968751,503.9412492,172.8380641,589.9225079,103.308378,106.6525638,322.2446637,32.12993963,-93.93551551,39.68010457,29025,29,4742.922245
WasteEOL_Module_95-by-35_Elec.Adv_DR_cSi_p55_[Tonnes],0,2.04E-10,4.56E-08,2.78E-06,3.79E-05,0.000246862,0.001069334,0.003605466,0.010257349,0.025742702,0.058571014,0.12310017,0.242296375,0.451270493,0.801597919,1.366357689,2.245725794,3.572805717,5.519156353,8.299170331,12.17205987,17.43973108,24.78800167,33.48696854,85.71629507,93.65291763,66.11537612,681.1418577,63.04126641,80.024334,447.7680071,77.82218603,94.79583012,205.1206773,195.6612393,112.5272392,367.844891,83.06186403,95.70185494,240.4036165,88.03522181,-93.63067538,37.39648815,29057,29,3189.04245
WasteEOL_Module_95-by-35_Elec.Adv_DR_cSi_p56_[Tonnes],0,0,0,0,4.81E-10,7.61E-08,1.45E-06,1.18E-05,6.09E-05,0.000238776,0.000780818,0.002248075,0.005868082,0.014091746,0.03140472,0.065418617,0.12826012,0.238268023,0.421994579,0.716483131,1.171750808,1.853331003,2.844610027,4.248509593,6.187808406,8.803060804,12.24668566,37.48719568,20.64752462,27.11298871,46.98924721,42.17503598,51.74030109,96.08305878,96.05881868,68.35786283,205.870072,51.20892475,55.07288843,127.5560337,36.40643206,-93.59063588,35.49289456,5071,5,1001.747272
WasteEOL_Module_95-by-35_Elec.Adv_DR_cSi_p57_[Tonnes],0,1.98E-08,1.89E-06,2.64E-05,0.000167079,0.000689463,0.00217504,0.005704688,0.013079574,0.02708345,0.051792751,0.092938798,0.158318231,0.258230841,0.405897836,0.617778768,0.9136613,1.316346802,1.850706542,2.541859698,3.412264177,4.47767018,39.76123331,3.90775954,18.43465142,17.74682107,4.680667616,17.7641831,7.290735113,9.396280307,18.57296962,13.72927191,16.51767748,49.26265084,43.34581155,13.89570028,39.90138863,13.12831204,16.15447895,33.09896358,22.41921158,-94.5241288,32.86217276,48315,48,415.1551615
WasteEOL_Module_95-by-35_Elec.Adv_DR_cSi_p58_[Tonnes],0,8.65E-08,8.23E-06,0.00011213,0.000684631,0.002718026,0.008293576,0.02126978,0.048350305,0.100778351,0.196943457,0.366151309,0.653820829,1.12843661,1.89043766,3.082976487,4.90426048,7.620963506,11.58197693,17.23155082,25.12066959,35.91534268,198.915097,55.13262939,85.9630636,114.6156703,144.2297851,858.5757453,201.9996729,264.495676,729.3500301,380.5322459,475.828681,1296.912687,1210.915446,581.3821648,969.0813671,839.5503241,1035.748978,1393.7292,1484.789287,-92.01150228,30.84054963,22097,22,12431.6235
WasteEOL_Module_95-by-35_Elec.Adv_DR_cSi_p59_[Tonnes],0,6.58E-09,6.40E-07,9.96E-06,7.27E-05,0.000343503,0.001224924,0.003611028,0.009290214,0.021553131,0.046043715,0.09189986,0.173229545,0.31094381,0.534930787,0.886508895,1.421033372,2.210439523,3.345402111,4.936759668,7.115965753,10.03449757,25.1520129,17.69508275,47.59137789,51.53567167,34.83639267,376.855174,34.82560725,47.28380903,257.3956178,62.12612767,88.44571428,155.1457585,196.3506459,232.0972938,421.058007,427.4823467,595.9501382,872.4530345,1099.641555,-106.2230818,31.77308956,48141,48,5075.065128
WasteEOL_Module_95-by-35_Elec.Adv_DR_cSi_p6_[Tonnes],0,7.19E-09,8.31E-07,2.35E-05,0.00026053,0.001563518,0.006352334,0.019893585,0.051912693,0.118567994,0.24491818,0.468209805,0.842388838,1.444066684,2.37990159,3.79508211,5.882285239,8.890131642,13.12982779,18.97845473,26.87738518,37.32478076,63.2011292,66.86743019,317.3139746,308.1641389,88.75493821,226.5692897,160.0378246,215.4985354,345.6036928,363.224008,465.0407024,783.9740872,865.1683901,810.610712,2071.785582,952.5496689,1205.805365,2097.309972,1710.463191,-122.7941288,42.80834786,41019,41,13238.39864
WasteEOL_Module_95-by-35_Elec.Adv_DR_cSi_p60_[Tonnes],0,3.49E-10,3.99E-08,1.10E-06,1.21E-05,7.21E-05,0.000294156,0.00094237,0.002695834,0.007612363,0.021671346,0.0601497,0.157913113,0.387803848,0.889822724,1.912836932,3.870171021,7.410263669,13.50346018,23.54597697,39.48195253,63.94348574,101.0051318,153.2903488,238.7991281,341.258032,471.082841,695.2834537,900.6072465,1211.909238,1621.230604,2069.007733,2627.328435,5310.606314,5445.821267,4063.759594,7257.247514,5329.465781,6363.7865,8758.563605,8369.612701,-100.4747257,33.42197646,48269,48,61484.86261
WasteEOL_Module_95-by-35_Elec.Adv_DR_cSi_p61_[Tonnes],0,2.33E-10,3.36E-08,1.40E-06,1.77E-05,0.000117027,0.000573432,0.002373233,0.008638722,0.028170681,0.083494059,0.227937564,0.578221699,1.369559422,3.038526855,6.337131721,12.48069161,23.33169252,41.62135378,71.20947033,117.380202,187.1654445,290.0761965,436.3692565,659.1728976,936.496343,1291.149636,3378.687071,2283.332259,3039.522188,4899.275427,4947.503014,6196.130987,11380.46886,11772.83374,9250.780831,22229.52481,9665.369999,11213.53964,18975.62875,12533.35258,-102.5121274,30.79490767,48371,48,135844.0781
WasteEOL_Module_95-by-35_Elec.Adv_DR_cSi_p62_[Tonnes],0,1.86E-09,1.82E-07,2.92E-06,2.21E-05,0.000106626,0.000382449,0.001111955,0.00277632,0.006225655,0.013363654,0.030017892,0.074444548,0.196667108,0.512980983,1.258412699,2.859378367,6.028522706,11.88339676,22.0900371,39.03133351,65.99783297,110.5916873,168.6421109,265.9484579,389.863231,552.6919051,803.2942882,1084.0996,1470.245597,1962.674303,2530.678687,3209.534726,4013.022197,4816.034161,5590.77706,11430.37026,5834.502963,6316.219803,9322.859435,5766.664057,-102.3887614,31.77998214,48135,48,65788.70154
WasteEOL_Module_95-by-35_Elec.Adv_DR_cSi_p63_[Tonnes],0,5.88E-09,7.45E-07,2.55E-05,0.000304154,0.001878252,0.007752888,0.02458098,0.064968105,0.150724228,0.317718581,0.623552526,1.160161731,2.074363244,3.598663545,6.09345878,10.10109844,16.41171696,26.14002207,40.81128699,62.45361165,93.69209355,147.9297393,197.9970856,570.4933536,636.4154359,463.8297702,1109.256435,844.9060476,1133.868493,1761.855229,1885.421704,2379.118811,4160.695569,4407.788199,3721.274719,7323.17616,4251.159913,4814.681477,6934.601222,5275.171064,-97.11815228,32.37182664,48251,48,52283.36841
WasteEOL_Module_95-by-35_Elec.Adv_DR_cSi_p64_[Tonnes],0,4.95E-10,7.42E-07,6.74E-05,0.000964863,0.006327004,0.026757435,0.085546952,0.225711432,0.518214833,1.071299706,2.040852221,3.64174293,6.160018177,9.965173311,15.52066852,23.38952945,34.23021978,48.77609404,67.79006937,91.98561524,121.9073481,158.6209729,199.2013478,1323.609827,1206.574005,74.64917591,147.8610146,140.8645255,190.2468291,276.8464239,322.9069428,409.7425299,690.1953053,745.5298877,664.3946971,1129.948664,807.127134,910.882591,1195.254887,1032.5813,-98.02819061,30.14290618,48209,48,12054.38028
WasteEOL_Module_95-by-35_Elec.Adv_DR_cSi_p65_[Tonnes],0,5.13E-07,4.94E-05,0.000729908,0.004997066,0.022267512,0.075074755,0.208104411,0.499661039,1.076051131,2.129470798,3.93961796,6.898712609,11.53893591,18.56022854,28.85480951,43.5226295,63.86926697,91.37479731,127.6196949,174.153402,232.2952875,1183.317364,300.8568598,1484.618422,1409.689822,307.8596849,1874.796544,400.8027536,505.5027371,1483.546733,639.0476728,747.3827787,3135.707823,2556.63734,171.3645074,338.7096308,208.8649487,246.3501498,358.722566,307.1289767,-98.36237296,28.14593418,48311,48,18467.5511
WasteEOL_Module_95-by-35_Elec.Adv_DR_cSi_p66_[Tonnes],0,2.04E-10,6.38E-08,4.53E-06,6.31E-05,0.000410095,0.00172848,0.00551913,0.014562138,0.033471413,0.06935222,0.132570361,0.237632869,0.40415797,0.657869163,1.03148551,1.565296357,2.307102343,3.311086326,4.635081062,6.33568623,8.460842592,11.38960942,14.03859028,86.4554562,79.59477384,7.979199031,24.54846819,13.63430108,18.17157505,31.81165652,29.79296366,38.02897903,96.77960914,94.36942101,56.15119767,111.4569109,85.92743244,113.6181876,169.8739687,188.5577142,-94.49850005,30.68456443,48457,48,1301.383936
WasteEOL_Module_95-by-35_Elec.Adv_DR_cSi_p67_[Tonnes],0,1.46E-09,2.22E-07,9.87E-06,0.000126508,0.000801785,0.003351617,0.010710141,0.028474363,0.066388671,0.140524092,0.276532574,0.514492562,0.915928075,1.573370653,2.622545554,4.257126174,6.746297847,10.4564513,15.88031122,23.67962164,34.7504494,52.82034079,71.86571544,231.3861584,253.8631289,171.4931976,496.8096933,348.4177422,506.9772075,872.7400753,1020.51598,1440.494686,2564.5951,3167.050113,3586.335258,5760.008211,6461.843749,8708.280679,12022.11026,15002.85216,-95.42461309,29.5703565,48039,48,62842.38297
WasteEOL_Module_95-by-35_Elec.Adv_DR_cSi_p68_[Tonnes],0,0,0,0,7.30E-10,1.15E-07,2.22E-06,1.99E-05,0.000130772,0.000677694,0.002829113,0.009866421,0.029631427,0.078462481,0.186825128,0.40678077,0.821394204,1.556126228,2.7921637,4.781468473,7.863021423,12.47921573,19.19050689,28.68513321,41.77886844,59.39732345,82.53043986,143.7235765,146.6758464,190.8753782,261.0861928,298.4924613,360.2915556,815.4197415,759.0184108,385.7318076,1316.537986,227.6046895,232.5719508,710.7523742,57.83878868,-93.84641518,43.85294596,27013,27,6169.211647
WasteEOL_Module_95-by-35_Elec.Adv_DR_cSi_p69_[Tonnes],0,0,0,0,1.06E-09,1.68E-07,3.20E-06,2.60E-05,0.000134113,0.000524354,0.001687788,0.004693256,0.011628841,0.02622984,0.054711176,0.106815812,0.197096134,0.346510519,0.584574571,0.952481942,1.507718614,2.330726935,3.53413803,5.274981796,7.7701067,11.31482297,16.30459048,69.16159244,29.40336212,41.87873602,85.84152401,78.90341336,109.581797,225.5011202,257.8844257,248.6402814,402.6035199,446.4412662,599.7699765,825.6410761,1018.461953,-92.11168489,42.91269261,19037,19,4490.038247
WasteEOL_Module_95-by-35_Elec.Adv_DR_cSi_p7_[Tonnes],0,1.25E-09,2.72E-07,1.63E-05,0.000221526,0.001429344,0.006004145,0.019142773,0.050551021,0.116767742,0.244504845,0.475289959,0.871637645,1.524974445,2.565355881,4.172706446,6.588968492,10.13010121,15.19630991,22.27827453,31.95663095,44.89175739,63.94942718,83.21765672,347.8016839,344.2973379,123.669746,213.4120952,215.9450192,278.8918257,379.5634205,430.7588032,518.0213131,1787.760205,1533.344948,353.4163278,599.6251358,465.8636718,550.8546598,735.3601543,711.9835295,-118.790355,43.19860125,41025,41,9878.827606
WasteEOL_Module_95-by-35_Elec.Adv_DR_cSi_p70_[Tonnes],0,0,0,0,7.55E-09,1.19E-06,2.28E-05,0.00018289,0.000919512,0.003451205,0.010609343,0.028223743,0.067264147,0.146898141,0.298568019,0.571146085,1.037184685,1.80021054,3.002898357,4.835763955,7.54569842,11.44316653,16.90615866,24.37798223,34.35473771,47.35701671,63.8794027,410.7993615,84.29822945,108.3720638,327.0953054,143.5042295,173.0567656,431.0530745,392.7733961,172.1350049,552.1668217,116.9314036,124.14163,323.1134508,65.90533536,-92.68514792,41.53491879,19157,19,3643.01358
WasteEOL_Module_95-by-35_Elec.Adv_DR_cSi_p71_[Tonnes],0,1.43E-09,1.39E-07,2.16E-06,1.57E-05,7.41E-05,0.000264639,0.000783698,0.002035813,0.004803489,0.010518808,0.02166156,0.04230122,0.078792372,0.140624171,0.241412969,0.400010435,0.64167389,0.999207432,1.513928186,2.236239067,3.225498039,6.996538863,6.041506826,13.3148282,15.25215673,12.98394577,98.79872002,15.14220022,19.03595029,71.27849907,21.97006303,25.66100832,102.7553122,84.11424472,7.088354346,23.33108048,4.624663203,4.899544657,13.41755758,2.412309852,-92.01395166,39.96993092,29103,29,558.6783323
WasteEOL_Module_95-by-35_Elec.Adv_DR_cSi_p72_[Tonnes],0,1.48E-09,2.08E-07,8.38E-06,0.000104744,0.000660543,0.002788352,0.009122956,0.025079357,0.060729462,0.133425134,0.27129436,0.517715626,0.936806677,1.619860914,2.692527063,4.322327223,6.725814719,10.17426316,14.9962457,21.57483992,30.33657584,44.27650255,55.93631555,178.2401311,183.6312457,94.28419367,1020.314536,84.10192813,105.6273427,655.5299555,90.60917906,108.4300569,307.4649366,270.9208391,89.89402535,293.3006111,59.77254639,63.57826297,170.4059337,32.98903848,-91.3675038,38.4997353,29071,29,4003.707771
WasteEOL_Module_95-by-35_Elec.Adv_DR_cSi_p73_[Tonnes],0,0,3.85E-09,3.69E-07,5.32E-06,3.51E-05,0.000150731,0.000497184,0.001378777,0.003402217,0.007729533,0.016473516,0.033255677,0.063938782,0.117538306,0.207307255,0.351974209,0.577091554,0.916417706,1.413217334,2.121318687,3.105703059,4.442306764,6.216598236,14.48277978,16.48978204,13.58805828,61.40499213,19.80337623,25.25730029,56.97106319,35.34847188,42.35877413,171.3503111,143.6322462,21.37631966,38.38510889,39.00410739,53.87497179,77.95287949,96.82249429,-91.06236394,37.67809039,29093,29,947.699377
WasteEOL_Module_95-by-35_Elec.Adv_DR_cSi_p74_[Tonnes],0,0,0,0,3.87E-10,6.11E-08,1.17E-06,9.38E-06,4.73E-05,0.000178696,0.000552314,0.001473466,0.003509241,0.007633224,0.015412694,0.029240007,0.052607817,0.090424454,0.149359903,0.238202979,0.368194216,0.553274414,0.810153107,1.158053665,1.617934847,2.210932491,2.955732652,20.58069839,3.682240349,4.680225543,15.5840164,5.82489559,6.915225782,21.90582328,18.79072009,4.592916417,15.53645912,2.856933978,3.009133982,8.733887524,1.258098527,-88.25976999,46.39589899,26071,26,144.2142031
WasteEOL_Module_95-by-35_Elec.Adv_DR_cSi_p75_[Tonnes],0,1.43E-09,1.52E-07,3.45E-06,3.44E-05,0.00019678,0.000780841,0.002416605,0.00627137,0.014294145,0.029512135,0.056388495,0.101248626,0.172769261,0.282504411,0.445395952,0.680181092,1.00956352,1.4599633,2.060613716,2.841753322,3.831704331,7.500557437,6.279937711,34.03490694,31.90664449,5.39576051,36.85652025,7.145145547,9.369936828,29.41753977,13.11492551,16.51616618,33.35968649,33.99254621,25.01043555,66.35505558,28.49467077,36.23279933,65.26637398,52.0739551,-88.88363925,45.19646292,55067,55,551.3191601
WasteEOL_Module_95-by-35_Elec.Adv_DR_cSi_p76_[Tonnes],0,1.16E-10,4.84E-08,3.74E-06,5.26E-05,0.00034305,0.001449572,0.004642078,0.01229127,0.028365237,0.059030611,0.11338515,0.204352521,0.349750807,0.5735011,0.906881829,1.38965881,2.070825073,3.008594703,4.269329009,5.925344092,8.052006884,10.92496451,14.00142731,75.96347401,71.83536852,14.08228273,61.97479504,25.48898465,36.72794821,76.9900285,71.52775237,101.4922678,174.9386394,221.4967469,262.2890712,460.3263813,475.0042211,652.4927618,936.6664414,1166.143679,-89.11741448,44.06230241,55137,55,4937.337044
WasteEOL_Module_95-by-35_Elec.Adv_DR_cSi_p77_[Tonnes],0,0,1.29E-08,1.24E-06,1.78E-05,0.000116877,0.00049561,0.001591199,0.004223325,0.009771687,0.020399008,0.039344234,0.071320985,0.123052268,0.203950205,0.326922122,0.509264848,0.773631102,1.149183474,1.673430677,2.395953469,3.38606228,4.747171907,6.6413817,29.28340067,30.1046871,13.9984303,41.20177812,33.85067021,53.4487511,94.14033806,125.7090615,189.5255091,295.688538,419.6797085,581.0962244,902.1056648,1127.375919,1554.01195,2150.045387,2796.726622,-90.49937312,43.41560313,55103,55,10460.06992
WasteEOL_Module_95-by-35_Elec.Adv_DR_cSi_p78_[Tonnes],0,1.28E-09,1.47E-07,4.10E-06,4.52E-05,0.000270614,0.001097752,0.003433403,0.008949685,0.02042573,0.042171497,0.080550347,0.144616395,0.246878093,0.404170405,0.638572898,0.978257438,1.458081574,2.119664254,3.010603163,4.182448725,5.68709341,9.769443854,9.658431156,51.83740577,48.88786494,9.165267728,23.89727665,15.63576228,20.41785254,32.78819916,31.73327042,38.74696127,103.8213992,94.67135825,40.42347292,83.76697834,46.6665871,55.34702857,85.82716039,75.30171414,-89.33478091,42.83835582,55105,55,897.3907696
WasteEOL_Module_95-by-35_Elec.Adv_DR_cSi_p79_[Tonnes],0,2.97E-09,3.17E-07,7.21E-06,7.19E-05,0.000411507,0.001635407,0.00507482,0.013220119,0.030279361,0.062877078,0.120920349,0.218658057,0.375937743,0.619619661,0.98504649,1.51738843,2.272581145,3.317450871,4.72849507,6.588700456,8.981808914,17.07905715,15.15902157,74.04993167,70.61839229,16.4026822,120.4588448,20.61423788,26.7315797,91.71272412,35.0714937,43.22188017,93.70200493,90.62424532,54.80655532,144.6684285,52.00250867,59.71407054,111.5209349,61.84272058,-88.23565775,43.07262373,55133,55,1229.841499
WasteEOL_Module_95-by-35_Elec.Adv_DR_cSi_p8_[Tonnes],0,2.39E-08,2.39E-06,4.27E-05,0.000357713,0.00186005,0.007004818,0.021066035,0.05388215,0.12218109,0.25261839,0.485664838,0.88044367,1.520512048,2.520409183,4.032562109,6.253830085,9.430568303,13.86061671,19.89011355,27.90262713,38.29807298,92.42233636,63.75261761,274.4712493,267.4082131,83.18665125,635.3642948,100.296135,128.7473219,469.5778308,160.9915323,196.1659109,553.2476892,498.4931856,193.6868368,505.6342352,203.553296,245.7579995,442.5659494,301.7354815,-121.4464046,41.30824779,6049,6,5542.593203
WasteEOL_Module_95-by-35_Elec.Adv_DR_cSi_p80_[Tonnes],0,1.04E-08,1.56E-06,6.91E-05,0.000883176,0.00558765,0.023262114,0.073765567,0.193716347,0.443507422,0.915306778,1.741996852,3.106921037,5.254049066,8.49763657,13.22964602,19.92210644,29.12019276,41.42022216,57.42537434,77.67153626,102.5176012,149.784575,163.9524902,1100.398747,999.5965173,50.20516797,172.4779219,84.18826307,111.6447873,205.8256636,177.2711873,221.8284471,440.7249366,445.4201349,320.5206362,737.0033677,353.594909,416.3257194,678.2348443,499.7786686,-88.79751098,41.76580781,17037,17,7690.340367
WasteEOL_Module_95-by-35_Elec.Adv_DR_cSi_p81_[Tonnes],0,2.62E-09,2.62E-07,4.67E-06,3.91E-05,0.000203383,0.000765008,0.002296558,0.005860813,0.013258301,0.027357159,0.052540108,0.095403173,0.166016934,0.280019899,0.461682542,0.748014296,1.193932554,1.878451295,2.911774972,4.443104629,6.6688869,14.33707849,13.84147141,40.78271025,45.71192972,33.62339623,94.86933028,61.93631332,84.40448765,140.391005,143.8018283,184.4250137,277.7196144,316.0369411,320.9888964,433.8890613,412.8985517,456.0270009,518.8236534,494.1256776,-89.78363058,39.3367648,17117,17,4107.583574
WasteEOL_Module_95-by-35_Elec.Adv_DR_cSi_p82_[Tonnes],0,0,5.24E-09,5.03E-07,7.24E-06,4.76E-05,0.000201861,0.000648265,0.001721282,0.003984514,0.008320891,0.016059377,0.029322671,0.052087449,0.092411823,0.166108735,0.302134159,0.550249273,0.992357893,1.760624384,3.068143182,5.260777424,8.90100229,14.89617443,32.81092079,47.36841999,63.65499317,111.232809,163.2745332,255.3621129,396.9885733,590.9733094,875.9228533,1282.355357,1832.344089,2574.069687,3587.003869,4882.991501,6581.617192,8751.707185,11448.26244,-89.52274432,40.36595616,17179,17,43514.04223
WasteEOL_Module_95-by-35_Elec.Adv_DR_cSi_p83_[Tonnes],0,1.05E-09,1.05E-07,1.89E-06,1.59E-05,8.29E-05,0.000313093,0.000944472,0.002432806,0.005605023,0.011921263,0.023883351,0.045617938,0.083653702,0.147899636,0.25282071,0.418810381,0.673781163,1.055225936,1.614366884,2.427162038,3.6206787,7.224697548,8.100104357,21.37507049,27.86552649,31.64747614,80.37793945,88.33983936,147.1822272,255.7549518,381.5053682,596.7314009,1040.604415,1460.862833,1971.665739,2898.283024,4088.612352,5730.646853,7903.434449,10659.90744,-88.32037463,39.76077104,17041,17,37410.50693
WasteEOL_Module_95-by-35_Elec.Adv_DR_cSi_p84_[Tonnes],0,0,1.46E-08,1.40E-06,2.01E-05,0.000132832,0.000572262,0.001892508,0.005234663,0.012723431,0.028025584,0.057107698,0.109229249,0.198188427,0.34381212,0.573650927,0.924796703,1.445676946,2.197591826,3.255643637,4.70857043,6.656854219,9.208367914,12.47081393,39.11582078,40.58320365,21.69017124,215.2003247,21.31197065,26.97995398,142.8396352,26.85736233,32.29471395,79.56301725,72.40233832,31.66912685,108.5837087,18.81827977,19.52970846,59.58871542,6.737960506,-91.29205837,37.05321965,29203,29,1005.964919
WasteEOL_Module_95-by-35_Elec.Adv_DR_cSi_p85_[Tonnes],0,0,0,0,5.13E-10,8.10E-08,1.55E-06,1.38E-05,8.90E-05,0.000457342,0.00196237,0.007245971,0.023256438,0.065499394,0.16428543,0.373155036,0.779626055,1.518373277,2.786874738,4.863402937,8.126942492,13.07808933,20.3591078,30.76994265,45.27494901,64.99231889,91.15472381,147.1839424,166.0915245,218.1979707,293.1293314,349.5809516,427.1140631,758.0857215,763.0544954,562.705535,1906.776383,351.4734991,371.5114165,1075.484631,158.2625092,-92.02589394,34.68125955,5085,5,7832.992292
WasteEOL_Module_95-by-35_Elec.Adv_DR_cSi_p86_[Tonnes],0,0,0,0,3.39E-11,5.36E-09,1.02E-07,8.19E-07,4.09E-06,1.52E-05,4.65E-05,0.000124286,0.000300806,0.000673606,0.001412562,0.002795905,0.005255506,0.009431903,0.016239637,0.026944183,0.043252901,0.06742292,0.102387366,0.151898561,0.220686018,0.314636445,0.441038973,2.07467443,0.72044853,0.992962496,2.221914177,1.778955073,2.518138292,4.350466923,5.935914728,8.114809236,17.22358413,20.31558051,34.19029752,59.47885098,94.1314503,-91.92922355,32.56645631,22073,22,255.4526157
WasteEOL_Module_95-by-35_Elec.Adv_DR_cSi_p87_[Tonnes],0,0,0,0,2.37E-10,3.75E-08,7.15E-07,5.74E-06,2.89E-05,0.000124809,0.000662414,0.003578163,0.015672951,0.054849892,0.159878604,0.404088355,0.913306932,1.888290568,3.631832753,6.580851803,11.34409769,18.74626922,29.87878405,46.15593756,69.37248902,101.754559,145.9899939,215.466643,282.1760034,381.9688479,513.5531043,661.252842,846.3884445,1068.996829,1313.349952,1579.996509,4302.105418,1662.565755,2056.865484,3836.524233,2709.009054,-89.94310381,32.31228173,28121,28,21867.11442
WasteEOL_Module_95-by-35_Elec.Adv_DR_cSi_p88_[Tonnes],0,0,0,0,7.17E-11,1.13E-08,2.18E-07,2.09E-06,1.56E-05,8.86E-05,0.000379589,0.00129213,0.003682931,0.009154015,0.020436866,0.041873761,0.079998937,0.144217983,0.247576217,0.407592891,0.647113838,0.995093937,1.487155221,2.165670402,3.078993424,4.279307742,5.818422975,10.83851523,9.840511936,12.53743981,17.40551483,18.68253686,22.05214874,88.85649686,73.56619945,8.594804249,19.05237413,14.19379878,21.08937849,36.26892346,49.10228563,-88.95057971,33.90483098,28017,28,421.5089979
WasteEOL_Module_95-by-35_Elec.Adv_DR_cSi_p89_[Tonnes],0,0,0,0,5.36E-10,8.47E-08,1.67E-06,2.17E-05,0.000233467,0.001606839,0.007583672,0.027275726,0.080573692,0.205448494,0.467639074,0.972867876,1.881683484,3.426960702,5.933917808,9.842160732,15.72863273,24.32929232,36.55568798,53.50017697,76.42025898,106.6885128,145.6905895,217.8096662,252.630069,322.8122614,416.1333899,487.4574912,575.6966003,2169.526271,1807.565438,254.7789738,728.3455236,241.4693535,288.5443734,572.9612127,325.7934095,-87.33420755,33.64251888,1127,1,9143.28516
WasteEOL_Module_95-by-35_Elec.Adv_DR_cSi_p9_[Tonnes],0,1.33E-05,0.001274885,0.01816984,0.118579387,0.505041086,1.640819353,4.421391441,10.39698318,22.05732886,43.19196092,79.33776471,138.3194354,230.8746178,371.3311262,578.2704355,875.0691825,1290.157883,1856.77853,2611.974849,3594.539076,4841.711962,29230.32899,6036.385712,24043.35876,23809.03671,8762.141513,61796.17917,10947.94551,13985.50097,46875.37635,17639.0368,21133.13966,62299.09627,54567.91136,16895.21796,47506.42824,13418.52471,14249.0668,30064.00514,9456.748378,-121.4370073,38.40912626,6067,6,529266.1454
WasteEOL_Module_95-by-35_Elec.Adv_DR_cSi_p90_[Tonnes],0,0,0,0,5.38E-10,8.50E-08,1.62E-06,1.30E-05,6.53E-05,0.000255119,0.000961039,0.003714776,0.013379558,0.04211181,0.115384401,0.280268146,0.616123002,1.247803423,2.361408829,4.222474284,7.196242004,11.76919329,18.57023029,28.38862168,42.18389007,61.08006788,86.33315454,142.5125306,159.3374878,210.6998492,285.8690304,341.719573,420.0349156,515.9254038,590.4451734,642.4462984,2266.341425,353.419751,356.7616474,1189.909743,43.83786818,-86.45223669,32.1705336,1085,1,7783.686062
WasteEOL_Module_95-by-35_Elec.Adv_DR_cSi_p91_[Tonnes],0,1.26E-08,1.23E-06,1.94E-05,0.000144272,0.000687775,0.002439822,0.007021254,0.017333893,0.038134959,0.076930656,0.14579634,0.264948997,0.468677549,0.813946259,1.391809948,2.34164123,3.868031001,6.260374053,9.916921954,15.37940674,23.3894431,56.66207905,49.53852265,124.0236193,150.128849,143.2370699,268.2365544,309.5389744,453.7464915,691.5561988,944.2551137,1345.656564,1968.926261,2697.591322,3628.587357,6969.146704,6299.481124,8653.194797,12796.71102,15323.2863,-86.0233856,30.60299528,12131,12,62937.88864
WasteEOL_Module_95-by-35_Elec.Adv_DR_cSi_p92_[Tonnes],0,3.35E-09,1.11E-06,8.02E-05,0.001119585,0.007289616,0.030803443,0.098795405,0.262293322,0.607456986,1.269399021,2.449090099,4.433772611,7.620728867,12.54334206,19.89720774,30.5625359,45.61751328,66.33606884,94.16270269,130.6572085,177.4046654,241.6381326,306.8235353,1618.887984,1529.681755,300.1402346,1918.443668,441.8707376,606.7820789,1704.968168,996.1678096,1343.475716,2543.516014,2898.098993,2821.24513,5447.363473,4528.25859,6024.559475,8823.386602,9941.684178,-86.38840824,35.84707003,47149,47,54630.95435
WasteEOL_Module_95-by-35_Elec.Adv_DR_cSi_p93_[Tonnes],0,0,0,0,1.22E-10,1.93E-08,3.68E-07,3.00E-06,1.58E-05,6.37E-05,0.00021578,0.00064711,0.00175879,0.00437316,0.010014186,0.021280423,0.042326729,0.079536243,0.142693521,0.247638806,0.422661173,0.722338186,1.253681153,2.220309132,3.991068457,7.200082576,12.88567181,27.94794276,38.63274007,65.06875322,109.8449093,170.3918657,266.2085282,418.5821388,616.240281,886.0906357,1328.446242,1792.954938,2496.660905,3443.589493,4581.87936,-87.70288407,36.88033989,21221,21,16271.78511
WasteEOL_Module_95-by-35_Elec.Adv_DR_cSi_p94_[Tonnes],0,2.54E-08,2.77E-06,6.73E-05,0.000696667,0.004060895,0.016360047,0.051593913,0.138307765,0.333898652,0.752550908,1.611398576,3.298849273,6.470109555,12.17388551,22.01204799,38.33219491,64.45062101,104.8995065,165.6863894,254.5453065,381.1465059,600.8248435,792.2704665,1668.023259,1994.509158,1906.554936,4900.906157,3151.768227,4044.102306,6444.206556,6022.426604,7170.840221,26313.17753,22142.42595,3781.222956,5289.527758,4910.010422,5497.467963,6434.468435,6201.899923,-83.44185834,32.65498374,13289,13,120322.558
WasteEOL_Module_95-by-35_Elec.Adv_DR_cSi_p95_[Tonnes],0,0,0,0,3.00E-10,4.74E-08,9.14E-07,8.81E-06,6.64E-05,0.000383481,0.001722713,0.006332672,0.019864185,0.054784324,0.135689159,0.306788873,0.641979966,1.259035371,2.342292725,4.182909251,7.251914868,12.32741222,20.70188639,34.49871162,57.12887058,93.91965687,152.9466528,259.056556,389.4278935,608.4796437,942.4725922,1411.061065,2095.455631,3334.732934,4593.608972,6127.10234,9306.561731,11671.72162,15918.22435,21749.2569,28070.52975,-82.05850213,34.68340161,45059,45,106865.419
WasteEOL_Module_95-by-35_Elec.Adv_DR_cSi_p96_[Tonnes],0,0,0,0,2.37E-09,3.74E-07,7.17E-06,6.16E-05,0.000371299,0.001794696,0.007514691,0.028153299,0.094936109,0.288028585,0.786042468,1.940588078,4.379040557,9.138534732,17.83426817,32.86525268,57.66024205,96.9645974,157.1639199,246.6309696,376.0670165,558.7854701,810.8530619,1253.333058,1592.173782,2170.100468,2958.796037,3787.536129,4857.614523,6904.056285,8061.631869,8702.040339,16568.84577,10409.52674,12003.91154,16979.6315,14093.54377,-80.47018517,33.66656218,45027,45,112714.2317
WasteEOL_Module_95-by-35_Elec.Adv_DR_cSi_p97_[Tonnes],0,2.81E-07,2.77E-05,0.000455641,0.00353907,0.017467594,0.063538839,0.186429798,0.468115627,1.047129432,2.145658186,4.107252871,7.447775458,12.92128555,21.60069238,34.97066929,55.02755082,84.37732263,126.3183024,184.8900581,264.8655313,371.6611414,993.7529273,642.7009907,2359.928412,2395.845778,1073.751553,4463.188761,1636.324948,2106.148964,4421.680271,3029.639402,3631.667227,10696.11884,9377.077585,2926.808721,8238.308892,2362.3531,2544.032515,5339.928393,1862.214177,-81.46948528,35.70354545,37023,37,71273.5914
WasteEOL_Module_95-by-35_Elec.Adv_DR_cSi_p98_[Tonnes],0,7.61E-08,9.27E-06,0.000294216,0.003419133,0.020944429,0.086622969,0.277530483,0.747064773,1.778165112,3.868322821,7.859077824,15.12219003,27.81158449,49.18494067,83.99312055,138.9289596,223.1175894,348.6171454,530.880487,789.105121,1146.370787,1760.065872,2255.412261,6246.524139,6800.20443,4616.0713,21703.24907,6751.530233,8647.96234,19931.76886,12065.97636,14375.31039,44563.3771,38483.2047,10199.29994,30804.02478,7332.446841,7666.87007,18242.05655,4046.792485,-78.0631739,35.43899188,37191,37,269859.9211
WasteEOL_Module_95-by-35_Elec.Adv_DR_cSi_p99_[Tonnes],0,0,0,0,4.04E-09,6.39E-07,1.22E-05,0.000101393,0.000559785,0.002421354,0.008960079,0.029752138,0.090564252,0.254211556,0.656741866,1.561758305,3.435171244,7.042455175,13.57021444,24.77335285,43.14809562,72.12889759,116.3030141,181.6291874,275.6352923,407.5526315,588.3210632,1005.119864,1133.919882,1536.104392,2139.919853,2633.572979,3347.126891,4877.844087,5551.629022,5696.849101,10873.49601,6460.508127,7215.038356,10151.15394,7625.055871,-78.02222606,37.64107262,51145,51,71983.48283
,,,,,,,,,,,,,,,,,,,,,,,,,,,,,,,,,,,,,,,,,,,,,,
,,,,,,,,,,,,,,,,,,,,,,,,,,,,,,,,,,,,,,,,,,,,,,