,name,latitude (deg),longitude (deg),amount 1,amount 2,amount 3,amount 4,amount 5,amount 6,amount 7,amount 8,amount 9,amount 10,amount 11,amount 12,amount 13,amount 14,amount 15,amount 16,amount 17,amount 18,amount 19,amount 20,amount 21,amount 22,amount 23,amount 24,amount 25,amount 26,amount 27
0,Snohomish County,47.82099062,-121.4522522,0.0024364999705961,0.0039927118864777,0.0063472497711273,0.009819377190937801,0.014817377847601301,0.021847676290233,0.0315190004587496,0.0445399301741169,0.062100797256541204,0.08385850746569129,0.2264275602922117,0.2434414812329484,0.2296616258253211,0.42836248256388443,0.4210166308252173,0.888112117193071,0.7021022246654998,0.8270001482857351,0.7940666234569889,0.8288872171662547,0.9244460938623642,0.7895860269197568,1.3128962752307403,1.2537645620569606,1.620844245414418,2.237541028642763,2.5940438613423877
1,state,35.12010447,-117.1590386,0.558827901703612,0.8918892272298005,1.3842153501981693,2.093709692252036,3.0916795823463854,4.462896792741729,6.304208644042681,8.72120501296759,24.150205979985785,14.521290481933685,26.691494035487093,47.978588041944384,30.821964029557005,89.23568257650473,95.98646461287782,230.321213492499,107.04429607589503,101.71507373025875,56.21515583786101,78.22089380689296,73.93061202954895,27.181712754707547,53.3998322797915,31.46967333466873,36.03934492485722,52.54674712920411,41.273568311771356
2,Warren County,38.79110825,-78.25771359,2.9771450866678743e-05,6.55966633867674e-05,0.0001347833083572122,0.0002602439109976,0.000475808605227,0.0008294669424862,0.0013870081080379999,0.0022359204889141,0.0034892677390032,0.0052890312878917,0.0078080748827206,0.0112494318969245,0.015841057760118397,0.0273783121088307,0.0353292329588189,0.0580919735739753,0.056707086226442896,0.06892916723406589,0.231615436565781,0.0787237123219918,0.0911921606416614,0.0975790655946519,0.243248751615554,0.0925772185948003,0.1046302007231491,0.1912607414226941,0.110280993500482
3,Sumter County,28.70869529,-82.19247661,0.026492188389388202,0.0421529153916013,0.0658029896751224,0.1009873326510754,0.1525094076542812,0.22670212216877428,0.3316963167077946,0.4776758954927207,1.2809487823054817,0.8866931544795362,1.7687720804768179,2.9664276420333953,2.3109821608411334,3.3905997999957256,4.000898550911738,6.164757995864101,9.186108261479786,12.026143120178588,17.393191865988026,13.207883569272784,14.835749064835815,13.872531850300577,23.28951423802785,17.05870199508456,19.320102168071138,25.287064816339004,22.037188645974744
4,Palm Beach County,26.67709172,-80.56373053,0.0123271144845286,0.0189310406743099,0.028467891708092802,0.0420323150519695,0.061042393348132704,0.0873052323063162,0.1230998836320818,0.17129302768828708,0.652572093800027,0.2801419246183113,0.4879191933371927,1.186892859195913,0.6496140871375196,1.0114767546074148,1.2967349352399422,2.051433406203242,2.4279645684928326,3.2273384316456877,8.007529921494864,5.025758460543031,6.542037809325459,8.278208727599576,14.019194793292465,12.783046125393124,16.31465064491733,22.449036187003756,25.078763279673694
5,Midland County,43.57419001,-84.55437763,0.0005158035697961,0.0010440606192006,0.0020002321549954,0.0036496661455698,0.0063801339950501,0.0107470422646407,0.017536100582473,0.0278488867049878,0.0432160820846277,0.0657414988425888,0.0982772617289638,0.14462668795446582,0.2097669491027851,0.44591599762374357,0.5784996992744043,1.0954856107687179,0.9797107989143751,1.2437810850821105,2.4755386338566527,1.8521622798576305,2.413474319730248,2.991039909937344,4.927238868380238,4.988089421290938,6.539154082217269,8.988957003369276,10.61979876755355
6,Cass County,42.06225929,-85.90993949,6.067854978118232e-05,0.00012029666768780136,0.0002240857226127,0.0003960129424759,0.0006690258913904,0.0010870119995052,0.0017067341977074,0.0025994852566192,0.003852032023481,0.005566183103965601,0.0078560218030357,0.0108415557906056,0.0146373781479865,0.03055861630862,0.036902649589659,0.07043514260029429,0.1055617382737461,0.13653485255946,0.0432431796164783,0.09917001787984141,0.09184689156884851,0.0248302683656729,0.0494801236877496,0.0562020130960721,0.0910802445148304,0.15468632601885518,0.23833798796326733
7,Cass County,40.72939342,-86.25965362,0.0022920116950783,0.0037787697691896,0.0060504787612747,0.0094356344792311,0.014361153252404401,0.0213652815759006,0.0311053409131831,0.0443570360712459,0.0620018989552209,0.08500003504296649,0.2225140697489114,0.2416581747644147,0.23357056310202012,0.401515494560323,0.3977721145019615,0.7834075970726833,0.7612174785268222,0.9228968365938877,0.9640703415109357,0.804895603353091,0.8174554009761067,0.5133446627962025,1.0298095347784122,0.5547221462949712,0.612488011399376,0.9033972528498762,0.6134190827117605
8,Hamilton County,39.94240296,-86.10103966,0.0031409152442051,0.0056279232292456,0.0096218638419125,0.0157973344879172,0.0250407962201291,0.0384980160548147,0.0576334744340461,0.0843034116368494,0.1208412645296663,0.17015037520852141,0.26463960410975307,0.3462506240598674,0.44415582713062907,1.7450164430603594,1.9796990596985982,4.9996480578776215,1.415807195216283,1.0071480057938653,1.230880421123219,1.7953835634876767,2.491125303356337,3.31059065917586,4.710358016336478,6.339570623089342,8.565270456487134,11.41355277387736,14.798782818303808
9,Lawrence County,38.87073858,-86.34789005,0.0002678479937593,0.0005655879189495,0.0011171715745846,0.002083542504722,0.0036974992914250004,0.0062837603109197,0.01028095443197,0.0162642798163512,0.0249664998402084,0.0372933154258029,0.054326844601665,0.07730793761397581,0.1075846062145471,0.17878953262546898,0.2295679557420792,0.3665244564654211,0.6044055313411082,0.7914909098747758,0.9474229168744186,0.6963464459891144,0.7111210416364635,0.4636211776730012,0.9867030811548347,0.4761855552457952,0.5205917334662903,0.8083192335590919,0.49181333757917617
10,McLean County,37.49153121,-87.22032662,9.128378428144206e-06,1.9593066316366783e-05,3.9312941812070266e-05,7.432893010893454e-05,0.00013341103078152135,0.0002288070813163,0.00037705257661779996,0.0005997908816499,0.0009245131230695,0.0013850675887399,0.0020217093649976,0.0028803737572873,0.0040107977490944,0.007129339985986799,0.009053203951968899,0.015280475459908502,0.0162034838951575,0.0199770105772964,0.055036646439522705,0.0206239295945067,0.024018484446257697,0.0252478582209877,0.0661006160211559,0.041012578386669704,0.0653859659936704,0.1248489423948558,0.17171119269189028
11,Jessamine County,37.83050346,-84.51931615,7.796117379918634e-05,0.00017001866761929144,0.0003430533399051,0.000648891152906,0.0011625905073168,0.0019893751100181,0.0032730248566361997,0.0052060896355204,0.0080421800041249,0.012110240394672699,0.0178301046651915,0.0257277669511754,0.0364477441750749,0.052447655376353,0.0713435592851786,0.09966119734332851,0.2303881707422552,0.3170248110684755,0.4073743343812656,0.3179020384983328,0.358959428018078,0.317669051635335,0.6044693315181477,0.4998026409806061,0.6603359062983944,0.9680915426606886,1.086448679197653
12,state,33.03174695,-116.7176058,0.0695843991682323,0.105552885608209,0.1557967138351359,0.22427691188082172,0.31538382278593924,0.4336710420109925,0.5834270672003934,0.7680855901945882,3.4655062723607717,1.0083083270269277,1.5986353803134217,5.240879591242534,1.3801913449612961,3.451999993543805,3.7718716859392143,8.485013219771659,5.183722363708094,5.575418423445268,4.97930222113689,4.852512764724168,4.9705635332998135,3.13425822323803,5.930281752244115,4.053502796258239,4.878517665228733,6.983770522491808,6.463030206425259
13,Knott County,37.37099172,-82.8503912,3.398313223256997e-06,7.411710288903236e-06,1.5075544305779565e-05,2.8830039251018587e-05,5.224000663009461e-05,9.030973594482652e-05,0.00014982605323423333,0.0002397099164071,0.00037134078215689996,0.0005587931187251,0.0008188884529026,0.0011709181805355999,0.0016358347761740999,0.0028494328383644,0.0036388563955874,0.0060313888901866,0.0060448979429897996,0.0073235519274477,0.0239367663974316,0.0074947992180259,0.008315169419043901,0.0080508809712611,0.0230875468358844,0.0061899351465059,0.0067815011608911,0.015476361887523899,0.0063908512672135
14,Cuyahoga County,41.28166353,-81.83937601,0.0036905097076478,0.0058478086924010995,0.008976280890336402,0.0133939899405799,0.0194773114583799,0.027651647353485298,0.038370048991125505,0.0520763517533926,0.0698429810539231,0.0897769145071408,0.3180421623767271,0.3137442370669105,0.243515093307805,0.3529072429506301,0.2525526979894692,0.5443884374555609,0.3239754517070501,0.3438570659578887,0.6361794682131265,0.32292803833627237,0.3435936425981932,0.272298607575219,0.6560547886567442,0.2658613691735817,0.2981544093273003,0.5207521972400692,0.2982840525175827
15,Delaware County,40.17734323,-82.81856565,0.014756243522193,0.0225620602160648,0.033454591344322396,0.0482403758557302,0.0677775151493157,0.0928999114877931,0.1242989298752989,0.1623590356748393,0.506716415679765,0.228295610399955,0.7053013792120181,1.100540478672161,0.45622449188677533,0.6845289206456109,0.4526116991001361,1.0801386668644504,0.432193514185582,0.38548791190773096,0.5130195361967133,0.41816952653665873,0.48211495592490505,0.45966005051527836,0.7998952026780337,0.6898011417905425,0.8707960578483795,1.2012967553547522,1.2881602517119264
16,Greene County,39.78941957,-83.9413805,0.0019720002686141,0.0030426486248226,0.0045542529245090994,0.0066327362922098,0.0094188683624339,0.0130601773026431,0.0176970949679219,0.023442514624801,0.0633520526408244,0.0352243366681211,0.10829249838842389,0.1526706643157475,0.07751334995647169,0.1309326373152807,0.1003700259884331,0.2377946474859661,0.0836738566096745,0.0674128070187059,0.1124493517389086,0.0825290915790481,0.0963831209056535,0.1006935144940823,0.1628052966932906,0.1296622864073761,0.15070048104411599,0.1976544137205502,0.19301689946145167
17,Clermont County,39.20877458,-84.23150769,0.0011938571582852,0.0019289445734034997,0.0030431024543740998,0.0047070889815356,0.0071571981124384995,0.0107135703115162,0.0158013477289504,0.0229749486631107,0.0329460874283289,0.0466169429514812,0.127924634762152,0.142505027589984,0.1445342203335048,0.2380112476555306,0.2541889564463296,0.47031440999259766,0.3767287977043381,0.4635260140869547,0.6252065001977238,0.7821374353818218,1.003634364310785,1.2533912799022362,1.5988839312385075,1.9148829968955696,2.3162746002931263,2.7817268125580026,3.254077172448624
18,Allegheny County,40.37731547,-79.86635294,0.0075684814475788,0.0119083264441421,0.018128220712635,0.0267947151818863,0.0385517657388229,0.0540893398728053,0.07408598564948429,0.09911914477266029,0.1396409541793548,0.1643544020935597,0.6136421268530503,0.6054080936110893,0.4347893517877648,0.666206080953772,0.4409906079486362,1.072342327800323,0.3740204137287579,0.2974074261276946,0.3668909099933077,0.2998706702641804,0.3299111692007819,0.2806056330557908,0.4961969656734809,0.3748169957351768,0.45088544758077975,0.6214255118487836,0.6036210483164814
19,Upshur County,38.8763551,-80.19443111,0.0006472793107183,0.0012048921433487,0.0021282506061782,0.0035949935188927,0.0058425593826864995,0.009179107043241,0.0139929882111464,0.0207584341381493,0.0300338063348035,0.0424470756276192,0.05866131268334619,0.0793113995269818,0.1049029410144634,0.3952665027961831,0.447150306842928,1.1107354599299755,0.3677480580029715,0.27589421060659747,0.2311360930681473,0.2245832949719962,0.221214720220551,0.11367110739974301,0.24185011994717678,0.1384056916340931,0.1713410959790154,0.2739482788797379,0.2587103243416954
20,Boone County,38.05258266,-81.7519919,6.744994742520995e-05,0.00012459726623384768,0.00021838875546150338,0.00036607440867940003,0.0005904461491709,0.0009207469222266001,0.0013934121333943,0.0020524378841952,0.0029490543803627,0.0041402318709504,0.0056853863064645,0.0076405454897125,0.0100493063359382,0.0411030335512386,0.046190673639352905,0.1175988608168449,0.0321639499978701,0.0197092544866947,0.0153080367324319,0.017980718539570298,0.0198866542905161,0.015874497686538,0.0296772999119571,0.034034865321300706,0.052146014272184904,0.0832388160907887,0.1210091731329056
21,Wythe County,37.06277512,-80.92007066,7.375215020471873e-05,0.00014230673892127804,0.0002605239519075237,0.0004556693859184,0.0007657026154199,0.0012418793701705,0.0019515493408856,0.0029810255056001997,0.0044382641262433,0.0064548710345275,0.0091866492178921,0.0128115652737716,0.0175237390511983,0.0490713652199402,0.0581338813752521,0.1286232345864472,0.0705316939358573,0.0738291905272121,0.1296078195817899,0.07943607080136669,0.0917072757336731,0.0892260754636002,0.17674358815009888,0.1277055298092383,0.1642375726345048,0.2456656856048941,0.25744471785529843
22,Clinton County,41.3405889,-78.01141702,0.0009442225982919,0.0015045766908426,0.0023207644415097,0.0034769950527609,0.0050726825271886,0.007219932115710001,0.0100378556790605,0.013642746934142,0.0209927517542834,0.023296380895039298,0.0738381749472583,0.0778478362797039,0.0595308337859253,0.12420789949478529,0.1061379718590952,0.26556369156166343,0.0734543233963672,0.0452016030520523,0.0678595040616687,0.0430457852047198,0.0460591961029697,0.0364276366300681,0.076507821484729,0.0413143543348202,0.047825515834507,0.07332528196648119,0.0556673691865009
23,Lander County,39.59882101,-116.7842291,0.0086373211311815,0.0137589118588869,0.021311379083312598,0.0322151400238475,0.0476463515616804,0.06906425365302979,0.0982213696199547,0.1371494952423744,0.1975258007447507,0.2526600043900439,0.8027404368174962,0.8419047387651389,0.7220165504237822,0.9877854579982652,0.8538937614226735,1.5121709403650834,1.4855283875702057,1.8341863495528545,2.8914507861198215,2.241824428977247,2.604743688786786,2.6905283455752276,4.208642348757721,3.3800667589343694,3.806409650042608,4.761693593019097,4.304369859932072
24,Franklin County,39.90665131,-77.895377,0.0007617072350350001,0.0012055503835693001,0.0018485392284393,0.0027546788723494,0.0039987684817691,0.0056640860451349,0.007837598938392901,0.0106020241351201,0.0210572181941912,0.0174621247344176,0.050739089980948095,0.0611162623883362,0.0415430707980212,0.0967434754712079,0.08660831071886009,0.22082663762598148,0.054718072336290696,0.028313163224978,0.030072846447450702,0.0253178151974926,0.026260117376866,0.0178453981287882,0.0349272868811662,0.0218469589536638,0.0257944491619692,0.037631154003312905,0.0323194922550677
25,Allegany County,39.55126096,-79.01946377,0.0064018904456795995,0.010488234401758001,0.0166330707235991,0.0256198745397874,0.0384269739762061,0.056234945127016406,0.0804140176153853,0.1124820955823604,0.15402401059852572,0.20656527012414772,0.5611547569760368,0.5921934521005653,0.5416529255881197,1.1718807717247748,1.1213801210104375,2.6127367175940184,1.4602924907868977,1.510225774482464,0.7563852053764314,1.1799148015876688,1.120382198383703,0.4339914343996113,0.7431916895337256,0.5002224714997621,0.5461374695947273,0.7123579166882577,0.5463139511134993
26,Centre County,40.92107394,-77.39607808,0.0349034459733541,0.054143175231167406,0.0812919440622521,0.11853387351101541,0.1682542384296951,0.2328625382194171,0.3144989053704878,0.4146040133922187,0.7065049464424681,0.6523282550033749,2.6225606075005095,2.717468425715938,1.6928525002750627,1.8133281536838777,0.684007927358146,1.3909868072082756,1.0734913958491947,1.2521069063240076,1.686988650234064,1.3317852414532942,1.4961400731199406,1.3665926059145521,2.3576407610885597,1.8289463265973371,2.1888146657110163,2.9715527983279406,2.9008506103399174
27,Anne Arundel County,39.07725918,-76.76367486,0.0241370682228234,0.0407890993185681,0.0678143852068502,0.11107520737588361,0.1791525212196357,0.2841925768565226,0.4428581203759281,0.6773554046330503,1.0585068947549163,1.4926641012400477,3.2180300466990426,4.01031417704593,4.633719087085942,7.313743929186837,8.701684555855984,14.289832625268671,16.987411795668525,21.78566424468115,23.595023505078316,28.356030942364555,33.23009805179292,34.995518909530915,44.141689714201746,46.071010665471576,50.94618798673316,56.22023981949272,55.87825808384332
28,Accomack County,37.81184868,-75.60492375,0.0004449031460558,0.0009315912380317001,0.0018100491226993001,0.0033070631941794,0.0057390049160609,0.0095326121044553,0.0152461279710209,0.0235884853420568,0.0354325864463502,0.0518163393905542,0.0739218773958371,0.1030194403263762,0.1403583679623197,0.1877729870487792,0.24430657658387261,0.31226349914586327,1.202004682067539,1.6626803869943259,0.5605884337454192,1.1569141432175611,1.0179311690912014,0.1081887216557976,0.3097634304544016,0.0767485112235334,0.07664021289186321,0.17946268398122628,0.0300899972342454
29,Kent County,39.04284209,-75.53282965,0.00987561263341,0.0154820144125879,0.0234920836530907,0.0346205609908051,0.049674873543933795,0.06951203412949619,0.0949613904433082,0.1267055722329356,0.18697755972779628,0.2079579547526665,0.7935347339232013,0.7913524943207735,0.5499600098537227,0.701107817512729,0.3919498702929768,0.8593283096541152,0.6124105656155778,0.6884044112144913,0.5628812727404378,0.5559704341613697,0.5428206981458693,0.2646343720066649,0.5626812232524777,0.2897679737372203,0.3301677774227101,0.5118829154960343,0.36497867346215407
30,Mercer County,40.24746962,-74.6629847,0.2357873357068048,0.3699775073719642,0.5618785156182242,0.8287158685232177,1.1899758299898782,1.6663842128663782,2.2780669476198483,3.0417037097408928,4.6237245426476274,4.9866542443087845,18.596020865355843,18.80565793695242,13.025864535247285,18.53851395669583,11.550046493874792,27.109879244992307,13.068876828731192,12.655810829433504,11.3635502384579,10.445600169023749,10.28986357121386,5.41416791800021,11.351045186918055,5.586865168202435,6.087961069601785,9.324794780591013,5.705564146040523
31,Madison County,43.01255158,-75.57684419,0.0278592316548013,0.045836608056988706,0.0731928751248319,0.1137518679340726,0.1724233275154408,0.2553173614078587,0.3697900477801638,0.5243834846767903,0.803747483978458,0.9853857338047377,2.4788220479063865,2.806709804639789,2.616918344198672,5.1414503474887265,5.1592390096197045,10.998791939204832,8.194916528921782,9.349612680703581,9.929319101040505,8.053162532097819,8.189785206911505,5.0946986074233,10.743894857287057,5.885968014226221,6.9116359635214515,10.66188427531187,8.465120902546596
32,Suffolk County,40.80291312,-73.25855327,0.017695148596945,0.027919291730290098,0.0427761662582172,0.0638343850747286,0.09298347388643319,0.1324092616173042,0.18451899006212868,0.2518026653674164,0.5030157257177156,0.42489490515395456,1.273168456513252,1.528966675280755,1.0695241411112977,1.6351165231833042,1.3716096746616546,2.768824173257516,2.5054714329438035,2.9928076793933114,3.1696807606835327,2.5723471868826753,2.599870211774646,1.5861343182690675,3.3276171276220077,1.7103242927456845,1.9186695051297387,2.938985808347099,2.0087798156763252
33,Orange County,44.03042544,-72.66603564,0.0057444611683574,0.0095710327835473,0.015437929253989398,0.024180208204373402,0.036865279321311395,0.054814686872786705,0.0796092107393325,0.1130674954730271,0.1615450923538054,0.2136156281442722,0.515880919693788,0.5723532275870128,0.5575963402271313,1.2376449193117696,1.2538926441027085,2.8283938263281594,1.873495985524504,2.0547080503278217,1.3242938558767503,1.5559500554828871,1.4546844535854258,0.4938893989149483,1.1414610522002548,0.4683631509396085,0.5039035819388269,0.8511271538377558,0.4284789050228099
34,Clark County,36.23284216,-115.0174041,0.1057079846519001,0.1670470175486617,0.25633801206444573,0.3830154579823234,0.5583752097710746,0.795387866243612,1.1082037484586638,1.5112660071860906,3.46938653633548,2.498903613338559,6.6309723047510705,8.91952287988562,5.856742273565042,10.888387324144436,9.993258906456951,21.981147930047225,17.68458415928398,20.50436842791844,8.721191087967568,15.261416079649498,14.09453938456334,3.9861535418098164,7.533774969910144,4.644364102658219,5.264655286648491,7.438670979565488,5.852992335982069
35,Grafton County,43.71401219,-71.56225601,0.0003504157216469,0.0007094119036676,0.0013491895062178998,0.0024327902143931003,0.0041897825271832,0.0069328320289583,0.0110750435382299,0.0171465056363207,0.025807327143294298,0.0378528001447995,0.0542041050723447,0.0758753032992601,0.1039046937155293,0.1983311724446647,0.24532056256144041,0.4387629635707735,0.6628476991228531,0.8577584655729362,0.5800008674779576,0.6719887286166497,0.6415520091794183,0.2642822915366224,0.5475393160583377,0.27765684855827477,0.3050821590849226,0.4631615552001596,0.2985956002405773
36,Worcester County,42.31304362,-71.90533052,0.0749648351615779,0.12493888832615141,0.2015171051560008,0.31553186990322213,0.4807981503856963,0.714379040302141,1.0366292025531942,1.4708860225716875,2.2122760453744927,2.761774138702035,6.390109858719647,7.315209106210028,7.065541682901209,17.809373026020577,18.303167790397126,43.24644334097613,20.548215686237967,19.700170196795963,17.716836815414542,15.324004637757412,14.593660144133969,6.080836237620646,15.561012734233394,5.044337904403604,5.225660789653178,10.112138451385698,3.3570461942080234
37,Capitol Region COG,41.60246114,-72.75108047,0.0106974669537185,0.018011801204483202,0.0295112314440309,0.0471660474737269,0.0736539203636555,0.11251102180364761,0.1682760532351155,0.24660987999950962,0.3857744521204105,0.4965722062424605,1.0789570328772309,1.3069479730281994,1.3799215305117714,2.777544430014789,3.05324526205033,6.181465856862233,4.87459323517003,5.681979488858402,6.14438612878362,5.850932972920016,6.366997612476645,5.3585493428187805,8.332791089691577,6.545591178763812,7.228031384252901,8.90796412593022,7.670647119528191
38,Kent County,41.66667273,-71.59672773,0.0004194046969244,0.0008552748171737,0.0016536847899347,0.0030466651771904997,0.0053731514858073,0.009110213137652,0.0149076422492273,0.0236241276356648,0.0363617221904403,0.0544930272170403,0.079672303185749,0.1138175597106045,0.1590459147280909,0.3400634532138208,0.42148035848967447,0.8065036865405046,0.5911993759834855,0.6746595834250457,1.6299807287159176,0.7756272615017479,0.8868780276756868,0.903479834158246,1.853349335431492,0.9356429044458054,1.0127525651125833,1.5208757936898207,0.9302227778010858
39,Piscataquis County,45.39211237,-69.24794622,0.0021337955864139,0.0034392281285601,0.0053840795949652,0.0082080379717932,0.0122112025023474,0.0177587151662656,0.0252815379453309,0.0352716688020756,0.0814976595405679,0.061639723337909104,0.1285223425669667,0.1917222358483717,0.1453403841817673,0.398680341033509,0.423462872199994,1.0113079742011564,0.4182617050884092,0.3803795480051077,0.4295552980686423,0.3987147633165278,0.4525380184983059,0.4103382027719125,0.690770975212921,0.6256953238252654,0.7903242567386014,1.0750840265421695,1.175137826883217
40,Kootenai County,47.64818073,-116.6294762,1.2484790124475233e-05,2.640373320421256e-05,5.256300596332288e-05,9.914362545191695e-05,0.00017826184222053112,0.0003072241855064,0.0005100006795992,0.000818897262717,0.001276361929335,0.0019367829728695,0.0028680245136705,0.0041522905083115,0.0058857204672898,0.010582352414292,0.0136929254862839,0.0232171194702652,0.027217465731697497,0.0346425614317704,0.0598227533426852,0.039292645429725,0.0452458404868055,0.0449129182809773,0.0808191207807847,0.0579683946340305,0.0687305724957321,0.0951536959262303,0.08814191812777131
41,Custer County,44.43004937,-115.2177288,0.0007502216592955001,0.0015990950143764,0.0031597628050286,0.0058643222423509,0.010325412627117,0.0173817772338636,0.028146398861386,0.044053298884490305,0.06689607577220749,0.09884675568774451,0.1424372612755973,0.2004778556201151,0.2758781922076586,0.3757550844898859,0.493507937094792,0.6441978116777884,2.0409272973099446,2.7991533477170933,1.887235538779512,2.091352583819007,1.940964052183552,0.6111416375278129,1.5643505288126927,0.5308727311746576,0.5690108143861432,1.0832607613977094,0.44668948698145217
42,Bingham County,43.02868119,-112.4327899,6.25881513391497e-05,0.0001624445805278416,0.0003788868328635,0.0008085686301550999,0.0016026204746944,0.0029859102840541,0.005279692829186,0.0089273614623879,0.0145224576398899,0.0228371437507906,0.0348478268805429,0.0517523422103913,0.0749699124960215,0.1083468003152081,0.14927475032859472,0.2067745694220551,0.27308940643417057,0.35421547307519485,0.9334758582841666,0.4938005133933884,0.5959238602606676,0.6926770748209128,1.2145159430186367,0.7925416135888594,0.8673978044782285,1.1515176097146886,0.8710095484025873
43,Missoula County,46.82138594,-113.6065082,1.6368063704178e-05,3.263505844951486e-05,6.137515931927608e-05,0.00010974836622315611,0.00018782048056081881,0.00030928996011009996,0.0004922567075503,0.0007599708310147,0.0011414514228743,0.0016717952638894001,0.002391901811231,0.0033472300172204,0.0045850955689066,0.0100508042745858,0.0122201591914432,0.023896403122575897,0.0247567114595525,0.0303817472557067,0.0313935237968647,0.0256289795808858,0.0257595614490505,0.0150732020952562,0.0328421002991201,0.016840046489636898,0.019602167331702502,0.0309605928436906,0.0230494500447863
44,Judith Basin County,47.2494843,-110.2231123,2.8878594120077242e-05,6.542157257606707e-05,0.00013689635679510937,0.00026749098601129995,0.0004928476334301,0.0008633716727739,0.0014478885953289,0.0023374768170221997,0.0036491485653652,0.0055288051038274,0.0081525282278377,0.0117247676383991,0.0164713533532123,0.026091991043099,0.0340805487583722,0.0519570476444271,0.0621496541967478,0.0777279335231566,0.2524610480472047,0.0808675098250049,0.0901013920207738,0.08800923361455179,0.2449915050919166,0.0666024439459177,0.0684024418467839,0.1500469207656307,0.037308280263867996
45,Valley County,47.83744486,-106.8433126,4.331535136643292e-07,8.630186563676754e-07,1.6215398895589524e-06,2.896505655592227e-06,4.951363093660894e-06,8.143843647680939e-06,1.2945469049759745e-05,1.9960225513061708e-05,2.9939418013172317e-05,4.378786420981163e-05,6.255412894743133e-05,8.739460393616734e-05,0.00011949847003767206,0.0002625898519335837,0.00031860612894347615,0.0006242661622648,0.0006517147965189,0.0007999391628524,0.0008010324719525,0.0006607449228479019,0.0006555369632636,0.00035739090572139997,0.0008060275611125,0.0003810804782774,0.00043766617628970004,0.0007131315503412,0.00048822515313279996
46,Lewis County,46.60869095,-121.4945952,0.0007414477068112999,0.001181670735106,0.0018243523593352,0.0027379855820866003,0.0040047133203403,0.0057190024241624005,0.0079839416936459,0.0109044229181483,0.0145767675913836,0.0190751137809305,0.0643637329707139,0.0641046948711592,0.0515432184463392,0.08105670911207871,0.06324885468041991,0.1386059731639674,0.0896018632848681,0.0980157124867011,0.10542282022043681,0.086706841939815,0.0890062135219112,0.0584714495609302,0.1165079773526436,0.066522485611671,0.07575813483488039,0.11158507625488401,0.0850238538487294
47,Musselshell County,46.4465773,-108.0131914,1.0950897033820512e-05,2.354130741985989e-05,4.728482720485013e-05,8.947946019218319e-05,0.00016074019056244412,0.0002759260594596,0.0004551561802086,0.0007248606370958001,0.0011187648934684,0.0016786330725988,0.0024544897892572,0.0035038996207225996,0.0048897160259413,0.0085123604204188,0.0108693638669955,0.0180208555116217,0.020797299507603,0.025920413568469303,0.0634446336416903,0.0251962560693425,0.0272542900346431,0.023601909097028,0.062557304443023,0.019808174073431502,0.021199749456165498,0.0422646911164967,0.016100608108904
48,Fremont County,43.04388094,-109.277895,9.602989058197326e-05,0.00024235045082849997,0.0005458440859046,0.0011237201106748,0.0021514760836536,0.0038804031463409,0.0066571458580166,0.0109445560303759,0.0173423376703463,0.026604775636311098,0.039650996843608996,0.0575605672758859,0.0815437254196624,0.11409094915283619,0.1540419573130335,0.206321036702486,0.2632565593872426,0.3316540181295005,1.4709808043374935,0.38186860633421493,0.4427601653985855,0.49360229088670415,1.4189372291683096,0.34709122026042205,0.3453475632200306,0.8164457301503485,0.1285177673150675
49,Johnson County,44.32489043,-106.7112461,8.124090555230492e-07,1.6290762243150238e-06,3.0912251420596642e-06,5.586800177365118e-06,9.670716647596237e-06,1.6110286480379153e-05,2.5934860808232786e-05,4.048678115559605e-05,6.146821863943429e-05,9.097473914657865e-05,0.00013150133289700533,0.00018590041683772592,0.0002572649248439,0.0005768013255856,0.0007053002743233,0.0013924802627380002,0.0010977752668597,0.001276053009481,0.0023765866863603,0.0012877983931483998,0.0014171895728163,0.0012515552684887001,0.0026964368123721,0.0014187630119256,0.0016724214370179,0.0026496030991746,0.0021228432423394
50,Crook County,44.24892369,-105.0387513,1.497442851506413e-06,2.977566739133034e-06,5.607796602150636e-06,1.0069719103413197e-05,1.7337209394828452e-05,2.8767075254892552e-05,4.62331225788434e-05,7.234455407583869e-05,0.00011080150025622346,0.0001669466536605082,0.0002485744555966,0.0003670601851306,0.0005388742434997999,0.0012216684275421,0.0016074299812846,0.0031654150272225,0.0030269034138025,0.0040489863433193,0.006623125805054799,0.006823545936524299,0.0094980152398283,0.012712681679804601,0.0200146940851775,0.0252601164166814,0.0355263838520459,0.0504488820379035,0.0677293530618791
51,Albany County,42.22317644,-105.8451005,7.212963392574239e-06,1.4293745377557843e-05,2.6832524803415463e-05,4.803309246349312e-05,8.245033085709217e-05,0.00013635125570749595,0.0002181081840188196,0.0003386001994389,0.0005115785007209,0.0007539206763785,0.0010856577032864,0.0015296078062426999,0.0021104017127257,0.004998111035859299,0.0060571983092981,0.0123360939871234,0.009058015685374999,0.010345493232399399,0.0177357660989292,0.0103874558216989,0.011399716107342799,0.009892522270704,0.0205612449090357,0.011435352771649001,0.0133406566396507,0.0203053812329416,0.015973794471182398
52,Sanpete County,39.1005072,-111.9317099,0.0059664948558025,0.012226058023781398,0.0234337908546296,0.042457553008424104,0.0733221660656877,0.1214920636987985,0.1941651930165478,0.3005502495506258,0.4520792516565838,0.6624782473678061,0.9663284067517663,1.340421073525489,1.817972372011727,2.617277025354239,3.3639412871032546,4.705261214878505,14.877356762142794,20.427024657396906,5.864573311856341,14.903250754683086,13.528611291276398,2.9487969289514697,4.480626557930271,3.613310694815027,3.9735078023229313,4.815906601796401,4.169028759073617
53,Duchesne County,40.52141335,-110.3182862,7.382371749608201e-05,0.00015794499205271665,0.0003188673142272,0.0006108192886796,0.0011158082284767,0.0019528574235523001,0.0032886683933993997,0.005349413653456999,0.0084330251444538,0.0129208072010205,0.0192864074546837,0.0280990781963416,0.0400167670023674,0.0664846239544673,0.0874701339095652,0.1388072013555597,0.206631285922761,0.27061285199694607,0.2609607167523027,0.29634768681863466,0.3290010056598912,0.2954848417427214,0.4073407340115212,0.3769467031263199,0.41618220986618193,0.47963295031329234,0.4502845338051863
54,Mohave County,35.72391313,-113.7436192,0.0053915976675543,0.008549838381033101,0.0131504072575074,0.019684201837394,0.0287478214107291,0.0410498762513051,0.0574207418944547,0.07883505496044299,0.1164233616448205,0.1408055773739075,0.4728803231677376,0.4972505182674811,0.4141735750251826,0.5656996034498711,0.5016009145602406,0.9118917640052906,1.11574728826879,1.5327180820695956,2.4084502273992796,2.3813246697421437,3.2038286821806228,4.079034731339873,6.396327360455196,7.606080342220338,10.338811677841896,14.234484207256514,18.079685352542985
55,Gila County,34.1838784,-111.6056914,0.2100655154870152,0.33222037144583616,0.5084127594911474,0.7554844021578563,1.0928332926117519,1.5416151296492913,2.1232062792357054,2.856731541756308,4.043588076393945,4.795131135572719,17.062519635158615,17.01656308587644,12.565334443423055,20.443620681652455,14.663190483022642,35.337882417201044,15.860670419611784,14.773130538525457,8.553966931802735,11.202525015608423,10.477055628769268,3.5265744249050472,7.530375158801684,3.624591434190105,3.9682197347182573,6.175481925287646,3.7569838476341895
56,Apache County,35.34591005,-109.516242,0.0010368506423526001,0.0016938715734062999,0.0026740498397411,0.0040939407641369,0.0060955226131387,0.0088452385455168,0.012529404286794499,0.0173444378885235,0.0242413133723161,0.031023173326087297,0.08369543031828511,0.0884546286611147,0.0781195620360345,0.21600955762126522,0.2079603995127843,0.5367388032696148,0.1202453784436501,0.0498383069682754,0.0455575535169923,0.0385370176406841,0.0366075059678267,0.014928341101865202,0.0396176817907446,0.0120917406895024,0.0126221314817328,0.025576023128431,0.0082511183547079
57,Ferry County,47.92035993,-118.472439,0.000552776550261,0.0009402461281674999,0.0015539704801267999,0.0025000637656161003,0.0039209066180571,0.0060018459218793,0.0089772000589754,0.0131347866254878,0.0205704178137977,0.0262547618366374,0.0550982686964209,0.0672452785776195,0.07128838842152091,0.1473235419551573,0.1620925445046963,0.3322936349750006,0.2443756645697695,0.278800296938447,0.4928254403260678,0.2681155426833526,0.2910346528907041,0.2418898272612346,0.5501672565203268,0.279193630713489,0.33707731543577646,0.5502384898649506,0.43989833304616166
58,Pima County,32.04276153,-111.6857101,0.0257541528805947,0.0412029869728692,0.0638286763693691,0.0960555403549668,0.1407716393123735,0.2012705230331765,0.2811062978855517,0.3838337729385157,0.6317333917365514,0.6581755650282406,1.9477806228888674,2.144685894572981,1.6460939954134712,3.6324381199567863,3.247588712702099,8.067572994038152,2.7381141317972832,2.0940964731309326,1.6486309167939244,1.5954129924474605,1.5025401285959732,0.5553160822771157,1.4307279069134629,0.49695607745848025,0.5486886471640431,1.045989584790898,0.5088900849711886
59,Valencia County,34.6249543,-106.5737299,0.049103595676095096,0.0758543784979212,0.1136933642060549,0.16580031717462151,0.235718693163009,0.3271421087242715,0.4435528475521945,0.5876905446593494,1.6751550406665316,0.8738651303250689,2.507242079820305,3.7667927333783187,1.8298578702571855,3.4408451812382452,2.8086445410923444,6.834527918757789,2.5614792706612715,2.128273920094028,2.1653501627501335,1.758984934740756,1.7402635074758754,0.9434278061992496,2.1338503418554455,0.9491820740788823,1.0522944016529152,1.7290608766886277,1.0303515066377653
60,Pennington County,44.05773319,-103.324472,0.0001130859255570521,0.000211523963435316,0.0003752909637217,0.0006365130803015,0.0010382676032346001,0.0016366166172102998,0.0025023894694809,0.0037222924778495,0.0053986863698061,0.0076470635617784,0.010589906341664401,0.0143452968792677,0.019008556957929,0.06857273173200851,0.07784385264494159,0.19073749590118438,0.07105313611205649,0.0586603776505035,0.0503523950092096,0.0457069445833875,0.043630429459168896,0.0182997797091862,0.0452290008224619,0.016594880988077,0.0179519497108091,0.0326317351066956,0.015112290206820601
61,Grand County,40.03368077,-105.8666298,0.0297940929847733,0.0471330183348826,0.0722537895466745,0.10769395582528901,0.1564496869286488,0.2218985361738517,0.3076264073997333,0.4171335613748648,0.6386337605255238,0.7101693145088108,2.4226092016163427,2.5140347312233366,1.8759199412878569,2.7727974311981196,2.049867183206977,4.40220017705633,3.1870868429850683,3.6089378622793182,3.8188323953483714,3.120973458113494,3.1837876254501367,2.0053763114297762,4.191015721551402,2.366687302480603,2.8052026640005785,4.301915540991052,3.5443824770914696
62,Custer County,38.1055194,-105.2752917,0.0398665899976424,0.061939048703877994,0.09338045535076389,0.1370012932369737,0.196001741185974,0.2738200066617106,0.3738590442023123,0.4990700583074332,1.2407259244815982,0.7742156433384665,2.372423139304185,3.175141139732711,1.7676403995876662,2.4867492534824374,1.8159109512929132,3.708771691289084,4.16884957709991,5.1708925498362746,1.887259468052846,3.7920106444529296,3.4595948591204535,0.8281434662808188,1.4957813206558006,0.9417496162176255,1.0363034724281295,1.4079215293318215,1.0537966918095232
63,Dawson County,47.1804594,-105.0375055,3.9418735819584365e-06,7.892281066973755e-06,1.489058080824068e-05,2.669208419544095e-05,4.576399575211305e-05,7.54618745349166e-05,0.00012021489371853428,0.0001857039287179294,0.0002790045441247,0.0004086495438699,0.0005845425209449,0.000817626218037,0.0011191825746464,0.0023904305377198,0.0029129847171371,0.0056098052477306,0.0061541094103257,0.0076164971287531,0.0078300058081777,0.0062733092538334,0.0062126303031616,0.003364524943864,0.0077627733283493,0.0034830883210939002,0.0039675346378581,0.0066081080313722,0.0042662391450448995
64,Mercer County,47.15958973,-102.0734343,0.0003121111184371777,0.0005800007963675,0.0010225953518945,0.0017239728079827999,0.0027960716127094,0.0043835627476169,0.0066679182786649,0.0098695309939452,0.014246111773152801,0.0200847913704425,0.027684470826563598,0.0373242476703705,0.0492136987093007,0.1895377877186627,0.2137634598460755,0.5348623889459811,0.16890127136635,0.12066829636206569,0.0979867134967927,0.0933724762438043,0.0891992219417777,0.0370808366699139,0.0916153228967081,0.0412375518366784,0.0524774563476813,0.0955619936272058,0.0863135599915409
65,Eddy County,47.70645859,-99.03324693,0.0004021396990975,0.0007477888008462,0.0013191584531271,0.0022249886235506,0.0036100590507234,0.0056614775077961,0.0086139187768638,0.012752329991754699,0.0184098047608004,0.025957290303321,0.0357806394238878,0.0482395629473392,0.06360291470677269,0.2436243593732135,0.27482692732446046,0.6865801400115549,0.2210565285895319,0.1608385800953197,0.12877635274489518,0.121865284985335,0.1142497255464458,0.040769941990424996,0.1089239925052663,0.0333944078500005,0.0354419034372738,0.0721712426928828,0.026206175785683503
66,Hughes County,44.48283152,-99.79847762,0.0006064758879265,0.0011273123859029,0.0019878059863366,0.0033512637697198,0.0054349717888256995,0.0085195637175955,0.0129567946958545,0.019173486730303,0.027668189822779604,0.0389955445826866,0.0537316059793769,0.0724119641951524,0.0954343388695158,0.36675631239339346,0.4135672011661695,1.0342855271786777,0.3335491996139126,0.2431231779519884,0.17978446979732982,0.1831473429697745,0.1709817725823076,0.057943875023498195,0.1511438734974278,0.0490560084931326,0.052322088009027296,0.1024869803329453,0.0397583489941018
67,Morrill County,41.74325238,-102.6958257,7.12835080635956e-05,0.0001322985789384517,0.00023297310061156306,0.0003923184992561,0.0006356146886388,0.0009954948118457,0.0015128430696927002,0.0022372453538982,0.0032265902789035,0.0045452374081843,0.0062599701655578,0.0084327886533664,0.011109585359715499,0.0433436127762706,0.048826369000418396,0.12264779595832699,0.0372908638150267,0.025579935222785,0.0207712576806124,0.0197197275421268,0.018699875019954997,0.0073784118525336995,0.0183896814307052,0.0066907320215569,0.0072761382695141,0.013337464347263298,0.0062684082260397
68,Grant County,47.4129124,-119.5470861,0.00013616078698144922,0.0002134553487515981,0.0003251743016505,0.000482599936029,0.0006991430966106,0.0009904591556006,0.0013754922316453,0.0018800426959047,0.0053121318229728005,0.003175618432612,0.007384406237540699,0.0125278994399107,0.009390573999419501,0.0213857110783012,0.026969071009513998,0.0574357216840099,0.053364084179862895,0.07751332946933731,0.11658102130032649,0.1725839229891165,0.2578473134829597,0.3744541234255575,0.552999907972457,0.7796413278697567,1.0961029992211215,1.5180965423460615,2.055162415964958
69,Valley County,41.52161835,-99.18350983,0.0003429465187613,0.000646789617366,0.00115714315186,0.0019786647199584,0.0032530567407805,0.0051664276231478,0.0079560496938544,0.011915199501463601,0.0173940003972112,0.0247931753411876,0.0345464281076592,0.0470860388954193,0.0627857053801261,0.21132164633085182,0.2418407374468705,0.5783037861505737,0.2356978801858651,0.2069674470867443,0.26262262470579073,0.16839577187160878,0.16539632291956122,0.0882554990621663,0.23912356117129618,0.0702333884901501,0.0734224038602036,0.1529760795963274,0.047310758311396695
70,Cass County,40.93518639,-96.34583201,0.0003450140781306,0.0006476179209096,0.0011523519045343,0.0019590754475848,0.0032021951454969996,0.0050605929255615,0.0077780252659867,0.011707117256212402,0.0173944463586731,0.0257271765012813,0.038163903965023296,0.057074288010318795,0.0862142542226931,0.2606533113192051,0.33852780991434905,0.7563067534954185,0.5681585688018218,0.7632441050824501,1.032609394881833,1.5463503802658565,2.2667182033098756,3.207431500987489,4.741819748941165,6.652974861779485,9.334514980152804,12.902427279731704,17.399058720011386
71,Beltrami County,48.02901973,-95.4795737,3.1894589765557385e-05,6.854170104433423e-05,0.00013772009024054038,0.0002608000183416,0.000468916942979,0.0008057231586625999,0.0013304124026394001,0.0021208612289638,0.0032765925857119998,0.0049210527264671,0.0072023830603336995,0.0102914559568352,0.014375450911188699,0.025267892775406503,0.032244255578104,0.0538582710946027,0.059617077337837804,0.0738367756862415,0.1878712580909469,0.07335163432254099,0.080095077203845,0.0717048781678935,0.1871950749161202,0.0614163472111113,0.0661180691329466,0.1291189447121349,0.0529835351531091
72,Aitkin County,46.26358649,-93.66377494,0.0026319368258065,0.0057273825292081006,0.0115671111990454,0.021928183489291,0.0393833434433912,0.0675189773215871,0.1111717003742336,0.1766690906953306,0.2720481464880552,0.40720675886807367,0.593917269779758,0.8455964728953436,1.1766854261998039,1.7749487862652185,2.3163232898218986,3.3766310893535403,6.4392888345766375,8.523532196050082,12.835530358962615,7.286443605707712,7.352399095082417,4.636263555465631,12.096486963504997,3.7879112472817846,3.9303988332499777,7.799758273647116,2.5021410039728593
73,Lyon County,44.42138655,-95.74181715,0.00021035952231719999,0.00047420892220200004,0.0009906555934380001,0.00193566392254,0.0035691243921455,0.0062592385145062,0.010509447865966,0.0169866183387818,0.0265480516281366,0.0402631058405136,0.059422557470157705,0.0855251800687293,0.1202264110365,0.1997889561507365,0.2588046771674237,0.4116920406376838,0.4034935643108426,0.4870539441273585,1.9085047826417052,0.5431376200737661,0.6213922314603453,0.663086379642323,1.855015982367851,0.48710370603004205,0.4905384750728521,1.0995272815297938,0.2223453778278992
74,Sac County,42.41935156,-95.02634463,0.00017254266346977508,0.0003276003327639,0.0005902048531260999,0.0010164327201043,0.0016830421408625,0.0026919394150121,0.0041745021097793,0.0062951065600877,0.009252806344348899,0.013279567370907,0.0186328108115085,0.0255793566002664,0.0343674511617724,0.10838418997508831,0.1252333416134207,0.2919865006932083,0.1341557826788372,0.1268235456548639,0.1637998305151086,0.11085621973368451,0.1131902422413901,0.073945247148429,0.1673759665153397,0.0748347909743093,0.0838385603002931,0.1389206345687499,0.08813236265966029
75,Rusk County,45.46791696,-91.39624127,0.00046318014156259996,0.0007497150837879,0.0011824134988037,0.0018221915336198002,0.0027488147792816,0.004063626494599,0.0058914155365502995,0.008380928628617501,0.0125798374564128,0.0159658317566476,0.0448730676821179,0.049308100976972496,0.0451370827641778,0.0662322660587886,0.0636187385829049,0.112273420506173,0.0991627491667995,0.1182776758684081,0.32894856076637863,0.1336982562256131,0.1530061467559973,0.1571027353753758,0.3565631792588305,0.154458868026915,0.16887372817525792,0.27906088461307277,0.1558114470553626
76,Chaves County,33.48134861,-103.9155591,0.0146333452126725,0.0232572649825604,0.035797101634873,0.0535361143917061,0.0779843047910635,0.1108348526841052,0.1538698344126075,0.2088007828953972,0.2788349734713339,0.3592121630461364,1.2667342943451088,1.2467866984080487,0.9657346708722332,1.130540209456049,0.7048928244596065,1.2143673332069729,2.575770435074569,3.4383401044032444,0.7263882147898209,2.356608706095247,2.0478364295185307,0.1052278442077495,0.2393533366174197,0.1058828678256878,0.1176603287141802,0.19420293502316321,0.1157982188968378
77,Randall County,34.85870122,-101.7896096,0.0008355890987374,0.0013966900402585,0.0022596273727137003,0.0035492610704896998,0.0054257573509286,0.008088168656282101,0.011775625805493201,0.0167646844076361,0.0237300637920663,0.0318488646056263,0.0755084632177605,0.0839411438596014,0.0831692200447799,0.19542026234333232,0.1999797649609294,0.4600637726339268,0.2502729626736926,0.25551706689692283,0.2559259462121304,0.20228267496332952,0.1954540324778631,0.0908532457414924,0.23353542510280478,0.0810287744354019,0.0887392343576788,0.1682339281003838,0.07756050173289669
78,Texas County,36.74873009,-101.5000045,3.3640806772025224e-07,6.634761666605953e-07,1.2473793084924273e-06,2.2475583225302406e-06,3.898331309700272e-06,6.534286584644645e-06,1.0622108125157087e-05,1.680010602463175e-05,2.592626081557174e-05,3.9134522397786374e-05,5.789740362692766e-05,8.409063692781874e-05,0.00012005311521910143,0.00028280671232461485,0.0003545002611966535,0.0007133534605494999,0.0005057745984061,0.0005985388756911,0.0010024801789651,0.0008788530253159,0.0011181506714564998,0.0013469818498784,0.0020490108833079,0.0021459080929216003,0.0027264342683807003,0.0035982173378206,0.004207254952353899
79,Wasco County,44.87742596,-120.8593635,0.011539938773738101,0.0180704742168638,0.0274979071274991,0.040782834822628095,0.0590758379823969,0.0836995400127927,0.1161008828554133,0.1577677192356225,0.3419591047679465,0.2615898399224221,0.8004091004979599,0.9951939530980478,0.6564981178847176,0.861121412301175,0.6838287947513468,1.211603747282604,1.407633813942291,1.7707741930099719,3.035029605617623,1.693252979304875,1.834173521404807,1.5058157854526784,3.4054020747694276,1.7534050139373505,2.11545035612739,3.4220556416011894,2.728689173462178
80,Cleveland County,35.30086027,-97.47670229,5.867546768881037e-05,0.00013423080658131914,0.000283013701849,0.0005565390909569,0.0010316910203421999,0.0018202609148413001,0.0030842671445743004,0.0050622465622155,0.0081132289151553,0.012786012733053999,0.0199217886280635,0.0307981316451897,0.0473219333764468,0.07757043055992249,0.1152619773126975,0.18328677639409507,0.2760091016632144,0.4027617314462842,0.8700308270329866,0.7420543273232473,1.050420955530569,1.4489669247690502,2.3309847259904046,2.7563271275704695,3.7975437871212274,5.316876862001006,6.835909362621435
81,Rogers County,36.28372003,-95.63163853,4.305861861585355e-06,8.607802875701256e-06,1.6454128881437015e-05,3.059413031014601e-05,5.704588637983435e-05,0.00011068686314359894,0.00022828409315512883,0.0004946281011235,0.0010888834624159,0.0023594120626028,0.0049362876411455005,0.009891541607144099,0.018957844913408198,0.0361968813386888,0.0629338522714264,0.109470823707567,0.1738020464407259,0.27707648275050667,0.4346272504901425,0.6544266540996841,0.9736752433455993,1.4181006163440222,2.0325297234493536,2.8460088837694046,3.924381199292543,5.318603577300287,7.073157388829987
82,Logan County,38.7673038,-101.0284679,5.6382509084875956e-05,0.00010580377346350165,0.000188230572935142,0.0003209197618343,0.0005312684404685,0.0008678126302679,0.0014222101155316,0.0023677436318844,0.0040205679921435,0.0069304788761104,0.012008428483567701,0.020698376442952297,0.035201362795183704,0.07943889742100729,0.1179785697211598,0.225075874260501,0.2588677767681157,0.37992573831956267,0.5355677908871939,0.8048229229453396,1.159768708463856,1.6287450128723773,2.2920405295389052,3.1509662609411393,4.266799740966411,5.676873237548496,7.403945097408725
83,McPherson County,38.39197065,-97.48884753,0.0006683359467618,0.0012467586352693,0.0022077900804691,0.003740836547696,0.0061049559672829,0.0096524062895884,0.0148651681342442,0.0224116209540848,0.0332313163846355,0.048655742890443304,0.0705724357287971,0.10163928532333459,0.14555640931847869,0.4744990400172653,0.5778153639384997,1.34039883153749,0.6979395839211886,0.789594594734958,1.0541682949782212,1.4076336342907285,1.963779122562551,2.6284113384203476,3.8349917437884082,5.090293388092704,6.942149888728973,9.383536480634843,12.24419825433079
84,Caldwell County,39.68010457,-93.93551551,0.0012442399143346,0.0021605845543995,0.003615349925872,0.0058503844682306,0.009182982405690501,0.0140169925990784,0.0208506499050732,0.0302781324097241,0.0451712832954297,0.059490717742105396,0.1104725856376008,0.1356578234200074,0.15062313286285078,0.4522114718434338,0.493552712466096,1.1847290395054446,0.4868678868564418,0.42978794328511705,0.4783362778858111,0.3417239315784713,0.3308217430690717,0.1586192043625728,0.4282171638584178,0.127055487757515,0.13310181947433308,0.2754805000953988,0.0872143709429427
85,Dade County,37.39648815,-93.63067538,0.0009722803695873001,0.0017058448426494,0.0028727654076674,0.0046655538552047,0.0073353257483155,0.011199919164652,0.0166491909696436,0.0241449555325617,0.0343734084057015,0.0473998781412355,0.0830945771197914,0.1013680134251969,0.11752391066742479,0.4234962287258484,0.4621307314926905,1.169012112128811,0.29255989221650314,0.1533661076800007,0.2737007006288989,0.1380964086954676,0.1447430899333355,0.1074057495531886,0.2761923526548618,0.1056886648022071,0.1242703926436941,0.23124729872048141,0.148873809666732
86,Johnson County,35.49289456,-93.59063588,3.965603334020194e-05,8.147810123530225e-05,0.00015795530633853954,0.00029080117336230003,0.0005113897393992,0.000863444607319,0.0014059805322077,0.0022163289298206,0.0033929366837161003,0.0050574131428711006,0.007354999637355,0.0104522509737674,0.0145302865451297,0.0295008555330616,0.0366737704397157,0.0680555105166856,0.0614187471414173,0.0734201571941143,0.1531499255285274,0.0736803732154836,0.08045060958435091,0.0706845787680794,0.1621604533298363,0.0693545690630297,0.0761311295956899,0.12710816652699,0.0711871350654553
87,Marion County,32.86217276,-94.5241288,0.0004964529190312,0.0007518873902087,0.0011068919626882,0.0015877817708694,0.0022229126875839,0.003040406071486,0.0040646064796585005,0.0053112651806713,0.022484702783726197,0.0069415856908836004,0.014745072850527001,0.0371001891472203,0.010427186180657001,0.0169565379404111,0.015297753878136599,0.030887319636137802,0.030620031649111,0.0372476639825718,0.032021484062328,0.0302336523021806,0.0297909777686375,0.0152663266289696,0.0333691661100006,0.0186279372659407,0.0232977494206431,0.037989642850787306,0.0362682708792456
88,St. Landry Parish,30.84054963,-92.01150228,0.0025971935408849,0.0042298763784408,0.0067170854393134,0.0104173339066885,0.015798341312618702,0.0234543677721177,0.0341213794439781,0.048688451373013295,0.1367566234155885,0.08725217111868261,0.1232699996150268,0.2583026931485951,0.1973230222936842,0.5733087935048784,0.6704381451895436,1.5150731235799442,0.9163255521740108,0.9920900351621966,0.6706582595767597,0.9641952712518744,1.045797422823388,0.8170564116058903,1.1895443754986599,1.261697260492391,1.5677017639035826,2.0100690104165575,2.313362994228857
89,El Paso County,31.77308956,-106.2230818,0.0006630476475771,0.00112419838939,0.001839585590247,0.0029150980758454997,0.0044863947451144,0.0067222935202436995,0.0098271662535639,0.0140421964915899,0.0248565939220904,0.0264467464459439,0.0467246453670663,0.06382219101629699,0.0645274690001935,0.23551348981858,0.2591916864297644,0.6570587891479633,0.1687189788413869,0.1021993777338219,0.18473404894042322,0.1700159954476081,0.2360418952585158,0.31477576862590995,0.5083283669527844,0.6144060058152405,0.8584963658330699,1.2176903430921144,1.6012064755383535
90,Douglas County,42.80834786,-122.7941288,0.0021067254850892,0.0033868064111005998,0.0052986577859975,0.0080909701367436,0.0120825243743413,0.0176704620090651,0.025336042192861098,0.035647581329869296,0.0549567573475764,0.0663727212988058,0.1945985695720073,0.2136368125473906,0.18795962978686148,0.2652200132846091,0.2490283107940336,0.4339169049100603,0.4554551040025876,0.576113471895668,1.349047413596288,0.7035602331657234,0.8555824383009065,0.9506537971166635,1.8884892286446686,1.3635760027008252,1.7495251793766333,2.6046658660160515,2.6917731334260924
91,King County,33.42197646,-100.4747257,0.0008849924377098001,0.001948663125365,0.0040316343551427,0.0078761671737833,0.0146108400480727,0.025882513994096898,0.044014569709736995,0.0721934396949852,0.1149593308476736,0.1770307663554866,0.2712397093525799,0.3961222375226054,0.565280099231088,0.8129840543994575,1.1156411170415077,1.5505351558494098,3.0344258156764274,4.126056274431486,4.835846856434732,4.766507267669965,5.506252127113015,5.420686170762066,8.139266602995853,7.73093057319891,9.292715742408525,11.8472180241696,12.713151388908619
92,Pecos County,30.79490767,-102.5121274,0.0036514060007077,0.007575315715216,0.014862234126306901,0.027716430785681298,0.049381507095335606,0.0844605912691181,0.13928675826519732,0.2223366633487047,0.3448524208381182,0.5203229935559314,0.7749324874578224,1.1118888703376457,1.5613747484436722,2.903845945025356,3.710948966475894,6.46931182688166,7.00657198771949,8.784847325458149,15.710046849692926,9.85445810021973,11.29177288787663,11.112607678280604,20.523322732722516,13.979883060736906,16.471127582575726,23.14405619128307,20.726177856458314
93,Ector County,31.77998214,-102.3887614,0.0005725702852821,0.0014402976442242999,0.0033382076535224,0.007148866890527499,0.014269232996271999,0.0267982447731358,0.0477586446758689,0.08135082044732239,0.1347072782261349,0.21065942803742682,0.3271856769127238,0.4879715795061258,0.7036770830714401,1.0090019591905492,1.3972784413732229,1.921327052089725,2.5382815567369916,3.305706133854938,8.019847149339094,4.84165166667067,5.892661492178469,6.962223397358115,11.222630839816386,8.232481177569472,8.981554162079942,11.240765341524355,9.067581686612979
94,Johnson County,32.37182664,-97.11815228,0.0033755644520586,0.0058485544025857,0.0099338437691064,0.0165427272281339,0.0269931057649024,0.0431315720868969,0.0674719089835302,0.1033467190896262,0.1597241057214637,0.2276252863451934,0.4622197862296703,0.5840352175103697,0.6937087568610127,1.1307971871651765,1.359010917595909,2.2701833047070794,2.6332956935907283,3.358673383010295,5.219037990934163,4.122606136877315,4.824317126502158,5.02568430046651,7.880630943959915,6.57300905464756,7.583448568968574,9.616653540365672,9.188137143387042
95,Hays County,30.14290618,-98.02819061,0.008320267595473699,0.0129852846939814,0.0196231673780978,0.0288220527761914,0.0412561305812666,0.0576570351779849,0.07875916559745649,0.1052133871027604,0.1378613612025305,0.17560092270160732,0.716874675436238,0.6852271790220956,0.492817131695403,0.4967805354637951,0.20821791682150032,0.3229115721315957,0.42947165463833925,0.5597381071404299,0.7849497271623189,0.7180516033946323,0.8456332989734268,0.8996821471170959,1.2890934981294118,1.184812285906902,1.3488873461665798,1.6274186146425902,1.6119693274424574
96,McMullen County,28.14593418,-98.36237296,0.0201680302235342,0.031321070108966995,0.0472332857766618,0.06934813551026679,0.0993160351568617,0.1389216427961051,0.1899521132571984,0.2539962525441456,0.7385826592959164,0.38558797673487044,0.9946912721420833,1.5847238468432068,0.7995607532472853,1.5500154911827941,1.3830721285791,3.194138746471973,2.151456849136065,2.3730152429424045,0.5675213235935498,1.685315209375509,1.5060379998818394,0.2307092296466035,0.3665105703329907,0.3192693739226869,0.3817660577375479,0.4972880051156417,0.5107378955870524
97,Tyler County,30.68456443,-94.49850005,0.0005570519314435,0.0008768949830323,0.0013366835861214,0.0019800075128998,0.002857390321976,0.0040245160479738,0.0055388064240903,0.007454076881588,0.009974788651623899,0.012625302204097601,0.047746103978646495,0.0465403302732653,0.0348110101762322,0.041166938502028703,0.0243065203025535,0.0454973122024024,0.0558772984699728,0.0721578164066735,0.0688241249366118,0.0743145646477469,0.0846710580908054,0.0760530302359534,0.1255966102469871,0.12864217069079079,0.17083742193128898,0.2384794938166612,0.2902215732435305
98,Brazoria County,29.5703565,-95.42461309,0.0014745991147535002,0.0025065522175117,0.0041495909716665,0.0067049142513035,0.0105937135346525,0.0164011760506259,0.024944731962548303,0.037381536574541505,0.0565265146798729,0.081220147887472,0.1782309089478098,0.2241177502105629,0.2708310820559495,0.4886939240874023,0.6146726596413771,1.1186634971515248,1.331407099874441,1.835336982802358,2.6036284379935943,3.0242543584572634,4.102053529518627,5.3108629797107145,7.878784445847659,9.896893291843352,13.3514232019475,18.040983385557915,23.13983960361771
99,Blue Earth County,43.85294596,-93.84641518,0.000196556108450336,0.0004283011810196,0.0008661370766839,0.0016438101225729,0.0029549708977985,0.005069543650421299,0.0083514795094944,0.0132768073226247,0.0204500000741864,0.0306153007973302,0.0446576786114102,0.0635854695164077,0.0884836605894255,0.1351830766184269,0.17599377035819969,0.2598279578508197,0.4669011176127968,0.6142721853477808,1.0167558723370798,0.5295152279953939,0.5375455818568099,0.3521214562640216,0.95234207906497,0.2762824461417246,0.2852809325343549,0.5972524450974226,0.1685710818702451
100,Chickasaw County,42.91269261,-92.11168489,7.164933604381886e-05,0.0001386872706175305,0.0002538613283813126,0.0004431101490752,0.0007429796963199,0.0012048777533397999,0.0019016930374939002,0.0029377370047575,0.0044629570286926,0.0066922695681586,0.0099306803876715,0.0146046328236184,0.0212998440662752,0.0522605006824928,0.0669600405176784,0.1370996698954505,0.1268624320500466,0.16421002252745381,0.1904505007524154,0.2380007188280247,0.3120609991636138,0.37851750028569553,0.5632189317384155,0.7056935702006795,0.9498956199649264,1.2785569809683255,1.6271904892695384
101,Harney County,43.19860125,-118.790355,0.0022052952831156,0.0036178068195419,0.0057672584250867,0.008958333134309101,0.013585758570808,0.0201458687923118,0.0292436667636951,0.0415928830068491,0.0589982242121206,0.0792820800902633,0.2161601201409578,0.2338767753923715,0.2204953569238533,0.2775550612406029,0.26295012586122013,0.3878220434492664,1.0023071705996858,1.366824829670676,0.5600694383577776,1.1061284183575177,1.0789935421834378,0.49728636156477907,0.7194212817640953,0.7110445902428593,0.8493019830681829,1.0609701113336802,1.1467409859775664
102,Poweshiek County,41.53491879,-92.68514792,0.0004241302985942,0.0008073094477385,0.0014574530720963,0.002514060434397,0.0041679802538641,0.0066723921707762006,0.0103533770857661,0.0156184380432014,0.0229603307549057,0.0329522089314582,0.0462284467997718,0.0634438349830776,0.0852027773082408,0.2645509113221223,0.3059339048939281,0.7092859774124414,0.3386027842959295,0.325898811525304,0.43269560399641,0.2758949824846466,0.2771160100222476,0.16767952069328051,0.4166676183543789,0.1511426939247409,0.1633856064145386,0.299113901463966,0.1368894116098655
103,Knox County,39.96993092,-92.01395166,0.00017130424356408806,0.0002983011102764,0.0005001296415191999,0.000810138986157,0.0012718410203608,0.0019403127572189,0.0028831251861451,0.0041803805736232,0.0070531396204150994,0.0081012759679434,0.0133697684401033,0.0181914112576128,0.0196508873853735,0.0628977265472322,0.069681662475993,0.1684039671895689,0.0805973033401796,0.0775240277770033,0.027942528825259,0.0545453008669778,0.0484160700938782,0.0067336085464789,0.017322675860655598,0.0058556850912538,0.0063105951704479,0.0120860563107099,0.0051321621273584
104,Franklin County,38.4997353,-91.3675038,0.0018159513591049,0.0031081034363246,0.0051212745218049,0.0081569642675742,0.0126010940298744,0.0189324663207759,0.027725401245177,0.0396424623761871,0.0565879064503004,0.07566995110830249,0.149530347849852,0.1748359611444757,0.186901627893299,0.6438516226719472,0.6849481872920656,1.747317150298577,0.43959913145024976,0.23197849972878698,0.2387456172846602,0.18499912191328718,0.1793978922311995,0.0859832885860831,0.2188374649228139,0.0759764067190179,0.0821947480412155,0.1548869686627462,0.0682391431997733
105,Iron County,37.67809039,-91.06236394,0.00012326104303549438,0.00022095228597925504,0.0003799984699711,0.0006294915892008,0.0010080357278446001,0.0015653396663482,0.0023635872918984,0.0034783462021219,0.0049986545333328,0.0070257634504127,0.0124211523299926,0.015349275409,0.0182113914324233,0.0432891153884874,0.048738926542336504,0.10469294009216171,0.10467756631677,0.1278907517152247,0.0347203625305128,0.0956781314649707,0.09040398424521151,0.0289817915629244,0.046445310920018995,0.0559714264875792,0.0775163187277775,0.1087248841252345,0.1409826363767127
106,Iron County,46.39589899,-88.25976999,2.1758160609092287e-05,4.1135110255821486e-05,7.369612049916495e-05,0.0001260969368820501,0.00020732744262032336,0.0003291671399142,0.0005065996459995,0.0007581024609566,0.0011056793794604,0.0015744382468154,0.0021914406800438,0.0029834779880866,0.0039733922568628,0.0129877032979615,0.014883847270309199,0.0352479092860315,0.0170639618780213,0.0165127937137274,0.013338353977151302,0.0125362157884492,0.0117769870147301,0.0042735199360143,0.0113822383733598,0.0035836528077462,0.0038465638149225998,0.0077080500311186,0.0029613519901174
107,Langlade County,45.19646292,-88.88363925,0.00026143203527630003,0.000416001717565,0.0006415605410598,0.0009620619115922001,0.001406168551591,0.0020067803683561,0.0027997882793971,0.0038218495736512,0.0062369616543257005,0.0065738137902503005,0.020478724959282598,0.0222600291266236,0.017007593684202,0.031941456959827697,0.0274840629727926,0.064311678576363,0.0269967012474129,0.024671106400480904,0.0446685840980678,0.0260657371959785,0.029927456837265002,0.028693774781398403,0.058971336977192,0.0404851506817266,0.052198627760792204,0.0795621252210576,0.0816956936385159
108,Waushara County,44.06230241,-89.11741448,0.0005009013651008,0.0008001227606716,0.0012393717827211999,0.0018680868793777001,0.002746880020165,0.0039476751777631994,0.005553413130542801,0.0076581467859079995,0.010461241582978,0.0138034507094487,0.0448852608104222,0.0461233336787259,0.039756322135229796,0.0643535230607627,0.0585517128363199,0.12145834126247419,0.0926030354689685,0.11711882463812211,0.2036893719199438,0.1962455568494198,0.2707167400227446,0.35886364224581524,0.5652579197735565,0.6844335764813323,0.9422149078602395,1.3131141601793135,1.7016303055875586
109,Richland County,43.41560313,-90.49937312,0.00018075173534027415,0.0002939492474547,0.0004650513475317,0.0007181472528819,0.001085431179731,0.00161041416225,0.0023544269500194,0.0034095402659881,0.0049220399669243995,0.0071314642489317005,0.0196391319455154,0.0231725160755733,0.0264166936986229,0.0459639305849375,0.0586945574453005,0.1085068183482765,0.1289279960571376,0.1905724345607766,0.3313957260894016,0.4067085353780907,0.5936762932623829,0.8470142064539827,1.2550685711090974,1.6735694420058427,2.3074445902923655,3.1567238277766685,4.163248919764612
110,Rock County,42.83835582,-89.33478091,0.00035390213625369996,0.0005618349697756,0.0008657750395018,0.0012993794683345,0.0019039258193953,0.0027282263211993,0.0038275713151188,0.0052613958912411,0.0081040957230144,0.009269200111985,0.0302448794436729,0.0319755163664974,0.0252420156114384,0.032434995054167,0.0251193465683106,0.043935942127197904,0.0619757039153651,0.0800183516393989,0.0652282672919463,0.0726279877849814,0.0752339123000362,0.051015811123278104,0.0838868578247358,0.066832731322002,0.07974282959097401,0.108624039021504,0.113958149225835
111,Waukesha County,43.07262373,-88.23565775,0.0005896524060316,0.0009501727519367,0.0014841229770876001,0.0022542873829998,0.0033379515988315,0.0048269197364841,0.006825817488901,0.0094480288464855,0.0151607078803063,0.0167878189312507,0.047089899335731294,0.052338278732205104,0.0432816611842899,0.0939890761227048,0.08840062731038531,0.20962175665625718,0.0827458028145836,0.0719312399029631,0.1071219509418108,0.0707619234913012,0.0768968564351569,0.063952380742546,0.1273892697384894,0.0765830402885166,0.0898370348719036,0.1326014616837718,0.1102672605154109
112,CAL Fire Lassen Modoc Plumas Unit,41.30824779,-121.4464046,0.0025547649159841,0.004142185482319699,0.0065104730864027,0.0099491663117864,0.01481663251221,0.021541395504987,0.0306162827465657,0.042582455136630906,0.07690860919943909,0.0755819747870171,0.18765284232836488,0.22771709086947262,0.1870301933793472,0.45887073738114786,0.45583409519349083,1.0955055910121072,0.461538887733097,0.4173187734786431,0.3859221020283829,0.3580793620880634,0.3656032678830451,0.22531780676050542,0.4505930775423852,0.2945254519206868,0.3619304654114591,0.5371686395586868,0.5009108783922571
113,DeKalb County,41.76580781,-88.79751098,0.0072024861481066,0.011233829219926099,0.0169552852893614,0.0248515957140082,0.0354628025829104,0.0493509168556972,0.06704220162852301,0.0889403139499072,0.12341947114628521,0.144853836026189,0.5939074551021467,0.5739217927739609,0.39375237856456247,0.4188940061767653,0.1661067751922103,0.3190835371422731,0.2818736353456839,0.3394401449172394,0.519594045688185,0.3682491081342756,0.41680537592879774,0.3926388221485715,0.7010856881971144,0.5117388645054698,0.6103041258761842,0.8458532433182369,0.8038523788434019
114,Macoupin County,39.3367648,-89.78363058,0.00028253560284519997,0.00047571934222330004,0.0007899253931533999,0.0012949623289420999,0.0020939019108817,0.0033337978521095,0.0052178990518613,0.0080190833719992,0.0141693370693958,0.017697327883607603,0.0354208690275652,0.047769875113900004,0.0545420174699332,0.09499365817673519,0.11515058494173899,0.2009987514763406,0.1888559339414149,0.23371814044785238,0.29447637879852706,0.33548810604737467,0.40412785055982625,0.4562161897752166,0.5737865739073761,0.6055412141455208,0.6728230856456949,0.7448744744437011,0.749521133727397
115,Tazewell County,40.36595616,-89.52274432,8.734675404463236e-05,0.00016772866069683407,0.00032680052333530004,0.000632929036943,0.0012007740702139,0.0022185959439555,0.0039948717022751,0.0070371985987266,0.012179702377671,0.0207774542291055,0.0387377037598333,0.061302386591776004,0.096658062666705,0.1586032329672606,0.2469566110671344,0.3938339114913286,0.5886383509345805,0.886076716253963,1.317975036110452,1.9097857394617261,2.737377442310043,3.857960505461181,5.367998792711832,7.330419695222847,9.882670574764475,13.13530710933387,17.189558965338016
116,Douglas County,39.76077104,-88.32037463,0.00014860393344741783,0.000256377573942,0.0004285494364316,0.0006958943185046999,0.0011012299818332,0.0017062930584869,0.0026094262271455,0.0039867013989258,0.007003565874727899,0.0097263947994198,0.019942173218993102,0.0313106888976023,0.0468881687460053,0.0910046130597141,0.1427374642436496,0.25996676611921343,0.4200546174314547,0.6543546964843054,0.883357019184989,1.3921244704726634,2.055406633507611,2.9398972511748904,4.289055009956154,6.080625209823934,8.505769614885496,11.695484293485215,15.766363004217585
117,Shannon County,37.05321965,-91.29205837,0.00038174449687619996,0.0006559353209508001,0.0010852118439791,0.0017357440074129,0.0026928595680877,0.0040632470571826,0.0059759818592576,0.0085814938168285,0.0120473095715251,0.016549141964634598,0.0326730727009318,0.0380356650652308,0.041406967998004904,0.1372940196171631,0.1466209556645289,0.3690077393508156,0.1004245500892824,0.059901843832565596,0.08514429108450619,0.0497904099007465,0.0495411008626951,0.0288261608897394,0.078472350592731,0.0228594651797085,0.0240259778081928,0.0505862529074764,0.016649746817294
118,Lonoke County,34.68125955,-92.02589394,0.0001744964739244685,0.00039684183185219996,0.0008306049826742,0.0016209875696754999,0.0029818228707875,0.0052159095943484,0.0087379398880752,0.014099159643017799,0.022011970702198402,0.0333712144471077,0.0492666962148776,0.0709785067370583,0.0999429390689042,0.1480293518751952,0.1966144633218418,0.280799310067242,0.4445912260051631,0.5797502548912844,1.4303280396220268,0.575599270332311,0.6306154838035949,0.5642462589924825,1.4521616925946317,0.5142815264635299,0.5701949167885153,1.0716455426310938,0.5188212292918412
119,Ouachita Parish,32.56645631,-91.92922355,1.995609042754358e-06,3.904927331275637e-06,7.25429243904652e-06,1.2874292632306637e-05,2.1942374241270637e-05,3.608014884588102e-05,5.747041712376731e-05,8.899919273272924e-05,0.0001344264869416373,0.000198586539218005,0.00028761834718969996,0.00040924241240719995,0.0005731527711077,0.0014767652295938,0.0018092324795802,0.0038403788340604,0.0023496861979289997,0.0027439689956134,0.0063083428488702,0.0047099715420795,0.0070850396174093,0.0107680931608906,0.0203239550909902,0.028712492845516,0.048223522161697105,0.0819757709522834,0.13264694632400809
120,Rankin County,32.31228173,-89.94310381,0.00017622421165986414,0.00044553031800159996,0.0010084960512712,0.0020892105895613,0.0040267409154912,0.0073119046004866,0.012631104265825699,0.020918819930630002,0.033419984475016,0.0517619731599009,0.078033079825095,0.1148598366189743,0.1654692158568516,0.23850446800434522,0.3291205513218644,0.45790309713788124,0.5938166399150807,0.7779699475701877,2.835597687339827,1.097282261556888,1.3887051201189897,1.7291451880827908,3.6585123319300257,2.25860046657347,2.8329854576939666,4.384627722572134,4.139933404858581
121,Chickasaw County,33.90483098,-88.95057971,2.0589939987943892e-05,4.219778662242844e-05,8.068703825741695e-05,0.00014563453676323123,0.000250364597998,0.00041283202572879997,0.0006565419528606,0.0010114242552689001,0.0015145152729352,0.0022102032645301,0.0031496645565489,0.0043889642857563,0.0059851534055108,0.0094375115611802,0.0119763974893246,0.018355876137177998,0.0492143598173871,0.067029951498679,0.0202995435676758,0.048898975196573,0.0450026641532656,0.0113468726944143,0.0203872561994298,0.0209843533109134,0.030953695995501,0.0494288970653471,0.0714365348015477
122,Walker County,33.64251888,-87.33420755,0.0004523573943221,0.0009456163815146001,0.0018370672647185001,0.0033595894168884,0.0058406743591176,0.009726666339011099,0.015609126562268,0.0242515263136803,0.036612866498941,0.053862436812522896,0.07737666420781131,0.10870497626668449,0.1494874230700829,0.2121281930638499,0.276935222550518,0.38004532986577266,1.2058350474000692,1.6600075583013933,0.7592688423961499,1.2479394569693945,1.1700806302263826,0.3780079101295748,0.7428059595850107,0.5167743937223418,0.6432465408103782,0.9407000393483524,0.9082977615504786
123,Sacramento County,38.40912626,-121.4370073,0.4375234170509364,0.6820081206950107,1.033814351574974,1.5276618748097843,2.20454910329561,3.110776669579159,4.295803743943619,5.808705311344028,18.238563355877744,8.963306862831905,18.97608188919746,35.26946529169764,17.920375550916845,44.27761337953562,44.97394813181139,106.4140091604097,49.73643305029414,47.382659982119755,39.84291081383485,38.331595108624164,37.30444070279082,18.09479962671713,38.58369023140406,18.187386930122017,19.60663269306568,30.518757558652766,17.443496557727563
124,Lowndes County,32.1705336,-86.45223669,0.00013136103332570816,0.0003156384206731,0.0006892273797442,0.0013898067505985,0.0026225070288818,0.0046799569221637,0.0079646348792371,0.013012627596365501,0.0205170281793532,0.0313478046176041,0.0465628435137129,0.0674018611923254,0.09525094995645139,0.1424308832797121,0.1892464764777825,0.272379735244796,0.3103367131698834,0.3847285277482886,1.6538234016679045,0.44148536524972715,0.5116645766913123,0.566807542800016,1.6082348013122851,0.4146239816829018,0.4213222763640956,0.9599170277811553,0.203454867703905
125,Walton County,30.60299528,-86.0233856,0.0008333558952010999,0.0014341932741714,0.0024309477786186003,0.0040464672652878,0.0065981399835049,0.0105266127270369,0.0164401082622638,0.025191158952001,0.048015741629645003,0.055743168376459803,0.106426473101561,0.1563090659520966,0.18737243445704488,0.29674972774877617,0.4097831475034814,0.6591401589848838,0.8775323381623654,1.2644319872218013,3.2622328580223687,2.4024571934959216,3.4270324735435134,4.802837747468331,7.983427542392583,9.01351984670665,12.42756910235039,17.585139847023996,22.390755827594468
126,Rutherford County,35.84707003,-86.38840824,0.0112495187557034,0.018083633823608898,0.0281541256003151,0.0425994099607014,0.0628083602021664,0.0904238402924646,0.1273292137979794,0.1756165256180272,0.2401921110588729,0.3152165256361775,0.9776755501305714,1.0071544937509667,0.8675297790190648,1.662749689714611,1.5191312203503622,3.4718941737309095,1.7508228216206063,1.8441701147773928,2.9601720085478167,2.557262732659633,3.2963467099192334,3.938043262929174,6.421950984575895,6.925313928947071,9.259570057763291,12.797655241653986,15.648034362424312
127,Trigg County,36.88033989,-87.70288407,1.2101466420322163e-05,2.536033591757417e-05,4.9891643576782294e-05,9.299718251974294e-05,0.00016608676567052738,0.00028844949036370003,0.0004966049116335,0.0008647065576096,0.0015431596502978,0.0028238949447058,0.0052417824538,0.009722538146061499,0.017788189054392098,0.034295838046045496,0.058090322821385404,0.1025448060063611,0.1611515591260742,0.2560463910753612,0.42554862437949625,0.5941969993847755,0.8881951079525159,1.2970524836801864,1.904482999511119,2.642864909301496,3.679190690660339,5.049846443397206,6.754417676923612
128,Twiggs County,32.65498374,-83.44185834,0.012087982115083499,0.022120569558826103,0.0389362417342703,0.0661036505612369,0.1085484312260031,0.1728643974552605,0.26762674336553316,0.4036732091498626,0.6144297939369696,0.8533468051186309,1.4601475492644345,1.9032149287003048,2.32942325458692,4.1245751136531155,4.905046247815199,8.60740455560817,15.24863937894601,20.11504308647767,6.166973950621516,15.646516691320562,14.797743570652822,5.358649280916886,6.885356061543451,7.2255305231384614,8.14467553427335,9.230278848417633,9.471821567804
129,Laurens County,34.68340161,-82.05850213,0.0001416277550070711,0.00032423817706120003,0.0006869647743046,0.0013641202628282,0.0025722318488949,0.0046676755150838,0.0082551018799589,0.0143795872613654,0.0248425915070201,0.042686903541468105,0.0728992627387074,0.12338129179510171,0.20623959812643572,0.3455007001840408,0.555333790183921,0.891957766085685,1.496082695951778,2.271153102231149,3.6079984275354193,4.600833814864654,6.594433772841757,9.211377191176528,13.414929907466014,17.82744948251895,24.31481716199641,32.87368482436395,42.956295706806145
130,Clarendon County,33.66656218,-80.47018517,0.0008859556209284999,0.0022227810159996,0.0050921683196782,0.0107695324814038,0.0212622754946662,0.0395797754359645,0.07006037883315211,0.1187588593234167,0.1938922265269196,0.30633070562910725,0.4701020002089499,0.7028481011911913,1.026132853562041,1.513293100263211,2.100511510462348,2.9756519743703063,4.189787132624491,5.548578614724184,11.06617089380011,7.926070795328236,9.711447306907509,11.332903844248552,17.56976371900533,15.070183631360678,17.532928200801067,22.24838569988871,21.89740592477835
131,Burke County,35.70354545,-81.46948528,0.0219032110523516,0.035711029299188804,0.056620219942612404,0.0875045799631667,0.1320494752927796,0.19483568467324358,0.28137140551331186,0.3980453389489448,0.7747420629972902,0.7292067913312409,1.6700703921414337,2.172296852808975,1.8458322779148886,3.6127040691517225,3.7435095593884995,7.758150903207331,6.855099274456645,8.128995735906448,6.873176583728432,6.5818990111761835,6.414193941653772,3.1337812179032998,6.6988372601909925,3.2018688719618504,3.5008990990877056,5.472474246487288,3.334860018223222
132,Wayne County,35.43899188,-78.0631739,0.0504184931196794,0.0877947987112746,0.1476933710903461,0.240684108758084,0.3808604342146173,0.586452319769602,0.8803363377872273,1.2903240454047056,1.9093625620957215,2.5875235526954414,5.017491713049862,6.096236255343834,6.814538668578278,15.75056308974519,17.3783819589909,37.40979245811599,29.325541817566396,33.75021781493251,26.459398133476434,26.311805559280387,25.05205771066176,10.275688399718366,23.8151099540077,9.486842062514377,10.028413609765874,17.066476618990514,7.809031338151755
133,Powhatan County,37.64107262,-78.02222606,0.0007652581260082999,0.0018335127220362002,0.0040708828304809,0.0084260911362298,0.0163848406579613,0.030164361083726603,0.0529450342841466,0.0891379878357106,0.1446824851669066,0.2273580430599236,0.3470818946826669,0.5161409842033395,0.7492778760940602,1.1451901101177466,1.5643046253379707,2.2935412370281743,3.049757457374662,3.982625750527898,7.557449387592946,5.471862752710921,6.582797693788911,7.443668348783529,11.459638751137911,9.445320462042165,10.665850724673792,13.253586084507766,12.21780143604434
