name,latitude (deg),longitude (deg),amount 1,amount 2,amount 3,amount 4,amount 5,amount 6,amount 7,amount 8,amount 9,amount 10,amount 11,amount 12,amount 13,amount 14,amount 15,amount 16,amount 17,amount 18,amount 19,amount 20,amount 21,amount 22,amount 23,amount 24,amount 25,amount 26
"Snohomish County, Washington",47.82099062,-121.4522522,1.7160056800505767,1.0870895265897058,1.6405146322919604,2.4139907329100967,3.4700233340424376,4.87919295695512,6.717238625304405,9.205271245938816,11.965068905670748,57.38083488364466,54.748063890961646,14.242732613946773,68.29784169763404,21.679846690716342,28.55007501896801,64.87009377391709,43.3498262055522,54.3293785358168,139.8183192852214,129.72587642087032,70.59520004694039,142.59238629480097,94.64273920793843,117.78761092252688,174.10865566060951,167.42714491679197
"San Bernardino, California",35.12010447,-117.1590386,295.7727318508831,179.38585268373387,267.5295090679863,389.44545114180704,554.1198931606446,771.3686644306374,1051.2464056486072,5959.885211966265,1394.6993711885425,4618.6468999404615,4721.246120299435,2377.899039798273,18703.897530464088,2761.749068108028,3501.922783141498,13229.531594645858,4148.297896540197,4936.05805481332,17282.216786043144,14173.602283449354,2945.505595252921,7518.065773244165,2847.4936310984035,3243.954659592572,5817.281718312849,3306.095723369377
"Warren County, Virginia",38.79110825,-78.25771359,0.012045015569543375,0.0142253143595659,0.0275921197969828,0.0506994257018858,0.0889617875527421,0.1501156182456191,0.2450397391495714,0.3888185007927243,0.6020736705892672,0.9125630506794692,1.3570005777681529,1.982994874584929,4.524227226318742,3.9098938270696335,5.479287922386986,8.517509088563,10.17287129047741,13.664938840738134,19.75471278283871,24.757908882321573,29.93518580294461,63.78521806892859,43.02632345020956,55.98436985015548,85.40657897599552,87.12381605570793
"Sumter County, Florida",28.70869529,-82.19247661,15.628911226489802,9.52130698850997,14.382556219875012,21.32044300905738,31.049408920658543,44.45738468575879,62.62498489451664,310.0421484241067,97.0917863562365,331.39144746267186,349.8306618078807,202.98816511897937,405.31158642849147,382.4536286193772,518.2954348816799,758.5463382895695,892.9783959023086,1147.2608549385986,2194.3907173656894,2296.1563629810275,1929.0716282115056,3714.576017971381,2572.34768089936,3152.664101449693,4527.56805011244,4350.592204771896
"Palm Beach County, Florida",26.67709172,-80.56373053,6.559277388309987,3.7165292663201295,5.447486241872004,7.837454144011664,11.082385665816709,15.416540286282803,21.11563673765275,182.6616953848944,23.071258134923184,70.185607297131,77.72149418991283,55.78517943304995,115.61080148661446,109.0240334051835,150.89281079666134,225.8319651071868,272.3112153395595,358.9565798626906,508.8512779115047,623.1442614070706,731.6061717930146,1556.3352125633853,976.2933355399653,1229.6256844127654,1873.1592313210465,1781.034582146507
"Midland County, Michigan",43.57419001,-84.55437763,0.19735850696428933,0.2022152070002798,0.3700994398153893,0.6481984804304415,1.091930314432535,1.7772782222716077,2.806144795722132,4.312416712473117,6.468418145223154,9.49109423364513,13.646825385441538,19.25327520495819,70.60777520967142,33.018819986266394,44.72025325889757,84.5709235493189,74.87953029917244,96.88623599159104,165.8492528472656,182.90036706472884,175.5119057029118,400.5998579317625,224.2164798788492,282.76328785997987,450.0451271153474,405.73467949624506
"Cass County, Michigan",42.06225929,-85.90993949,0.02648975062641593,0.0262142461096877,0.0467007170561749,0.0801868415118533,0.1342536268284244,0.2214607807293845,0.3628351645457883,0.5932588344297739,0.9693276642869912,1.5802775321742275,2.562584926968157,4.118847247844791,9.922479508975812,9.988265067478304,15.488120718529585,25.5257616004184,35.101761455302096,51.75547670063628,91.99601375678624,118.48771706672568,144.661071606924,204.8970011440481,278.3917633188688,376.7293355476593,502.04374859734696,653.4586535948813
"Cass County, Indiana",40.72939342,-86.25965362,1.6255282872484331,1.0409147105176682,1.5811428934639604,2.343246505902372,3.393898033236374,4.810000258246036,6.676234591908677,9.080725802549656,12.108857993131258,55.40448360874553,53.40822444848784,15.754820381303247,60.18162516687253,25.03285316163861,32.64329082741232,63.865667233906784,49.27804255719219,60.33957329106521,158.36446450458388,141.99226829360407,65.71607596630984,161.36587992983527,68.70158237503121,80.44148679182683,137.6281012376487,91.91043442600063
"Hamilton County, Indiana",39.94240296,-86.10103966,1.2669279865733865,0.9621003808032038,1.545351911122958,2.403125873220591,3.630397436184527,5.342744413643703,7.676554549352548,10.787000716366766,14.842573817737629,30.56638907187598,35.28512456702104,31.67947843328855,390.6001580789052,25.18713117985745,32.592006922248004,240.8894832454279,28.088135998975165,38.1928479907754,88.92796884026018,93.772754929543,77.75491148842784,122.13298469934976,140.14511439194283,187.7602604565165,255.7918816357137,318.2034102834243
"Lawrence County, Indiana",38.87073858,-86.34789005,0.1207599765237143,0.131170859792282,0.243344202851315,0.4295590227110616,0.7262935569191966,1.1825907354478873,1.8625171176115487,2.847434259277973,4.237640748993505,6.152683642310472,8.729304050930741,12.11560568417085,26.183335687924323,21.160542166865675,27.63325980923325,40.83209114936219,43.356834712252045,52.837532216512095,133.85419839769096,120.26298754580029,56.82687906650808,152.88229478812264,51.9684530468744,58.89195495545408,112.1381046833834,57.08693330187313
"McLean County, Kentucky",37.49153121,-87.22032662,0.0037881490336640566,0.0043585342363667,0.0086900710172779,0.017366780171761,0.0354153711514459,0.0736032370594353,0.153537126150646,0.3157684628578034,0.6318774137839206,1.2215937048867207,2.276077347217603,4.088518590067774,7.595122668512891,11.876400783251473,19.379424743152505,31.04867203942233,47.58073298419838,71.97375007768606,107.58928494470628,155.34064323941715,219.9049737563472,313.9309297401542,421.92538664995885,570.9035128567741,762.2006972988956,989.7015085732296
"Jessamine County, Kentucky",37.83050346,-84.51931615,0.038139671891304155,0.0432524692766753,0.0815969690911311,0.1469999892198087,0.2558927385226584,0.4347051901749271,0.7261484103258395,1.198711734799859,1.9602968000043823,3.176923499927128,5.09740969892432,8.084847558730585,13.16430364733101,19.488051697653525,29.62448319142463,44.616961596943504,65.24864356000165,94.62107056033594,162.0748202992933,208.36799861594343,254.869304698325,388.6367958895471,472.26022465286735,636.4328560429566,862.1944592149025,1091.50309361298
"San Diego, California",33.03174695,-116.7176058,35.54317887813213,19.56700338153327,28.06359081970645,39.29439537429446,53.76630216686053,71.9257853061969,94.07677872217256,1035.4876541977735,61.88637831005015,204.20541930138927,210.57776917427972,110.88067860509048,672.8189703505832,150.0345735330914,193.17401631104224,543.0256949300631,262.4182685639797,317.70065378448203,924.006694304442,799.0154169174643,289.99269682131285,742.7121161455643,285.3572977213852,328.9210116592638,588.6519292564655,348.68460682750754
"Knott County, Kentucky",37.37099172,-82.8503912,0.0013935495446877012,0.0016218273012218,0.0031345362379331,0.0057838779659138,0.0103044874361762,0.0178967126625812,0.0305228405086156,0.0513556151104793,0.0854233563172366,0.1404969706686744,0.2282628502116608,0.3658218209960892,0.7627432999006509,0.8834171746091226,1.35484098502624,2.147392378600756,3.01185084562604,4.391651769489097,6.569462478526879,9.0758250517887,12.276459191489169,19.596162390250864,22.21458671107158,29.876053667275777,40.96411367679802,50.92679376606713
"Cuyahoga County, Ohio",41.28166353,-81.83937601,2.801849297660802,1.693572810702162,2.4952107709434688,3.579547639944169,5.008854741473357,6.844307468771972,9.13821807237051,12.179331564575277,15.177648300025425,93.50178578286588,85.37914086420776,8.777805100359501,43.68320269688565,13.803695867302064,18.6374094472604,42.80983002590801,30.20474753423208,39.300633421136354,75.40963252371526,80.49891123988408,70.86115791331208,156.09499057602483,97.82221197972082,126.27478221847468,196.22016058709124,192.23459838602068
"Delaware County, Ohio",40.17734323,-82.81856565,9.35029768280101,5.325291652788632,7.675728584166801,10.771685015234173,14.73604458637667,19.66346715760507,25.591828381207428,143.26843170029633,29.40332331769921,192.0881125053997,173.40488581405288,10.78701483994112,86.14235450097628,13.405188648062412,17.798042223407627,64.14578615134666,24.913892578809605,32.307343990566515,69.97066971202734,71.28602912464109,54.82314381289502,110.96228887330456,79.32999626191537,101.988361640667,150.95338464369306,154.80142681807402
"Greene County, Ohio",39.78941957,-83.9413805,1.2784318772661065,0.7387747412426459,1.071402915676703,1.513999917411134,2.088721304238166,2.817872507760905,3.722954617871712,17.02109018942918,4.965120216879668,29.938650502707368,27.80903317996268,4.40022634009075,22.480267731418834,9.212178905344375,14.295983014389646,30.718158672052112,31.510548925350754,46.72777188038275,71.04261604311225,99.29801544660896,135.71723106525627,196.45195320480093,254.82224645809487,342.7239616383245,457.6018270298465,587.6215529302914
"Clermont County, Ohio",39.20877458,-84.23150769,0.879453359877681,0.5414500107882567,0.8102747412266073,1.1866349512055414,1.704715192699204,2.4068084559219707,3.344656325594696,4.581271466312586,6.193815687674399,31.252691657045887,30.17109448883522,8.688062773566687,30.61976404147606,17.0848813410637,24.62281998084573,45.080133690369415,47.44026209491167,65.45522742438718,92.9250455593898,121.49919267533984,154.92625949733323,207.7295605532208,256.50058040583474,324.5548380072815,408.71090305983176,498.95075996128855
"Allegheny County, Pennsylvania",40.37731547,-79.86635294,5.69086692362892,3.4030764527536745,4.9823185051583785,7.096206849035921,9.849105302307224,13.334480204325372,17.616821875429284,26.44108745128329,28.17923124855419,184.07927834257688,166.22901400586727,10.520716537915751,87.46584069524603,13.242654151832031,17.986416462505716,65.88915605601443,26.853139877912053,36.1530119734415,71.48964416728795,78.93028626497775,74.13956379163753,127.66994341587302,121.59503545344243,159.45214970233906,221.848823776912,257.93772418581807
"Upshur County, West Virginia",38.8763551,-80.19443111,0.22430420250679264,0.1940080621396742,0.3268728586060784,0.5307235029398771,0.8345908611932791,1.276529534061789,1.905823356852783,2.7855374155385344,3.995272360264439,5.633843734016008,7.821499200877998,10.701288135362592,92.6407499611007,13.35023302055445,18.35815321107406,69.54142152245043,28.2379734528488,38.90925884596834,81.83925177121353,90.89358994007672,85.65234212418173,137.1514721642658,152.78691896877427,204.49713488730097,280.0611999762616,345.55346078725904
"Boone County, West Virginia",38.05258266,-81.7519919,0.022951376923587286,0.0194831296297673,0.0325882668614707,0.052753592852966,0.0833168147800444,0.1293808778427386,0.1989268313629518,0.3045128668115617,0.465728877725409,0.7125822659510131,1.08999753269072,1.6636270608491532,11.013897555710082,3.1741337918414345,4.946437533543202,12.409384480424984,10.805413911908865,16.194040641820944,25.860712636628115,35.72013210809121,47.96206247277955,68.31289298102229,92.11835892650062,124.6552512589056,166.34073455609223,216.1551267681105
"Wythe County, Virginia",37.06277512,-80.92007066,0.026852942473730088,0.0251710724278767,0.0442827232637215,0.0752125485327909,0.124254341943086,0.2010548277710987,0.3205434890309427,0.5058127688359159,0.7922103265404974,1.232904249418922,1.9061717009966967,2.924647682831744,12.143202257242102,6.112401934685265,9.270057751734536,18.230402998011204,19.82719669861688,28.89659614194192,46.40849687431396,61.86753646394717,79.7349387255534,122.25771464536408,146.8113144363665,197.55932362328696,267.87937045762374,337.92749950238203
"Clinton County, Pennsylvania",41.3405889,-78.01141702,0.6641289876823355,0.4024466521270657,0.5932760931106369,0.8511835897221824,1.1905765202092882,1.625232567859573,2.1662034724399333,3.875825495466109,3.4778046485226537,20.481207020689087,18.73729965308273,2.12273365659212,21.559696420682364,2.0731714089612834,2.648847770455763,14.027900153847131,2.741156044167009,3.3764355537089474,7.596993550206373,7.135125504612873,4.213514819314662,11.337759745552049,4.014228095239641,4.660952864455691,8.763884301468796,4.961555899612792
"Lander County, Nevada",39.59882101,-116.7842291,6.529824470040449,3.9737442397858698,5.8945514053944885,8.531099572621773,12.068296991297874,16.706159404925405,22.64570081400332,33.5458002533849,38.77470526067789,220.55637340465483,204.8981408794704,33.2179580839795,100.66140531991806,58.04473083517262,77.567237477633,132.67451597648,126.11178817325234,158.34153314319175,278.093451566082,288.41100685266105,240.86656472395217,477.5813912456204,263.48448366467187,290.94159648597974,417.9136461484817,290.7678887301178
"Franklin County, Pennsylvania",39.90665131,-77.895377,0.49976814937841096,0.2993631678257957,0.4398406145238377,0.6290945054236275,0.8773281603925572,1.1941377338978658,1.5869635456363762,4.658578283956873,2.355659023244502,13.382469042426353,12.29546430920374,1.60003751174757,18.029268713370712,1.379323873229076,1.7431859255346946,11.255780700877482,1.492521606549959,1.8318182652826016,4.815790912124426,4.330166658450118,2.0323469545444697,5.0095203471243615,2.1851208303023752,2.601981673711526,4.442794902922969,3.128522177386396
"Allegany County, Maryland",39.55126096,-79.01946377,4.4050260450044325,2.7847063507152257,4.187499598756662,6.132776816471754,8.76380362193187,12.235355527917438,16.70235395256005,22.30259023251045,29.13374990027722,143.22199630665287,135.15709807171854,30.4818014558186,210.67233212421792,38.13926445523453,48.50943843238679,157.5525754963667,61.031482197647584,72.5820372474075,254.0734363406968,208.1377857847208,42.58183464807538,95.0626197952681,42.305791174661536,45.97546328238977,73.08319348183082,41.24601157458129
"Centre County, Pennsylvania",40.92107394,-77.39607808,26.27221198685512,15.450332683022372,22.47378191289957,31.80212293186581,43.84910808958784,58.95973068944255,77.32543630176633,162.87625712272248,116.97589429702376,809.4642707506771,725.9630676023405,26.56601983375284,109.25108978990272,46.28377943515039,64.24322499893742,128.9218335961361,113.74785996971102,152.67479989767742,290.998408157977,324.3759377508472,312.1264439588246,542.8017771396147,500.83301012011015,652.159887214246,908.461052488844,1039.7491910514375
"Anne Arundel County, Maryland",39.07725918,-76.76367486,16.705284875565816,10.997167756211718,17.15071073785805,26.27249120948282,39.56603592902552,58.59963078097172,85.36247848683334,137.84269082775992,170.9200684252343,625.0942376516332,648.9585615091825,341.2187676001201,852.5239477253753,629.157587946762,851.1979392035456,1341.009368888755,1437.5337159271169,1829.224630171161,3228.7172010534746,3404.9698292844755,2946.4429143876364,4047.299099549103,3808.1935972097554,4233.3275597895645,4875.670142771421,4675.053260984805
"Accomack County, Virginia",37.81184868,-75.60492375,0.22751052759531498,0.242182967697872,0.4399155217365727,0.7595982875166595,1.2561980029139546,2.00137187112404,3.085805857126616,4.620744710636798,6.737882473812354,9.58636622778305,13.325165520474938,18.108563375122813,24.2995913915596,31.22989074032693,39.59354274998288,49.05421704620059,58.74300541020314,68.38217688832557,285.16866703541064,223.3339534287749,14.971015538032232,53.06073290540403,8.173756445810037,8.248021055061669,27.48124256241143,0.9876194575229312
"Kent County, Delaware",39.04284209,-75.53282965,7.490724431459387,4.4688719124861525,6.540393178332455,9.313889617583218,12.927395829038227,17.505568145676378,23.136637409555128,37.92239691927002,36.7640459510427,240.9291203801302,217.71170733286672,14.1486832617822,71.03062150017945,22.29380158479536,30.27146350667684,69.97832658827879,50.03275238804149,66.02860240104945,158.4717090835017,159.84995782406017,117.52263502029972,205.903255158526,195.93831444294784,259.4162149428568,364.4112775827842,426.842978003966
"Mercer County, New Jersey",40.24746962,-74.6629847,176.24820016117383,105.11472797341392,153.80767613644545,218.9622327361744,303.76747489309446,411.038476222324,542.6242849196699,941.5084226622243,853.0083216092191,5577.776550101599,5031.918140164735,301.8210033263344,2181.209911737052,373.2821480392181,477.48598383615257,1613.9967207485956,603.4568799754875,725.4814479411529,2126.68564422097,1820.473938131872,613.6458554522259,1684.6516544531198,521.3124749355869,570.427925712312,1134.6961442601587,463.8231347362006
"Madison County, New York",43.01255158,-75.57684419,18.79890813826981,11.997357912888518,18.19189162431432,26.904610351769595,38.87577296523083,54.951001089650966,76.05028223872998,130.8840290417871,134.35476561408942,600.0198829345525,579.8914792447516,177.2497008936574,867.546005004411,262.9147138991008,342.06334603253686,795.0384065538224,499.25733448921966,612.712774394451,1628.9301328790796,1461.3227388320954,676.190743231119,1708.673375449183,729.95107446771,880.7229609360259,1531.5396723222466,1094.0965319039742
"Suffolk County, New York",40.80291312,-73.25855327,12.199217750349293,7.333029460062635,10.824185624694309,15.575177841516032,21.88186200657477,30.045533895109312,40.34059539748569,114.47329607669782,62.07119992191976,343.93563667846433,319.2324899637255,51.91991951107181,214.09104893380584,80.11070522842788,103.72407508755823,213.6733974342075,152.1486847805364,184.11341703860208,501.1432577729551,439.088957953207,177.11023309107114,487.4656942314349,154.49214127485126,172.2606804106278,339.9473299818642,153.04123355659846
"Orange County, Vermont",44.03042544,-72.66603564,3.778937667726798,2.457804910643043,3.74923484675253,5.5723353543219805,8.083809664963317,11.461800278386589,15.898299292532723,23.197025547862545,28.544553507583984,121.61351323380096,118.06911890704038,38.36424854434095,227.97934520623025,51.30115871460626,65.29468014035186,182.3046167027458,85.81570958450743,101.70283246055232,349.1741702113259,286.0602938944848,59.31731450599803,178.16997209430104,44.7594573686001,48.22497151296453,109.95730139258276,32.46831745423643
"Clark County, Nevada",36.23284216,-115.0174041,67.78009069879289,40.7874634720076,60.30289713781719,86.9110769809343,122.29155162631196,168.16143110165768,226.0975573396077,833.7741727345201,330.4293521823392,1668.868057442264,1569.1443978991306,331.8926645240984,1770.8317937437623,460.5253011679529,585.9097721123612,1488.0386322398156,787.9527744715668,933.0916742143744,3504.713242973682,2829.5937680223187,450.4955601432101,1076.9600544763834,473.6119757091161,549.5840266494663,919.439404086511,614.5108887405113
"Grafton County, New Hampshire",43.71401219,-71.56225601,0.15381227928662872,0.1569279234905259,0.2827549315749305,0.4864754486507113,0.8042519879840867,1.284200924496408,1.9888157863680165,2.9973416621009457,4.407719028799326,6.337471996679588,8.922620293913692,12.31339916909578,34.46684199368475,20.787475352944256,27.233790189754927,45.13198002698593,42.82931330839574,53.00500649083885,158.3778778683445,139.83854744985547,57.388821889974174,119.41111005129032,79.2581862734589,100.77682632288598,151.6847645901088,149.7477379786387
"Worcester County, Massachusetts",42.31304362,-71.90533052,47.066709634271305,30.553545752989585,46.56172860034005,69.13131812932939,100.18308249057095,141.89610605352718,196.61349786326647,329.3783757480229,348.1628063858435,1444.0634943027596,1407.6969650984554,478.9622200027754,3504.467914146742,585.579124839381,747.1397041752172,2570.8823279522658,932.3139578843416,1117.5952892210232,3392.4490657274864,2876.949469057289,891.7716584145273,2706.8742139974947,718.904461033325,815.6594199339886,1811.942798775551,724.2923908524958
"Capitol Region COG, Connecticut",41.60246114,-72.75108047,6.844862233818221,4.520584868796885,6.990604359137993,10.56341400214484,15.62157556502776,22.63357648994352,32.154634416305214,56.428589696862886,60.20824485654924,224.15682500428665,227.05014614617284,104.32792225100494,460.4228903974296,163.46362058013474,215.2864950032099,459.4289672628556,328.02501411481893,407.0737127041416,918.159645556278,868.3936877288445,524.4729074559991,1012.738694902659,597.1261209854802,670.4691450998399,947.5394962403036,717.5914113030635
"Kent County, Rhode Island",41.66667273,-71.59672773,0.1578977466303893,0.1636551335643012,0.3021616792504495,0.5336585511858692,0.9055551742435752,1.4823088975157714,2.348951632077394,3.6144361969122953,5.414249848367162,7.911422049133301,11.294638070622272,15.771692206942506,58.46481249028128,26.07131651331845,34.517794462719245,65.74335586867942,54.05857897773935,67.14612760463491,106.89452214525885,112.89233298207182,100.44660311455448,271.215840462269,85.58664941623154,92.83493478726564,181.7147793641333,73.17284131802833
"Piscataquis County, Maine",45.39211237,-69.24794622,1.2064455976867285,0.742823632202225,1.111620439076984,1.6229737127712944,2.315626226925186,3.2326450696165496,4.419406817401222,18.20245830458788,6.589717843598812,25.71030259264996,25.44296374143334,9.949521370869252,80.4672562394292,12.004819420873025,15.732301241868896,58.59870708006993,20.917115961884907,26.56467595995728,64.03293782792926,61.46857318158504,38.63261204756782,80.21055851810446,52.99136889176164,66.93670209520586,100.15099337232375,97.07107258900794
"Kootenai County, Idaho",47.64818073,-116.6294762,0.005188997218516603,0.0056755719679972,0.0106626079590345,0.0190857311816654,0.0327386378534079,0.0540876188702898,0.0864318127808552,0.1340716255222587,0.2024689748705653,0.2983710568465353,0.429853268771988,0.6062176601029262,1.562572196990718,1.0801776438481938,1.4426758373717066,2.3017117136559664,2.3722876601619225,2.9868702563767724,5.642568554886229,5.755302805593988,4.555238355234539,10.496444028580516,5.076391002675317,5.996237175783636,9.6897029731731,7.18360326549682
"Custer County, Idaho",44.43004937,-115.2177288,0.37817403081321743,0.4128967281005499,0.7602616130867661,1.329452982162927,2.2247650722947308,3.5842406894789662,5.585518898595772,8.450783582212892,12.44944103569254,17.896385249665578,25.142746135448355,34.55498730210548,47.81059208669975,61.07348695071328,78.62565001363623,99.64586280687024,121.21977727006887,144.78986590171985,486.50318604629393,403.6101113472335,97.85485172916503,282.8017388833442,90.46828455420366,107.55641358951956,216.349468279586,119.97523488226274
"Bingham County, Idaho",43.02868119,-112.4327899,0.027095655438093252,0.0393997532145462,0.0830790760255771,0.1631080119443953,0.301761280857544,0.5311350810115038,0.8961792321004465,1.4583108040801227,2.2995582275659494,3.527048487198016,5.27743874403863,7.720594070541266,11.734934569644496,15.487789610506038,21.35717032498329,29.29075466001328,38.36033728764893,50.03523920712299,66.37949061225785,82.01571060205652,98.37063145907574,199.517849688164,124.4069920417666,150.619937711125,222.52731919820047,199.7970673868951
"Missoula County, Montana",46.82138594,-113.6065082,0.006687739734459758,0.0066680198926898,0.0119461199107193,0.0204740848736663,0.0337574972931597,0.0537953436149633,0.0831744797289976,0.125157609438815,0.1837475038020818,0.263700131106001,0.370447326848406,0.5098778627169559,1.863003585920625,0.8215868114094762,1.0755560868172926,2.0494033520003168,1.6522783581798466,2.0416936862634456,5.445669757669993,4.9253126210655775,2.3714511673355765,5.785401009569271,2.7887860344986106,3.461614054550893,5.79411335166566,4.699985707135771
"Judith Basin County, Montana",47.2494843,-110.2231123,0.012365808718843466,0.0151221736425021,0.0295524820285504,0.0544421202744656,0.0953478174575922,0.1598602208270575,0.2580344313782789,0.4028098751075249,0.6103582499365734,0.9002582749533576,1.2953407246996718,1.8209778713558489,3.548034142839809,3.2890202183022472,4.338915738227322,6.191276953860152,6.975954177736551,8.574419017512655,13.011164533627555,13.750300302049205,12.404062556888412,42.11795304487909,7.827717348665517,8.357563645427492,23.793370857018616,4.033379631233975
"Valley County, Montana",47.83744486,-106.8433126,0.00017734275809076826,0.0001766286281758,0.0003161470842489,0.0005412837238997,0.0008914846356966,0.0014189721419052,0.0021910882395741,0.0032923982520006,0.004826079554736,0.0069138541230672,0.0096934069278483,0.0133119255129668,0.0488305423691376,0.0213014758246371,0.0277851544442384,0.0531121994649305,0.042236938038538,0.0518789021324881,0.1423864590634933,0.1269897777159427,0.0565080878203364,0.142952613479242,0.0635569202356703,0.0783135857887043,0.1352956781621281,0.1032123589514457
"Lewis County, Washington",46.60869095,-121.4945952,0.5555840610821383,0.3383936971194534,0.5003075498094419,0.7202982808173178,1.0116733524598331,1.3878491652577825,1.860882137423347,2.4394730027952702,3.1266302157606107,18.523370194560687,17.01202645281065,2.1140332433179814,11.153997138216557,3.2185453686970504,4.316785307388314,10.417044049364796,6.832784180098265,8.844255744400735,20.32464380949765,20.2864553524596,14.580319056660942,28.071922929462858,21.889188059375904,28.31110107151329,41.073283972785134,44.0812701117394
"Musselshell County, Montana",46.4465773,-108.0131914,0.004612554969913587,0.005206420841256,0.0098606152438484,0.0177210250018882,0.0304272446489363,0.0502031956290637,0.0799789293800089,0.1235090175503167,0.185469513919795,0.2715039179287443,0.3881731398224445,0.5427460571553472,1.296067927139673,0.9536125407328766,1.2563948820527224,1.9348411985207936,2.002278115547908,2.4672171838640784,4.46319438004621,4.471035769834855,3.4147565276997582,10.804066154690274,2.610867522288306,2.960390717285852,6.998968314401969,2.504348481016686
"Fremont County, Wyoming",43.04388094,-109.277895,0.04267080527594873,0.0606649888392268,0.1246938258363315,0.2384160531916251,0.4295069229290145,0.7361140248884528,1.2091406353144758,1.9145032359783745,2.935064204754818,4.371737362211315,6.342972741627196,8.98144202298654,12.793661393009872,16.78132252205184,22.197510081712068,28.89837649733272,36.15892570280617,44.42333930903615,53.52420512424785,61.60039092945346,68.06539205281169,242.83888167142044,36.24735825323928,36.17977741900987,124.05778263565531,1.7084363943658674
"Johnson County, Wyoming",44.32489043,-106.7112461,0.0003137383930624662,0.0003161176431803,0.0005733962229174,0.0009968560382202,0.0016705042731673,0.0027120826913494,0.0042846535146325,0.0066115716946364,0.0099951438745199,0.0148388611618828,0.021672529315773,0.0311789834243688,0.1129318612523106,0.05670113241044,0.0793224638851776,0.1486186962068524,0.14429854548535,0.1950674500248461,0.3443808887053751,0.3997862109954351,0.4188098911350966,0.7853127573039385,0.6620542187297372,0.8696619307465646,1.251533229682927,1.4016265837911015
"Crook County, Wyoming",44.24892369,-105.0387513,0.00057546203415017,0.0005729124561773,0.0010436124235893,0.0018515628518715,0.0032420315495737,0.0056611583672225,0.0099116172868119,0.0173958256112975,0.0304740065124673,0.0529662967758347,0.0908292613217676,0.153037537671827,0.3834713562320928,0.3986181376311292,0.6345047958977696,1.061918687005837,1.4948380619911228,2.2344392757887865,3.435651946736085,4.821723302086964,6.611792492137523,9.57207279513737,12.55627999958738,16.957139035789925,22.692633322359946,29.278806306959247
"Albany County, Wyoming",42.22317644,-105.8451005,0.0027498194328606862,0.0027106451019938,0.0048652048460292,0.0083708315690357,0.0138729594179564,0.0222384074634766,0.0346019848442492,0.0524126545771559,0.0774726034207951,0.1119584174099938,0.1584084986883439,0.2196556993108774,0.94497523840771,0.3498079555009225,0.4639705833751603,0.9718583418980652,0.7251299068285676,0.912770455063922,1.843857146511986,1.843362468019645,1.3654459719678431,3.3437905275888165,1.5478071307400314,1.8896403241520483,3.186430500509285,2.45036100748279
"Sanpete County, Utah",39.1005072,-111.9317099,3.0676833505974086,3.113607767295017,5.588400398898594,9.570523304827812,15.738900287024784,24.981298925835542,38.42547945734432,57.46148134821633,83.74533557589744,126.02820004023278,171.51597193076788,223.9097135505753,355.8306582676564,385.1584178137999,491.2175297395124,643.8593316456835,736.7394983439289,867.5099161712302,3489.5069010244983,2774.2582852445607,307.9590264739599,566.0612332552286,372.71976856689287,427.8313847806888,588.3699475163182,497.55772657000136
"Duchesne County, Utah",40.52141335,-110.3182862,0.032387031720815404,0.0355106922294242,0.0669516242740007,0.1204560478620017,0.2079026378620652,0.3458245076331085,0.5565966601352701,0.8697203808737665,1.3231073135062743,1.9641885798438472,2.8505686020028294,4.049813446657954,8.867584838129972,7.452531424173165,10.01514361743119,15.03854296652062,16.828157813820493,21.341981794174423,45.242678869321125,44.8666031396027,32.04953511036912,50.64885507289171,43.10643435980525,50.602311408403565,64.68589393754809,64.34168401389732
"Mohave County, Arizona",35.72391313,-113.7436192,4.062781713557906,2.463851621902279,3.64221798060705,5.246294932527608,7.376600405491493,10.137052490342535,13.62586690637242,21.605494767833868,22.72348701001436,133.78216694319076,123.38555099252238,16.96983558699964,52.35714118993852,30.2686654104593,41.27330444623349,71.81071287724995,71.41872196346044,93.61001163881514,191.91984049621536,202.29091343756943,171.12550120303746,360.35441858507846,252.370528606456,330.8491449160552,501.7832493014383,523.8295759672469
"Gila County, Arizona",34.1838784,-111.6056914,156.04707026834885,93.98188511656956,138.0743030833612,197.3623994756743,274.9343803331868,373.61910674679024,495.4664288945613,747.5106497508572,798.3408508270105,5022.674055768372,4553.080083058026,357.857792052643,2873.320164171334,409.2078504482193,517.749218086897,2011.5280507259447,601.7537203777015,712.8725307516535,2505.676546297629,2044.066298046724,395.6947253929619,1115.9916632263346,324.15118813280264,352.32666847314977,728.7596316029984,269.1489346300162
"Apache County, Arizona",35.34591005,-109.516242,0.6811509022841262,0.4259255776238119,0.6358294451606475,0.9235132894342598,1.30757741283096,1.807018313644407,2.4391475958431346,3.4978472374082656,4.116199655848405,21.08835852997321,19.6620737767436,3.651851634661216,44.02449165636875,2.8318792241790005,3.5261935361403016,26.7153615001399,2.336864666017275,2.7920993965250407,8.545850082087506,7.208623778194659,2.13118136656419,6.818321022260784,1.5520806698227303,1.7226800770618114,4.230690147599678,1.2758015685965218
"Ferry County, Washington",47.92035993,-118.472439,0.3453168834434553,0.2324953462271203,0.3627794272005479,0.5527230199188358,0.8233551854383584,1.200426159662695,1.7144425042159743,3.048044012925772,3.2337192950502303,11.283038665386137,11.582072564512227,5.8464145825058,25.55592849991356,9.028915457653094,11.78703542141118,25.13454814542873,17.563206024933976,21.52606561381193,46.38002361903101,43.78087967192108,26.65007477701527,80.32090860217244,21.870446011649108,24.9563525807784,54.63206744470258,22.91325192609529
"Pima County, Arizona",32.04276153,-111.6857101,17.55537731878588,10.702604676788244,15.833568176704686,22.803452364505176,32.02702207213809,43.91571007770547,58.82689483051941,121.02499519489976,94.1904528003622,522.34152335453,482.5554947018098,72.00608642677322,662.830555545513,77.7710276709228,100.81086034910363,452.42758122453097,121.1494784186885,153.62693302002043,422.7411019326221,391.6471298709458,208.8107318313453,426.1001531901561,314.3518591442383,412.41534396874016,615.9588847557674,656.5561294638418
"Valencia County, New Mexico",34.6249543,-106.5737299,30.827837060914526,17.819231275898684,25.860548791420232,36.554649917692,50.394831538543016,67.80633641069613,89.05350715193684,452.0744974889169,109.9433770171952,655.7681874061182,599.2082869022635,64.85500223330106,554.6176873021279,72.52159447213272,92.73019532766438,383.7740785087088,108.99938318689436,132.44983158494958,368.00344860916266,322.8909556680167,130.55632657739088,354.4742178131785,126.28940324659776,148.65572572558432,280.35040871270667,165.57118649847365
"Pennington County, South Dakota",44.05773319,-103.324472,0.03973699404362298,0.0347971974686457,0.0589292961998732,0.0960551851159293,0.1513880639089904,0.2315374518907287,0.3446322077427099,0.5003308262876973,0.7096333152244885,0.9843773940966531,1.3362741248448144,1.7753304042912623,15.54610573488109,1.9372882919603376,2.4661787459327886,10.612089335068331,2.81009206818872,3.3951944377256265,10.273545869360063,8.800612690335944,2.9517192176287685,8.19362122039403,2.8962342121333844,3.4761256537374803,6.642089223894921,4.0903446206683975
"Grand County, Colorado",40.03368077,-105.8666298,22.002436178807542,13.27636908958478,19.55954656119493,28.059541332302945,39.26253892901068,53.641450839028415,71.59025131334778,124.83645320399252,115.78396135577889,700.0356304415262,639.9567660028829,69.15164198223569,347.60259597036423,101.6719747338648,132.22760411930972,313.80077516042473,192.0284440769708,235.65631848393252,627.3841084309257,562.6149942989646,259.7265175141414,654.9367895866188,280.8533269590196,338.8764772414732,588.2407407165016,421.4063767648903
"Custer County, Colorado",38.1055194,-105.2752917,26.50047956666998,15.567683752093467,22.745918615136667,32.37634528487431,44.95925009254733,60.95780770076781,80.71949846588451,322.2088370590721,110.67114950974413,650.5875950868445,596.7642906514068,72.28774844192962,296.5475079897741,107.95056592132993,137.2464365558936,284.8491743447542,191.6311269591332,225.62193733141828,881.1665539463771,703.3382826929247,87.70907986234212,204.33178084208376,88.14775160354111,98.42679683038894,162.24127359558815,96.91108039372618
"Dawson County, Montana",47.1804594,-105.0375055,0.00162975119086038,0.0016367495496397,0.0029392539388495,0.0050460553418049,0.0083293250461245,0.0132817754142778,0.0205383523843167,0.0308953108963929,0.045322059909115,0.0649586198068975,0.091088485674253,0.1250736868158072,0.4365816085927613,0.2015183753863448,0.2622930111637098,0.4870805804396393,0.3977831274687852,0.4861882023356859,1.3403061629926798,1.1869327130866285,0.5075567205719175,1.345648244866571,0.5328460900758516,0.6474217190752667,1.1731837825608875,0.8067536225696103
"Mercer County, North Dakota",47.15958973,-102.0734343,0.1078168588176477,0.0928892033650747,0.1561691377202114,0.2530304457109112,0.3971153062091928,0.6063180612505037,0.9038727125770232,1.3196457905957495,1.891582391476892,2.6671932894112804,3.7049235570906505,5.075250718290485,44.85233852434271,6.306426415416842,8.725792640870816,33.603389627687186,13.596158946630494,18.91339931604512,39.15454225316105,44.24621879406914,43.213222523823134,68.47785417293831,78.21794464299515,105.09303318604807,143.72941501941514,178.91987926253634
"Eddy County, North Dakota",47.70645859,-99.03324693,0.13925125070043787,0.1201803976030591,0.2021398215193904,0.327461340883545,0.5133561257397108,0.7818135543866956,1.160299070342779,1.6822876232824986,2.3874231849027887,3.3210027688267814,4.532409357103973,6.072118517293059,56.68764447670528,6.655825289715882,8.769959313384657,39.13716157488973,11.20389198700546,14.67507562240299,36.73398654495433,36.27301970925253,24.85926932289282,45.44832610425925,41.0498452045596,54.57007045903384,77.96397785342853,90.1512820197324
"Hughes County, South Dakota",44.48283152,-99.79847762,0.21006202554471592,0.1811289514551234,0.3044359696140638,0.4926925133492613,0.7712706720948671,1.172077957228289,1.7340206379233003,2.502873518713641,3.5301285602846773,4.8702461879380055,6.575614502611834,8.688519181815934,84.68254976127706,8.665182634961313,10.987243908578776,55.47539818698066,11.402715878860892,13.829800719026393,43.572287875153485,37.2090225714228,12.01663921474351,31.186142913092823,13.594484377041814,16.975722725300127,29.826863511836244,23.025395358699427
"Morrill County, Nebraska",41.74325238,-102.6958257,0.024531225520197538,0.0210602449199015,0.0353345792606648,0.0570945733126796,0.089248663886226,0.1354444347116017,0.2001122849055763,0.2884355219340951,0.406196095721718,0.5594281699171523,0.7537984373392327,0.9936326143676028,10.02836505163246,0.954441166280509,1.204189521796085,6.4682420771201015,1.1762455529576994,1.4113982907064748,4.429619644503996,3.73814696406842,1.097830636951244,3.200346039963517,0.9805743954415368,1.149804262222704,2.359802516937662,1.2128288642991505
"Grant County, Washington",47.4129124,-119.5470861,0.07942465221953686,0.0468603583106452,0.0690409799025307,0.0998269215625592,0.1427655274153047,0.2039568040789918,0.2942773383043039,1.455779188359836,0.5544984012607237,1.9896974196512216,2.382441270576909,2.1355253814723287,6.01817255391282,5.819514188248584,9.460708414964657,16.34075024781299,22.974362617642868,34.76640636225597,52.9197258876575,75.72553579075868,106.04880123725978,149.96414854330908,204.3598448742277,276.6253265907976,368.5597574323824,480.0938235048146
"Valley County, Nebraska",41.52161835,-99.18350983,0.12163970948319194,0.1085418448359986,0.1856392308250916,0.3054608802091552,0.4857310198293331,0.7491269078108135,1.123790192559276,1.6434798727295437,2.3470809138368445,3.2770713070366067,4.476443720756462,5.983523341925387,46.81833426589311,7.071869089832124,9.03458614182374,33.493344533913074,11.019231390679142,13.255778495241415,35.31835384732505,30.878584295748688,12.402577723036028,40.92616820638127,8.432627105316502,9.203257296780476,24.24611609826684,5.770554548063356
"Cass County, Nebraska",40.93518639,-96.34583201,0.12328279365044473,0.1090557572662831,0.1856360935619228,0.3047120000273186,0.4854687083964839,0.7551890854101739,1.1530980268279034,1.7359243116351268,2.5855864943501725,3.819372221537375,5.602941182641851,8.16648452363364,50.77052115321088,14.07389509710745,20.809989357238624,52.60778395412696,41.22601025094059,59.670798441831394,109.78204271736564,136.3507181355211,157.79706615029846,233.2805752839431,297.3510344207536,401.52963775539325,540.1614582978447,692.4125317607992
"Beltrami County, Minnesota",48.02901973,-95.4795737,0.013304829221443056,0.0150302842458739,0.0285286947445287,0.0514540889856094,0.0888435007065498,0.1478133993279924,0.2382684232096952,0.3738116345260616,0.5728730553607453,0.8600463096575008,1.2675836529352185,1.8369493624635704,4.314182037288769,3.55428532032902,4.947488545802547,7.751913408957311,9.059329338798582,12.104834578929554,19.92970870274767,23.435604174694284,25.342873007331104,53.29018791690859,37.139089715776095,48.54672350398722,73.56533615275453,76.41638541759902
"Aitkin County, Minnesota",46.26358649,-93.66377494,1.2320140115877605,1.3965225528892533,2.6300985908497685,4.696048077606928,8.009037341727254,13.1261477302892,20.7737267047916,31.871440424316503,47.54829963971979,69.1423941190567,98.17209391174237,136.26186306369945,237.2651763146519,241.78977927088343,314.5067065672667,429.44380207201226,491.8237271056789,593.9303852715359,1436.948967187646,1289.755623576552,615.5470741353283,2015.653944476266,406.3820166205287,431.07869509705927,1153.0752390016548,217.26008183242124
"Lyon County, Minnesota",44.42138655,-95.74181715,0.08580689226617948,0.105117545842737,0.206312144559729,0.3817709243744531,0.6716446180127159,1.1313132684641845,1.835030999943248,2.879809035695915,4.389201896937547,6.516386601233986,9.44553713761827,13.390000598053064,28.99603214682847,24.491806100044226,32.76043800859337,48.86357252720093,54.3673628124015,68.35823518439828,91.20849538696054,105.6321719971506,115.51566158548822,350.42135983490385,99.80923342626669,117.86284401115132,253.2339091256934,124.27261034347494
"Sac County, Iowa",42.41935156,-95.02634463,0.06186993721829688,0.0560144206280432,0.0965854325861538,0.1603425024830677,0.257582409172439,0.4021721284553584,0.6125759340229768,0.9131153106783856,1.3354432129616394,1.9201646649495856,2.718482897959772,3.7937162460394735,24.26092494250645,5.665732816497425,7.837272834514462,21.558583761743364,13.146074348769298,17.853680639669875,35.2628266805019,39.41364252206346,37.94599961746116,66.66024914566992,63.449318069192834,84.14137157505985,118.3773489277091,138.85252232384045
"Rusk County, Wisconsin",45.46791696,-91.39624127,0.3395106407936326,0.2111709034607149,0.3175448953594612,0.4665321082823175,0.6707366614989175,0.9446568013820604,1.304204148326833,2.0897765053967863,2.3144907424550496,11.561440291082224,11.01696043043012,2.7626278982635366,7.9588424629975485,4.810363274700868,6.393130363142778,10.686671870293653,10.297953079033157,12.84524273918191,19.726856935626863,21.291557416610548,19.98225596557142,56.905031984432256,17.226703593588347,19.49065172746968,39.80051526003312,18.05226351089842
"Chaves County, New Mexico",33.48134861,-103.9155591,11.24138235398124,6.863813342213083,10.158865017762276,14.637031742671288,20.56484487964396,28.204526317242227,37.778928179085824,50.08782144728805,63.06053461350131,375.33564083377513,343.63575940260387,39.21578846750403,98.02796865227955,63.19500440060203,79.76727456649633,124.4739499425577,114.01630514542488,132.13256195886518,590.3783728312554,456.7901876900957,12.3465351790975,36.66074843881389,9.738486380056042,10.71516314806554,23.61886100877325,8.302800654689808
"Randall County, Texas",34.85870122,-101.7896096,0.5412348409487406,0.352943181131381,0.5390461909550962,0.802217571041543,1.1654645582140384,1.6551416754336132,2.299980876691672,3.265757465712534,4.157764705155328,17.46921944693918,17.021656766968274,5.737760421629466,37.1491675345064,7.530576799054736,9.681449431558136,29.030463709079108,12.896949220731296,15.62802551314496,44.84789288215441,38.970695912266144,14.69542984283273,42.330860040283206,13.858370926011208,16.620385626513166,33.1080056768754,19.142862952418565
"Texas County, Oklahoma",36.74873009,-101.5000045,0.00012218915924741048,0.0001186121446098,0.0002135333565972,0.0003703490611698,0.0006215222278036,0.0010132976637695,0.0016106415148669,0.0025036247795308,0.0038153958248691,0.0057117391703486,0.0084120141530165,0.0122010324677048,0.051834677609464,0.0220004428651519,0.0311411499570734,0.0630440726600014,0.0573774234304052,0.0784249311002149,0.1257053362529311,0.1539519707767268,0.1774872006093497,0.2918740097596566,0.2871513140444852,0.3715564599251065,0.5062096224138126,0.5893440394547323
"Wasco County, Oregon",44.87742596,-120.8593635,7.965165300830684,4.7391161511923245,6.972116746538069,10.002780703626971,14.0160771066217,19.19945972595216,25.72252429153093,82.44509935571008,38.50003496895668,218.4023603551674,202.3629425341117,31.32128625793625,88.40370405138782,53.120790731226045,69.59710870030719,115.3632874023694,108.65002815637934,133.311386357918,294.13439114839497,276.41419369383766,164.56599670540106,495.5434078309088,140.0049247744736,163.04044247423928,350.603816209999,163.35206112864844
"Cleveland County, Oklahoma",35.30086027,-97.47670229,0.02584723752431794,0.0318636081886677,0.0625303196923025,0.1159071374681114,0.204921573794153,0.348388950584957,0.5733815031978942,0.9184380366668689,1.4377647803526947,2.206519722782879,3.327176478852502,4.936829109499615,8.80939885325837,10.27268478945368,14.616662864193009,21.41348023860764,28.25644920152979,38.58747907779079,59.69225761711878,74.37242131648496,88.37593425623245,172.34504021819996,137.74403391372124,181.37739704133767,265.46789829488915,292.34212201369
"Rogers County, Oklahoma",36.28372003,-95.63163853,0.0015934076072011295,0.0016159399830889,0.0031130770765042,0.0061462239688114,0.0126185496719362,0.0266897257971816,0.0568013003372973,0.1188987901403392,0.2412381236102573,0.4711991687820918,0.8845564175499202,1.5976732357767147,3.1988288952119666,4.65765736796998,7.6255536880324835,12.372695045466903,18.7932662713923,28.47982003287772,42.53339371959833,61.56100362111945,87.36059018601786,123.19071112895789,168.14043985518725,227.4201842731568,302.661761549751,394.22219652883183
"Logan County, Kansas",38.7673038,-101.0284679,0.020376650305419637,0.0180356392255566,0.0306830101194554,0.0503587237246239,0.0803157568931838,0.1253084368105948,0.1923988472269817,0.292153278470091,0.4403311650864249,0.6601664312990594,0.9853378872394556,1.4637283368914389,8.391396520962756,2.7038045453413804,4.06512340213741,9.582663773829774,8.402769350286924,12.28320564059834,22.51220763672248,28.319659855260312,33.381815421074165,47.71514721033664,63.914426842681216,86.43085023806394,115.38877655569614,149.6737021655347
"McPherson County, Kansas",38.39197065,-97.48884753,0.23173262526327404,0.2013302185141794,0.3401900183653231,0.5540155350504663,0.8738953426763353,1.3407233999226666,2.007600120234303,2.942596345834315,4.231720207783756,5.9817813874435135,8.322721317853615,11.408961018112864,95.87824290258746,14.512868311459805,19.936299773899783,72.93025757904253,30.83086130455944,42.2632169579591,86.44122794893292,96.4165083456694,91.97856479630376,150.38982850266862,160.46708320066176,213.687687665076,293.90388854282617,357.3000257979772
"Caldwell County, Missouri",39.68010457,-93.93551551,0.6640822843001064,0.464937623548376,0.7313817086174382,1.119416031026866,1.6703675621171818,2.433925859877037,3.4676131559134853,5.644789083363006,6.524666535513383,19.54149690610564,20.517021240495133,12.10691814923664,96.08870328279168,14.126339904871982,18.00332598782866,68.15530847184544,21.62832540089,25.93322310361369,73.44224012141544,63.1476954439396,22.291926550607503,73.26032947523501,15.320158708501756,16.77408894953326,43.72086344306842,10.84996061615327
"Dade County, Missouri",37.39648815,-93.63067538,0.47085316010703626,0.3356806495312509,0.5295726017491911,0.8119138566135808,1.2130071497673154,1.7700857362826392,2.5279244722158976,3.59886509341258,4.858736377333276,13.440075471378142,14.47753119922454,9.71896910849562,96.80898527400817,10.640722731057783,14.448747346854857,67.19482248439165,19.96349608350159,27.461571357119507,49.405558541049984,58.27449110934542,62.52896054022146,112.98760547667656,104.37176639462164,139.01563749688495,197.84844563396845,230.72326128293693
"Johnson County, Arkansas",35.49289456,-93.59063588,0.015734708372408174,0.0165296907389684,0.0305010280751716,0.0537302538582394,0.0908531505710052,0.148161538953809,0.2339703094783914,0.358991554118126,0.5366707170922634,0.7834088791140661,1.1185552965638883,1.5640088903125997,5.07405543370637,2.659234897962488,3.53363421542463,6.272675890646672,5.6706587949627245,7.113907562216107,13.205542555775294,13.493877135246004,10.781931822618276,28.420548358034097,11.11261722591837,13.338898814222636,24.173764731429955,16.05689300961754
"Marion County, Texas",32.86217276,-94.5241288,0.2750996539116333,0.1526675044463454,0.2192210574444071,0.3076518860524396,0.4233752276896796,0.5736679870837093,0.7693310555509413,6.831940261199814,0.8166299444947437,3.485357703286102,3.763398657335439,2.332566721130214,5.505259002306218,6.199891315470753,9.917243651648198,16.42320461476985,23.582891929620068,35.357593708597186,55.874892427838205,77.61595816005537,104.97449698798782,149.7520385292783,201.3070770513024,272.3122995044748,363.4389923896189,471.86868501807015
"St. Landry Parish, Louisiana",30.84054963,-92.01150228,1.1929244700458106,0.754348713934294,1.1551354205043565,1.730548221877228,2.5391067261114464,3.651838003701539,5.152502673785273,32.47646670717211,7.264495968126474,11.579855211973417,15.209880559982166,18.65224256586854,118.5549783930658,25.207497776507427,32.82061769582989,95.31201772400344,45.83772576150352,56.81403298149005,161.93851154877814,144.49150501743114,63.59642317732399,107.62937358548078,88.24450350095617,106.9471848778523,143.3777194401007,146.22499357429183
"El Paso County, Texas",31.77308956,-106.2230818,0.32536325826981194,0.2176710802869651,0.3358631525458632,0.5048960674396722,0.741632828332105,1.067457279769313,1.5097029168319696,4.029996301551877,2.710042250726587,7.75909907574361,8.477551614307814,5.958055099411276,54.95707344724891,8.156271912483914,12.017580412572206,44.06916570359069,22.027477253768254,32.412140222119845,50.82779626867541,69.34621871072183,92.03188112743943,139.14736499008671,171.16986381649988,230.7388280859232,311.9529321419772,396.20378538632775
"Douglas County, Oregon",42.80834786,-122.7941288,1.5488617576476766,0.9560820417162268,1.4308536393779343,2.090620976586015,2.987096563850559,4.178333132716563,5.726122058479515,9.79724778571502,9.929041947502698,51.54642488018702,48.70568225748095,10.817582111738655,29.45733700761345,19.0163230575422,25.33334118218086,41.38113211834548,41.32644618899575,51.92889986523056,89.79926523079128,94.26401078202736,81.50665718294712,226.27981388266244,80.8886891375703,97.67861843831318,186.0393014630913,117.256094487577
"King County, Texas",33.42197646,-100.4747257,0.4516145648183617,0.4941137028870858,0.9368297551870414,1.6938688909421558,2.9352176078730183,4.897007311702134,7.897924461340543,12.45900947315683,18.79959025475581,29.67796196670579,41.97054705721114,57.04608405853377,84.60537927023515,108.07255438394692,144.61999492005734,192.5680217041645,243.2200804514912,305.8505729486224,642.1865770365464,631.4917312629875,441.03692099195007,805.318444425859,543.5793962975441,629.4922897061899,864.5479121092637,752.9379216811506
"Pecos County, Texas",30.79490767,-102.5121274,1.5434760686812268,1.6123903144053977,2.9870583397898143,5.288793690695651,8.991518506446765,14.74042126796354,23.38823089013989,36.09856184650645,54.0271889175923,82.0424273831247,115.50565429837556,157.28241057145607,440.7152300034643,272.36955893556507,360.161043588243,594.3243421552205,573.9895733073898,711.0727082167804,1353.7642250076242,1342.8701923255571,984.5629457859184,2500.04937184506,915.4526454212952,1014.901364204519,1829.2832199285365,927.9034403749888
"Ector County, Texas",31.77998214,-102.3887614,0.27113247936596885,0.3520495505221805,0.732697615705664,1.4318605699623512,2.645631476274981,4.6539803030365405,7.842917883883165,13.27394875532143,19.928175854427177,31.80269676109901,46.27973334195276,64.92932198067334,94.76951922820145,127.143037978243,172.31509043593462,230.10375881566907,296.1503446341511,375.3007995032674,469.4102796696135,562.3097074603269,651.6694860448087,1352.6336531530371,673.1624497098552,728.037272593399,1083.5285101520883,659.6668674929257
"Johnson County, Texas",32.37182664,-97.11815228,2.2452910181047034,1.5440321425683228,2.456177384041474,3.8308978601060826,5.861674660467311,8.801974950071234,12.97558083587655,20.50800199263956,26.560285024041622,86.08173324053136,92.12094539556108,57.32876477148076,145.19291941872626,104.20234258804928,140.32383655411937,222.4440706964092,235.0857452137811,298.559209600247,531.010912218569,558.8471567825451,481.807631977272,931.4567410308892,580.2904965119226,673.9416295741263,959.080419534081,801.7518777672117
"Hays County, Texas",30.14290618,-98.02819061,6.58568809225673,3.9108587689582,5.711633999893398,8.120003433033014,11.25936134451677,15.248690620435315,20.18929812337677,26.29445460537764,33.137935273948315,223.1622376407525,202.33701596890765,14.803056990542382,29.011264616416074,34.55878845943625,52.02666981811466,80.49101191510924,111.80894042241952,160.4511141439394,250.41327874170943,331.48889301179685,424.7536878764519,620.2990833351768,764.7321787118883,1013.7582765035182,1345.982630606229,1693.7069097701
"McMullen County, Texas",28.14593418,-98.36237296,12.28167410169512,7.166120632502988,10.462053063923756,14.886093263082463,20.67099725051945,28.03483090606945,37.146573853312844,198.30265342171185,46.2607741732106,244.3079880082676,227.5917009934371,40.79929089628878,260.66309011487044,52.26882421703877,66.10307384844917,199.79419617350143,83.7402682785071,98.7467407469496,411.53276858127856,326.26713978238183,32.7095999202836,57.74764497746621,48.40775478501561,61.06120924734605,84.66980323264369,91.0199738462463
"Tyler County, Texas",30.68456443,-94.49850005,0.4319088212557044,0.2595687499847303,0.3815174438098228,0.5466129528212641,0.7659091446513802,1.053197312459678,1.4267777018689494,1.972315052251289,2.544149312156223,15.036161737806102,14.28642314061802,3.270578226079907,7.31645792139004,8.572330492210792,13.613806572472884,22.24440630463453,32.040875974393046,47.829127608606086,76.42468077083797,105.04252892223978,140.26473617084284,200.6100784659685,268.08785348767105,362.3310341192554,483.6431038737542,626.8338938180309
"Brazoria County, Texas",29.5703565,-95.42461309,0.9831156155634069,0.6595034940349255,1.0292956817694592,1.5726231924304477,2.3585198029683148,3.4815747506000627,5.072770585515178,7.741514671877113,10.42633478964668,36.64836563379844,39.288354469706,24.35634184559897,70.70858139268336,50.69878048684888,74.34548666445369,127.18778985648898,151.0910982182776,213.4501928324744,369.85771195150807,457.9254469678987,531.1936646345245,824.2206735064779,945.4096283706943,1258.387623077842,1702.9612151851625,2109.4057740034777
"Blue Earth County, Minnesota",43.85294596,-93.84641518,0.09100152185354575,0.103558861061462,0.1954556634982247,0.3496255451033936,0.5971887962254476,0.9799647227940844,1.5524790806938795,2.383753702987148,3.558483852793548,5.176980542338458,7.352955258708901,10.207875044116747,18.306356329849688,18.074345591222805,23.511118048209084,32.407197932473174,36.71364803893111,44.31267435967212,103.19805014760163,93.4052354217048,46.92612339891188,159.5526577381287,28.42481366113791,29.48800724026618,86.90862538250848,10.006977092090091
"Chickasaw County, Iowa",42.91269261,-92.11168489,0.027679380753572715,0.0261693298527149,0.0458047704837372,0.0769139466342164,0.1245733004742148,0.1954934460611069,0.2983709311751136,0.4442566709292982,0.6468977539194845,0.9229789117514848,1.2921561004328666,1.7767475864670663,8.863892514019511,2.703928650997224,3.594300784434252,8.384274874681315,5.605556054444074,7.177827505539775,18.84345191172353,17.8776152942882,10.592583790603191,21.30266335190236,16.223449887368364,21.35920048524568,31.695518390823445,34.301307655727946
"Harney County, Oregon",43.19860125,-118.790355,1.634130116677009,1.047713623387345,1.5926064499479198,2.361541264465548,3.421786192197215,4.851038687533857,6.7351972104226565,9.53092009476887,12.192193540691587,56.06588456520179,54.055994661969855,15.941975240420486,28.17267500712128,28.104235871051287,36.5741781633266,50.37431091673559,57.671966063866336,70.3762378418472,237.93615535915305,201.58419040774373,59.33564516330575,95.6320841370474,88.01994018319638,109.11446699866704,144.59880188165454,158.03190190624406
"Poweshiek County, Iowa",41.53491879,-92.68514792,0.15312207135450678,0.1394632224088891,0.2409063978697589,0.4001080406435193,0.6418094708160845,0.9980095710085812,1.5088970795982848,2.223375149770592,3.198805452416903,4.499441056482907,6.192854942782419,8.343561889658135,56.97211199086421,10.742440546677914,13.837978240191132,43.62193212361546,18.249500099445427,22.167432822244976,55.983013411081,50.15695342218625,23.41612979016778,70.39705812846537,19.297059572124454,22.034066101784813,48.03468736663938,20.32603619936793
"Knox County, Missouri",39.96993092,-92.01395166,0.08262290271898007,0.0591853772844373,0.0939602730702349,0.144957334772029,0.2178095157090671,0.3193650911499372,0.4576878097229367,1.05956886995495,0.8417038151116331,2.0030785485649862,2.239817999405267,1.769333240149663,13.851003508709242,2.0845313931210216,2.6682920545629867,9.922175613645956,3.307928671065946,4.047638054298023,14.47332323941261,12.189250809490105,3.3413362265360766,6.30600358860315,5.368537065329476,7.105645158239615,10.268440927509278,11.608270918405694
"Franklin County, Missouri",38.4997353,-91.3675038,0.9826559022484177,0.6645131507170068,1.0258413904913046,1.5400500519943203,2.25336778655638,3.218888072635481,4.494615781254415,6.574517135429839,8.167435944483698,28.33164674909268,28.46334150244937,12.827948804394932,143.07968421845075,11.115589276359016,13.996242247648576,89.36507232284535,11.892976649174935,14.430565224165678,40.73239334711638,35.57163837364301,13.917332522970176,39.72542876918182,13.175315519044858,15.753343449912686,31.119284005339857,18.051843148342705
"Iron County, Missouri",37.67809039,-91.06236394,0.06775688177834047,0.051183768155538,0.0829472794234144,0.130378146511286,0.19925181749911,0.2967013054048545,0.4312607500752413,0.6127817982777536,0.8521581396873465,2.167241638673611,2.391275252311761,1.7776712421874243,8.461423014456386,2.5400261202254963,3.224495892206938,7.488195845032704,4.407090371510555,5.2120529826497215,21.86459999766653,17.37371342923178,1.840548304457788,3.4751130956707104,2.947629962070765,3.89681269889392,5.630806330538147,6.351181288511483
"Iron County, Michigan",46.39589899,-88.25976999,0.007901350540795299,0.0071026763570198,0.0121641528992498,0.0200265819784516,0.0318452463878584,0.049095445173809,0.0736051450002599,0.1075645135196329,0.1534937346092282,0.2141431593870179,0.2922927793643172,0.3904143616316566,2.8637654283470684,0.4748787935685535,0.6047428583292926,2.093268785322786,0.7492034180275988,0.8959236280680831,2.8594980638933305,2.396742857442306,0.658152968012547,2.02180981734964,0.5467928591864303,0.6372588446219046,1.408912769673999,0.6330139380196889
"Langlade County, Wisconsin",45.19646292,-88.88363925,0.18414938672044653,0.1115943829461292,0.1648205420584307,0.2371304494741706,0.3329665081373276,0.4569371208519125,0.6134684836982955,1.2240035505599731,0.9980425625131948,5.668404000872135,5.256628896908526,0.8321356888589666,5.340218281076135,1.2909943388335945,1.8228739540164025,4.925180888253984,3.2221788564448803,4.4719228486913,7.8180341411168675,9.43902076240762,10.545167925497037,18.532192248462007,17.88227010840464,23.84202607039945,33.60427362099943,39.7358642960246
"Waushara County, Wisconsin",44.06230241,-89.11741448,0.3736074436685349,0.2280452207461719,0.3379945262401501,0.4884715373833193,0.6901313275561716,0.9554624072711824,1.2992589534114278,1.773667309727201,2.2962555419779944,12.791586349684284,12.096851103428076,2.654730444083068,9.934242546111262,5.651308798079015,8.54654971767744,16.082801490516015,18.253511763344875,26.4956102729528,42.07056575639196,56.104607974154085,72.42462462717096,111.34979629564648,132.2654549511985,177.5244841880973,240.5942646987118,302.2434063228218
"Richland County, Wisconsin",43.41560313,-90.49937312,0.13178139537313147,0.0823561442248873,0.1238970878596149,0.1821622687881954,0.2624547369908449,0.3714965728183831,0.5179291451807946,0.7131047594862224,0.9723293630997544,4.685194082037472,4.593230960249206,1.5566736463670567,5.00107535544621,3.2793425216584846,4.868198903444228,8.637183317981517,10.083370248919133,14.386572339111128,22.16683745691341,29.34121569556944,37.66918959606646,60.73013237958071,66.19007905951261,88.18824096718815,120.78896391966882,147.74244815594966
"Rock County, Wisconsin",42.83835582,-89.33478091,0.26400881809307547,0.1605312488204616,0.2379036399833767,0.3440858347672821,0.4871838791146231,0.6773959254846639,0.9280781784553428,1.6326073694759102,1.6560928657938867,8.894130842891801,8.582260304286681,2.428386671203662,5.447559140891502,5.838303830651198,8.978234133282138,14.491857891990373,20.05643698543747,29.35194120787876,49.77963369828353,64.9572231010915,81.05257624354226,116.94960847317704,152.76243072080183,205.65790734012728,274.5193485761067,353.2667297939644
"Waukesha County, Wisconsin",43.07262373,-88.23565775,0.40008760121285225,0.2463628063959295,0.3666373178880979,0.5316230890890209,0.7524339361021364,1.040817518278644,1.4082145088995863,2.733788417211407,2.3319926362166283,12.185492026628202,11.408435553279274,2.227856421258154,16.882375648618435,2.8521127517862808,3.783313877522033,12.859677707452654,5.365109276968793,6.91474268799401,14.2098324615194,14.610997881594283,11.623600344917785,24.489105027962776,15.94890967437343,20.28502030364765,30.7369941563339,30.09031891654415
"CAL Fire Lassen Modoc Plumas Unit, California",41.30824779,-121.4464046,1.6147463567109401,1.0042616253046497,1.503033921300606,2.19201521534928,3.120464018516718,4.341209556455273,5.906665463623568,14.851935686663026,9.567009205208787,44.64785766611875,42.501862819132015,10.936241393426414,88.38291237801835,12.65783932282177,16.170070701248484,62.41855864192233,19.48253819404412,23.55674924818404,69.46149413111864,59.84540582403156,21.10123426715373,57.89118363948398,20.28424480900462,23.93063474379293,45.59888241331892,26.74319148083088
"DeKalb County, Illinois",41.76580781,-88.79751098,5.613704658437184,3.329590301045894,4.8580824014646495,6.89616631708846,9.540247154227313,12.87525873538711,16.95781303188741,24.82897944407657,27.026534845586344,184.94779070341,166.36831496142375,7.818244498088535,25.923366280528214,15.037637349619686,21.45452492730021,38.53619510314044,40.95931580942564,56.45435990110527,98.87792618539632,118.08887183767074,129.63017324450777,216.5084148821772,218.3113380061996,287.7976088556591,396.9907884162303,471.5991172357181
"Macoupin County, Illinois",39.3367648,-89.78363058,0.17875424210315677,0.1168838545677472,0.1826174135434792,0.2808100148583309,0.4252164281299619,0.6340719002758715,0.930941171572339,2.112649433896867,1.8405780785226271,6.129383746918632,6.563857086258112,4.064447870994584,12.411123187755576,7.416335361439094,10.130278570059222,17.36496491105924,17.31871509953306,22.324462403539485,34.224941821309606,38.79876784949452,39.71779443124089,54.125384205210544,52.7236559305275,59.51371238318994,69.16028027240709,68.99103478581864
"Tazewell County, Illinois",40.36595616,-89.52274432,0.05881521513539228,0.0444623931829547,0.0776626126667111,0.1350994388829471,0.2326671277361585,0.3951609701940956,0.6605931121619283,1.0862628491481665,1.757035801040234,4.167993362880549,5.526962552815011,6.412451783768288,11.04523812524072,14.8765137660024,22.12104488759371,32.96738296789538,46.30228031245368,65.39041595957691,91.68761352214682,124.80816021165184,167.0350490288016,223.38564465712184,289.70591065344473,373.9030828088022,476.9243590297718,597.6896908414567
"Douglas County, Illinois",39.76077104,-88.32037463,0.08935609447324483,0.0629119481324586,0.1001042837056265,0.155983128325674,0.239402772297371,0.3642201824372385,0.5526107446675346,1.147019480773531,1.2538394190023892,3.3937114002350355,4.2162480032356005,4.2731693107433015,10.502143353811078,10.22897897982392,15.782137579337864,26.06965850544133,35.41042883408816,51.99313841342828,91.65726431345288,117.8943034272797,143.7885518152092,204.15907630153416,274.4396767931027,370.2615674805275,492.62990134266994,638.1872219312181
"Shannon County, Missouri",37.05321965,-91.29205837,0.20822093011426085,0.141801303036879,0.2198758779992851,0.3320073598329437,0.4897615054293652,0.7080023379081767,1.006046134248168,1.409369422221223,1.952083307854744,6.491213796243203,6.84452626471281,4.023809405319917,32.08747156210408,6.13605619986454,9.0769865365985,28.291942162478826,17.360931550835772,25.371761160770184,41.94522647788994,55.33529806295911,70.20096327020951,106.26434314476715,130.6746610611087,176.2319287848618,238.39176171349007,302.8347557666324
"Lonoke County, Arkansas",34.68125955,-92.02589394,0.07976056340859654,0.0968850863151694,0.1880711263256305,0.3443917293049814,0.6001014322633178,1.0020383068311258,1.6124315880196516,2.5117538189536908,3.801272564661849,5.604713092985961,8.068108296038949,11.356495749396872,18.765485022183874,20.872581888124525,27.60695438531963,37.51703141160839,45.03151307831085,55.71711456650814,99.93924062266616,101.0717141741965,79.2981776988183,246.156304708704,64.38453149384426,74.51030799635535,167.84908657579328,70.59108996351426
"Ouachita Parish, Louisiana",32.56645631,-91.92922355,0.0007280796298818888,0.0007618342175511,0.0016836574677445,0.0042150014216334,0.0112581986306541,0.0296942784031194,0.0741237799396674,0.1728527159020273,0.3768583256305081,0.772539446580044,1.499113227786026,2.7715570510286174,5.116357277767009,8.360873743735088,13.800826231324349,22.22257012857468,34.44673290923785,52.40681597752536,78.05248630507676,113.65270453624666,162.2860998023526,228.1753675821517,313.6087022538392,424.634815266758,565.0885283848098,737.5544385968983
"Rankin County, Mississippi",32.31228173,-89.94310381,0.07727831139669925,0.110045854465364,0.2273010368663907,0.4371018998535223,0.7925548154985238,1.3682625767464345,2.266131847310486,3.6219556695593016,5.612470000480612,8.462228456092502,12.449112813193569,17.906581295669273,26.66296980023296,34.70422351363505,46.9919153541383,63.218990567829564,81.12498259327751,103.49757741225385,130.1266102940906,158.6884643885926,189.0097049360916,514.3186329042876,190.02133310474588,228.68098898174168,427.37152843282985,274.0235007332582
"Chickasaw County, Mississippi",33.90483098,-88.95057971,0.009971485327903002,0.0104138317392408,0.0191948028271325,0.034755267217551,0.0631354249574994,0.1164938853292492,0.2183755998946625,0.4120617273649212,0.7729890901355683,1.426309054873963,2.570716719296436,4.509715849687404,8.12763420943039,12.72562949405766,20.56862873796192,32.66488877442587,49.869061811658966,75.11246099409739,119.1280957434288,166.0430625427606,225.3060279353776,316.9244253054044,435.1895027381528,589.1932605800372,784.1094670524018,1023.1628864627522
"Walker County, Alabama",33.64251888,-87.33420755,0.22659468109376654,0.2410442237839162,0.438443343179043,0.7584572923243498,1.2571473926245036,2.0081892985530043,3.1057401331025014,4.666705869617892,6.831626196626697,9.762979410609365,13.63920665428215,18.642247338671016,28.196746462417373,32.38893930844697,41.46514391926485,53.69327066724639,62.94162918814185,74.6349921016239,282.8149939758686,228.4356532724832,36.46956676324974,95.66190207428092,39.41486038505841,48.20588816482032,85.80262832853829,60.7676897473927
"Sacramento County, California",38.40912626,-121.4370073,245.34442722100846,143.01275992325785,209.39546483171816,299.1482199812696,417.53991734282425,569.8371363718388,760.7094873169145,4891.355770084868,892.565897608747,3880.6007773364704,3747.657669261331,1152.4543898619006,8591.81133796793,1398.8211924783473,1787.3408115141758,6267.200673150783,2226.2372627246,2677.1552016757896,8047.193257638849,6858.715781032551,2217.4162772068435,5993.649215289218,1986.0512124421373,2227.8802544196246,4288.814319183347,2062.8414605716653
"Lowndes County, Alabama",32.1705336,-86.45223669,0.05608342473319878,0.0750870702109768,0.1517016433995929,0.2867342053545851,0.5126525015174265,0.8745971567496911,1.4336103574366117,2.27020475549468,3.488049460613966,5.217328927016185,7.617009865357904,10.87482697643883,18.47772552719599,20.58365079541868,27.68770166317834,38.37395915609493,46.94265795304732,59.42717440244964,75.47121299896725,90.4143461123904,104.94912158476887,312.1955961150847,95.98811207507428,115.43798822641236,238.48312097524573,131.8139862722429
"Walton County, Florida",30.60299528,-86.0233856,0.5141203000385234,0.3542072059374752,0.5704830879044863,0.9026784761161496,1.403341930748052,2.1448835162580986,3.226469878160759,8.48245377042488,6.642284754951959,18.313661009723543,21.236837203704383,17.95030762982215,33.957939167057695,36.94928690462032,52.38947419562254,77.64589961701367,100.26930436722677,136.2819024992183,192.02856604874552,247.95740029511404,312.60071417611255,646.2987159757216,465.79128642960495,610.450007740458,917.4047954864584,968.1244472737716
"Rutherford County, Tennessee",35.84707003,-86.38840824,8.122134133977863,4.990670384333175,7.408141400523047,10.708817961405613,15.102456137010371,20.8042273621819,28.01290936090491,37.860572232739614,47.38000533765504,266.71055444173965,246.52895310542272,36.72650284188831,261.2424258134476,48.186680695355065,63.59901752491772,203.41055618024137,90.35207784093714,115.17536580559548,242.4372690162893,243.892970155979,182.43562353709424,432.6298739601303,232.44253844146075,296.3900389347593,483.0667723107631,433.1186367542725
"Trigg County, Kentucky",36.88033989,-87.70288407,0.004974660860787988,0.0054239193861388,0.0102182076765623,0.0185531602971978,0.0328781361767427,0.0574572281144935,0.0996870809325027,0.1721371555664377,0.295533448225473,0.5029188465279492,0.8452279151753425,1.3985099764550075,3.01531413317735,3.5686047279018656,5.601261038576098,9.037779277268408,12.940077851988615,19.168654587520265,29.45815076347466,40.92537181854196,55.52548337423784,83.39266311068232,103.86561150996208,140.17695912663962,189.29514225128045,241.28768852178987
"Twiggs County, Georgia",32.65498374,-83.44185834,6.939503841984145,5.465913498659272,9.060702333490136,14.566346175010036,22.76137095698049,34.64215083425603,51.4488609156401,82.12151295516125,105.37403853713406,241.1081618855144,279.44604536212995,245.39782238360965,659.923328857273,405.6440234437727,522.8699678565844,847.8998830740092,788.3798903592237,948.7557211284088,3462.10603180846,2852.2833126068267,612.4145538143559,861.6257391060174,905.2823769125736,1092.8414980933087,1353.479560179378,1510.166342917612
"Laurens County, South Carolina",34.68340161,-82.05850213,0.06614767247414328,0.0800712666869159,0.156870735960533,0.292477712539172,0.5245803244135608,0.913301885630853,1.5542624557063396,2.597949762081376,4.277141770962959,6.944110300773697,11.119203693261898,17.552142244459464,29.12143081783194,41.663946761198105,62.84660756102975,94.33036495209916,136.17029228362037,195.90480460064424,313.3764767888369,411.72728843707176,521.5318574844002,800.6608908244198,941.4296611825338,1257.881342619556,1700.3128307762454,2124.7194565298832
"Clarendon County, South Carolina",33.66656218,-80.47018517,0.38788740690399703,0.532295655803085,1.1050187324735288,2.148658195710949,3.950591909788468,6.9236086911861685,11.642776626681227,18.88804709366875,29.69129074486865,45.38464953967108,67.64433990156962,98.52019775822248,154.85000984680028,195.0603350800218,267.3213923907812,367.5018214746418,472.5805908406014,610.9094090766615,879.0426794128886,1031.247107228428,1131.5284808966298,2116.949337077945,1420.4755227805906,1673.6698264682911,2343.6429092273897,2094.2172322759498
"Burke County, North Carolina",35.70354545,-81.46948528,13.785692153334672,8.720854697985633,13.219341372676896,19.560992823217507,28.300602371946308,40.08256353452751,55.62703975575271,158.04766986652444,93.1512770226,376.9232353581255,372.9061949817336,143.37410785590507,620.3334586307672,223.76323284642416,294.4493147110193,623.6244976972654,452.47649507934057,566.7311197013221,1540.271245221562,1409.7860749452643,714.1572998192178,1501.992200930019,985.5136243945062,1256.208806467283,1902.2036214590128,1873.9987048284224
"Wayne County, North Carolina",35.43899188,-78.0631739,29.60051861293109,20.889594804654703,33.09234067022673,51.04389967888428,76.79484942035299,112.8541843362507,162.18739933430035,250.45332482166745,312.2919181041101,956.9758542838016,1007.078803028262,595.2312435154128,2981.995249740852,853.3803609131536,1092.5976854485189,2616.367344405343,1512.0214710834737,1803.119452136505,5730.818085705976,4788.742098692179,1278.7761377077925,3790.441814453965,989.3749435238398,1073.340440727828,2386.561212741513,769.0462038627259
"Powhatan County, Virginia",37.64107262,-78.02222606,0.3260652075877724,0.4224079268094219,0.8602202176378821,1.6502489078556737,3.00559831508781,5.233150755562105,8.762375963662645,14.179436160317008,22.26597548160364,34.040692896114805,50.79983808657371,74.15004231902402,130.62801047948184,146.8129996402575,202.3747269171617,287.8427863071322,362.0077908690233,472.3434781351969,698.8958365847174,823.4687773000634,905.6277036629382,1621.9015307140698,1209.8144860575771,1456.933444432644,2003.7391007580463,1945.311653407137
