,0,2010,2011,2012,2013,2014,2015,2016,2017,2018,2019,2020,2021,2022,2023,2024,2025,2026,2027,2028,2029,2030,2031,2032,2033,2034,2035,2036,2037,2038,2039,2040,2041,2042,2043,2044,2045,2046,2047,2048,2049,2050,longitude,latitude,FIPS,total waste
0,WasteEOL_Module_95-by-35_Elec.Adv_DR_CdTe_p1_[Tonnes],0,1.35E-10,3.01E-08,1.83E-06,2.48E-05,0.000160673,0.000678875,0.002191039,0.005896901,0.013946801,0.029958846,0.059731069,0.112193355,0.200645934,0.344303487,0.570121764,0.914837238,1.427088846,2.1694159,3.219867658,4.672948045,6.639637555,9.246281282,12.63226329,16.94666235,22.50122176,48.85029038,52.73819973,93.34661263,219.0730904,125.5459506,177.4970634,151.0219921,60.27451779,82.29444483,110.917302,147.6807882,194.4249506,253.3724208,327.1986851,419.0236276,-121.4522522,47.82099062,53061,2544.970015
1,WasteEOL_Module_95-by-35_Elec.Adv_DR_CdTe_p10_[Tonnes],0,4.26E-06,0.000405837,0.0056049,0.034922598,0.141761865,0.441353573,1.150565913,2.648142949,5.564225604,10.90630159,20.22667039,35.83408794,61.04901924,100.4960444,160.4186481,248.9907805,376.585494,555.9440325,802.1712764,1132.470254,1565.52708,2120.477335,2815.431662,3665.60567,9609.773403,6269.548509,7351.244862,24535.23263,62517.0763,16945.6837,23930.39405,9732.089985,2132.881146,2687.485772,3317.402796,4011.399632,4754.237415,5531.164774,6334.54842,7170.475282,-117.1590386,35.12010447,6071,210512.76
2,WasteEOL_Module_95-by-35_Elec.Adv_DR_CdTe_p100_[Tonnes],0,0,0,0,4.60E-11,7.38E-09,1.57E-07,1.45E-06,8.13E-06,3.31E-05,0.000109216,0.000316424,0.000835532,0.002041074,0.004639148,0.009855443,0.01967743,0.0371541,0.066755312,0.114789827,0.189874926,0.303439137,0.470220378,0.708692013,1.041306224,1.494387128,2.097438925,2.881569861,5.715446068,10.83332355,7.706489449,10.20386435,54.65308751,6.440703937,7.960166118,9.63816493,11.44721161,13.37654358,15.46579488,17.85100761,20.81584915,-78.25771359,38.79110825,51187,201.5507976
3,WasteEOL_Module_95-by-35_Elec.Adv_DR_CdTe_p101_[Tonnes],0,2.09E-07,1.99E-05,0.000276923,0.001744903,0.007166636,0.022513618,0.058860327,0.134723114,0.279043526,0.535160781,0.966345064,1.663895821,2.759269814,4.441203737,6.97797215,10.74434272,16.25223769,24.18356743,35.4233296,51.09114614,72.57026666,101.5350142,139.9807124,190.2633222,496.5699875,386.4838201,472.0918409,630.9975989,1079.880342,1667.682115,2301.695948,3546.805106,1190.24118,1493.179004,1832.07857,2197.124058,2574.867426,2950.652241,3312.639931,3656.493678,-82.19247661,28.70869529,12119,30449.37498
4,WasteEOL_Module_95-by-35_Elec.Adv_DR_CdTe_p102_[Tonnes],0,1.44E-07,1.37E-05,0.000187393,0.001149369,0.004582906,0.013992466,0.035643189,0.079672577,0.161381386,0.302751245,0.534356251,0.897946894,1.449973346,2.266088989,3.446400147,5.121035888,7.455632818,10.65670786,14.97752779,20.72595026,28.27707188,38.09567126,50.7764218,67.11305443,254.9503104,102.4856775,135.2304524,204.3617074,355.8686524,356.7670918,497.6257194,1731.116585,653.2669772,888.9551465,1191.768962,1575.038981,2053.363801,2642.394145,3358.13601,4215.14894,-80.56373053,26.67709172,12099,20468.87237
5,WasteEOL_Module_95-by-35_Elec.Adv_DR_CdTe_p103_[Tonnes],0,0,0,0,1.21E-09,1.94E-07,4.12E-06,3.80E-05,0.000213413,0.000863577,0.002796497,0.007742054,0.019102753,0.043116431,0.090508625,0.178685944,0.334527286,0.597936661,1.026573922,1.70245574,2.741286672,4.305418563,6.621246155,10.00161482,14.87343648,21.81020695,31.56858466,45.12782693,112.0065753,239.2638791,150.9647623,215.3420326,519.43426,229.7280511,321.446161,442.77761,600.7667117,803.3121865,1058.905731,1376.040308,1762.054133,-84.55437763,43.57419001,26111,7973.096589
6,WasteEOL_Module_95-by-35_Elec.Adv_DR_CdTe_p104_[Tonnes],0,0,0,0,9.29E-11,1.49E-08,3.17E-07,2.99E-06,1.76E-05,7.67E-05,0.000266896,0.000783309,0.002009463,0.004627461,0.009760316,0.019148137,0.035358543,0.062029749,0.104141077,0.168299214,0.263017669,0.398949463,0.58900701,0.848267365,1.193517991,1.64225717,2.210945477,2.91234998,7.467242015,16.29381629,23.52655104,33.39952772,5.379002269,1.460137744,2.214446727,3.4426222,5.469192973,8.825884214,14.36391917,23.41472651,38.01418016,-85.90993949,42.06225929,26027,193.736083
7,WasteEOL_Module_95-by-35_Elec.Adv_DR_CdTe_p105_[Tonnes],0,0,1.63E-08,1.56E-06,2.25E-05,0.000147877,0.000629025,0.00203453,0.005473202,0.012921665,0.027699979,0.055146989,0.10355454,0.185418057,0.319030358,0.530404707,0.855470943,1.342432772,2.054098669,3.06990298,4.48722541,6.421515101,9.004664003,12.38109931,16.70121363,22.11200875,47.54906969,51.58135396,82.04397813,183.5691443,143.0429535,200.0289846,197.0215082,40.53211268,50.24689463,60.81887133,71.80150498,82.62488823,92.69245926,101.5302269,108.9483648,-86.25965362,40.72939342,18017,1593.704432
8,WasteEOL_Module_95-by-35_Elec.Adv_DR_CdTe_p106_[Tonnes],0,0,4.33E-09,4.16E-07,6.00E-06,4.09E-05,0.000199553,0.000834883,0.003080062,0.009870141,0.027566536,0.068258342,0.152799526,0.314626109,0.604373437,1.095275425,1.889291823,3.123978859,4.980343152,7.692090471,11.55657815,16.94736287,24.32752667,34.2620284,47.42635664,64.60818626,91.71376475,118.6464958,532.1588132,1387.8332,126.1442209,189.171766,206.0516619,260.783542,379.4807411,541.4750079,758.3709466,1043.21922,1409.842225,1871.541196,2438.935312,-86.10103966,39.94240296,18057,11574.45879
9,WasteEOL_Module_95-by-35_Elec.Adv_DR_CdTe_p107_[Tonnes],0,0,0,0,2.67E-10,4.29E-08,9.13E-07,8.69E-06,5.28E-05,0.000238012,0.000866249,0.00267588,0.007261313,0.017736176,0.039688698,0.082462306,0.160787196,0.296780522,0.522317272,0.88174418,1.434855432,2.259957233,3.456700696,5.14814023,7.481163423,10.62404013,14.75939284,20.07050778,37.40392034,68.08553794,120.7444024,168.4186645,199.8331623,35.21419144,43.42533666,52.24578374,61.25014931,69.91042727,77.68826896,84.17307307,89.22753235,-86.34789005,38.87073858,18093,1174.867828
10,WasteEOL_Module_95-by-35_Elec.Adv_DR_CdTe_p108_[Tonnes],0,0,0,0,1.38E-11,2.21E-09,4.71E-08,4.37E-07,2.49E-06,1.03E-05,3.46E-05,0.000101022,0.000265455,0.000639392,0.001425791,0.002966819,0.005803869,0.010750063,0.018974698,0.032097911,0.052291747,0.082380292,0.125926122,0.187282357,0.271579547,0.38460647,0.532539724,0.721490848,1.5084407,2.960455755,2.521152618,3.426817431,12.93856111,1.275676359,1.762480477,2.537701167,3.833726992,6.058172062,9.90073378,16.48939692,27.61180469,-87.22032662,37.49153121,21149,95.25629009
11,WasteEOL_Module_95-by-35_Elec.Adv_DR_CdTe_p109_[Tonnes],0,0,0,0,1.40E-11,2.24E-09,4.84E-08,5.60E-07,4.84E-06,3.02E-05,0.000140162,0.000516899,0.001593258,0.004260281,0.010159297,0.022068742,0.044400328,0.083824531,0.150049459,0.256789309,0.422983968,0.674351838,1.045352342,1.581596726,2.342674173,3.405254471,4.866197705,6.845274365,10.04606231,14.7023779,47.82094178,67.68608406,87.18320668,24.16869276,33.82592053,46.68943559,63.59359848,85.52567513,113.6315716,149.1988928,193.5948885,-84.51931615,37.83050346,21113,959.4248716
12,WasteEOL_Module_95-by-35_Elec.Adv_DR_CdTe_p11_[Tonnes],0,8.56E-07,8.13E-05,0.001108592,0.00676713,0.026838301,0.081529823,0.206855184,0.461265991,0.933774038,1.753727651,3.102263452,5.225194066,8.446628547,13.18182656,19.94670818,29.36013452,42.13363082,59.04198424,80.86784211,108.315285,141.8930225,181.7790368,227.6956837,278.8445014,1323.86382,266.2780333,315.4162903,899.4860858,2205.774073,882.8505118,1242.354996,986.0755989,251.7027155,327.4953745,419.0701162,527.6780605,654.4177018,800.4585159,967.3163086,1156.93972,-116.7176058,33.03174695,6073,14430.48361
13,WasteEOL_Module_95-by-35_Elec.Adv_DR_CdTe_p110_[Tonnes],0,0,0,0,5.09E-12,8.17E-10,1.74E-08,1.61E-07,9.08E-07,3.72E-06,1.24E-05,3.62E-05,9.58E-05,0.000233262,0.00052691,0.001110361,0.002197325,0.004111413,0.007321068,0.012478977,0.020464504,0.032426366,0.049820584,0.074435458,0.108390682,0.154091704,0.214113563,0.290982432,0.590329123,1.13658102,0.861105675,1.145288406,5.702107137,0.455344428,0.541753342,0.628466092,0.712807088,0.796562162,0.891377217,1.026442754,1.258259347,-82.8503912,37.37099172,21119,16.71927758
14,WasteEOL_Module_95-by-35_Elec.Adv_DR_CdTe_p111_[Tonnes],0,2.39E-10,5.34E-08,3.25E-06,4.42E-05,0.000285969,0.001204165,0.003854886,0.010230099,0.023713468,0.049651376,0.096061695,0.174502086,0.301098639,0.497698853,0.793065419,1.22396435,1.835917637,2.68328893,3.828264737,5.338217424,7.280952494,9.717546243,12.69298471,16.22569747,20.57483321,60.25150758,57.7947239,56.89675109,136.3676732,48.66140653,67.19724671,143.883528,18.54710971,23.06413195,28.07040196,33.43797145,39.02427184,44.72728553,50.55885416,56.71198395,-81.83937601,41.28166353,39035,948.547929
15,WasteEOL_Module_95-by-35_Elec.Adv_DR_CdTe_p112_[Tonnes],0,1.04E-07,9.90E-06,0.000139789,0.0008996,0.003777142,0.012106275,0.03219975,0.07474705,0.156485437,0.302137921,0.546589034,0.937222003,1.536251986,2.422750326,3.693864944,5.464502021,7.864447889,11.03162246,15.09999483,20.18089137,26.3373353,33.55308658,41.70149809,50.52395444,179.4770267,120.5825399,113.6467009,115.7502522,292.5821165,58.50474314,82.65703771,111.8447798,44.41623475,60.47626635,81.01187796,106.7944796,138.5545741,176.8846045,222.086687,273.9427701,-82.81856565,40.17734323,39041,2400.689206
16,WasteEOL_Module_95-by-35_Elec.Adv_DR_CdTe_p113_[Tonnes],0,1.14E-08,1.09E-06,1.56E-05,0.000102655,0.000439664,0.001434343,0.003874227,0.009117641,0.019329609,0.037763689,0.069088366,0.119754081,0.198390839,0.3162073,0.48733308,0.729010099,1.061495618,1.507494462,2.090905441,2.834674531,3.757637433,4.870459255,6.171181082,7.641446886,22.43721342,19.69504391,19.09887199,25.2600065,63.78915364,8.762778335,11.99516755,22.95953944,8.786046678,11.08492589,13.70979925,16.63398927,19.83524802,23.33306946,27.24875674,31.88662643,-83.9413805,39.78941957,39057,378.4433936
17,WasteEOL_Module_95-by-35_Elec.Adv_DR_CdTe_p114_[Tonnes],0,0,9.44E-09,9.06E-07,1.30E-05,8.58E-05,0.000364774,0.001176968,0.003150967,0.007377448,0.015614997,0.030547627,0.056139842,0.098207629,0.165307844,0.269994078,0.430459671,0.672581266,1.032390896,1.559021804,2.318177884,3.396181183,4.904679415,6.986167787,9.82060218,13.63351179,29.623918,34.02607008,49.7752442,102.7183417,52.87650958,72.86623483,99.28807954,115.1930752,150.0797482,192.1127848,241.7006735,299.0860239,364.4593335,438.1640484,520.9242936,-84.23150769,39.20877458,39025,2808.296135
18,WasteEOL_Module_95-by-35_Elec.Adv_DR_CdTe_p115_[Tonnes],0,3.49E-09,3.93E-07,1.04E-05,0.000112268,0.000666193,0.002695,0.008441318,0.022110926,0.050824092,0.105788324,0.203698693,0.368359112,0.632489524,1.039622355,1.64589794,2.5214412,3.750833248,5.431988489,7.672543458,10.58273469,14.26382707,18.79165746,24.19602429,30.43864282,41.43288915,115.1717994,108.0034442,114.1287042,292.7056963,44.00637207,61.54719336,75.37670953,23.41508151,30.45413803,38.94336025,48.98604143,60.66641857,74.072507,89.32864559,106.6186139,-79.86635294,40.37731547,42003,1446.588024
19,WasteEOL_Module_95-by-35_Elec.Adv_DR_CdTe_p116_[Tonnes],0,0,0,0,2.15E-09,3.45E-07,7.33E-06,6.75E-05,0.000375668,0.001499591,0.004751996,0.012738634,0.030107561,0.064522156,0.127872643,0.237730784,0.419037796,0.705989766,1.144039369,1.791856358,2.722967749,4.026616032,5.807118097,8.180681656,11.26827683,15.18287039,20.00931719,25.77581935,118.3515489,307.3450477,44.40023809,62.45712383,45.86727792,8.284446971,10.59398773,13.39341208,16.80687524,21.05360886,26.52316536,33.88261069,44.21505624,-80.19443111,38.8763551,54097,850.6886643
20,WasteEOL_Module_95-by-35_Elec.Adv_DR_CdTe_p117_[Tonnes],0,0,0,0,2.33E-10,3.74E-08,7.96E-07,7.32E-06,4.07E-05,0.000161931,0.000511406,0.001365585,0.003213691,0.006855388,0.013520458,0.02501041,0.04386046,0.073517467,0.118524726,0.184697321,0.279261271,0.410913446,0.589735288,0.826862478,1.133779831,1.521088281,1.9966031,2.56272955,12.53914838,32.97212418,3.149773717,4.489213944,2.885438482,0.951995608,1.463930817,2.251391315,3.464331227,5.332535344,8.204130827,12.59929961,19.28346128,-81.7519919,38.05258266,54005,119.3790356
21,WasteEOL_Module_95-by-35_Elec.Adv_DR_CdTe_p118_[Tonnes],0,0,0,0,2.12E-10,3.40E-08,7.22E-07,6.65E-06,3.72E-05,0.000149266,0.000477408,0.001296715,0.003117572,0.006818637,0.013823109,0.026321133,0.047539729,0.082059229,0.136171586,0.218271724,0.339268114,0.512987205,0.756522344,1.090440203,1.538709391,2.128165778,2.887297332,3.844155342,13.48080784,32.7798355,10.2347444,14.30879326,28.44258756,6.345171521,8.589973249,11.49053109,15.2049022,19.9327869,25.93249243,33.54042459,43.18711321,-80.92007066,37.06277512,51197,277.1038001
22,WasteEOL_Module_95-by-35_Elec.Adv_DR_CdTe_p119_[Tonnes],0,9.88E-10,1.01E-07,1.91E-06,1.69E-05,9.09E-05,0.000349116,0.001064749,0.002757848,0.006332601,0.013257466,0.025791833,0.047261132,0.082377946,0.137598603,0.221492754,0.34508681,0.522119361,0.76911773,1.105172491,1.551258358,2.128939759,2.858329768,3.755269127,4.827878238,7.216034201,14.94300431,14.86244689,28.27049843,73.70257134,6.597985188,9.172435393,14.76993923,2.753059909,3.492016109,4.34507851,5.305310293,6.362399582,7.507871676,8.742194493,10.08077021,-78.01141702,41.3405889,42023,236.5251813
23,WasteEOL_Module_95-by-35_Elec.Adv_DR_CdTe_p12_[Tonnes],0,3.25E-09,3.79E-07,1.09E-05,0.000122637,0.000739182,0.003011618,0.009459194,0.024779454,0.056873017,0.118125994,0.227027976,0.410294476,0.705775013,1.166321658,1.864594954,2.898618533,4.397702204,6.528122084,9.497712089,13.55836309,19.00546507,26.17374515,35.42996375,47.16462811,65.5482567,160.3444562,165.1166345,157.5599941,317.1046344,239.9269676,328.3278844,579.0378098,239.9297416,300.5790159,368.0487899,440.0690798,513.488842,584.7213985,650.5234208,708.9304817,-116.7842291,39.59882101,32015,5988.498864
24,WasteEOL_Module_95-by-35_Elec.Adv_DR_CdTe_p120_[Tonnes],0,2.43E-09,2.35E-07,3.55E-06,2.50E-05,0.000114021,0.000392659,0.001110986,0.002727777,0.006022099,0.012239683,0.02327595,0.04189545,0.071983773,0.118821353,0.189358771,0.292459455,0.43905726,0.642153984,0.916558172,1.278248835,1.743248053,2.3259227,3.036726467,3.87954765,7.66076792,10.3750862,10.50510682,23.56228496,61.99506429,4.379485594,6.140100222,6.173022084,1.406620129,1.806153578,2.278080476,2.823700141,3.442925606,4.136316714,4.907855843,5.767080027,-77.895377,39.90665131,42055,172.3815444
25,WasteEOL_Module_95-by-35_Elec.Adv_DR_CdTe_p121_[Tonnes],0,0,4.35E-08,4.18E-06,6.02E-05,0.000396422,0.001691236,0.005506942,0.014972784,0.035821761,0.077876801,0.157062063,0.297999171,0.537235456,0.927094673,1.540049776,2.473398766,3.853856605,5.841444832,8.631765045,12.45540469,17.57290395,24.2635231,32.80615238,43.45126988,56.38395063,122.0509717,129.1122613,278.2369395,696.8039522,251.1869025,354.4281868,120.7895997,37.18036917,45.86782064,55.14439456,64.48890448,73.22523301,80.61027346,85.98280825,88.94277936,-79.01946377,39.55126096,24001,2695.380838
26,WasteEOL_Module_95-by-35_Elec.Adv_DR_CdTe_p122_[Tonnes],0,5.98E-08,5.96E-06,0.000103495,0.000847416,0.004336114,0.016116503,0.047803607,0.120327712,0.267780164,0.541837931,1.016729666,1.794652222,3.011415709,4.841798767,7.503649325,11.25918233,16.41119362,23.29110183,32.23506835,43.54437518,57.42750411,73.9249875,92.82516641,113.5899119,204.54681,461.1275475,415.0477269,146.3113645,333.8527372,180.1553494,251.1841024,347.6567327,115.5555131,149.8162725,190.8838985,239.1117352,294.7184221,357.9051204,429.0313391,508.7571739,-77.39607808,40.92107394,42027,5109.337741
27,WasteEOL_Module_95-by-35_Elec.Adv_DR_CdTe_p123_[Tonnes],0,1.45E-08,1.54E-06,3.40E-05,0.00033383,0.001896233,0.007511208,0.023322042,0.061096312,0.141550177,0.299161514,0.589062217,1.098158141,1.965515437,3.416535537,5.813539291,9.724529277,16.01124317,25.93678504,41.29201488,64.5384175,98.96330653,148.8408778,219.5896069,317.9121629,468.6935775,812.1457999,1008.874603,1510.402413,2765.23329,2878.962821,3941.847037,3814.907543,3391.457081,4217.524978,5114.652801,6037.805932,6925.201161,7704.571642,8305.300417,8674.498158,-76.76367486,39.07725918,24003,68528.30592
28,WasteEOL_Module_95-by-35_Elec.Adv_DR_CdTe_p124_[Tonnes],0,0,0,0,6.52E-12,1.05E-09,2.82E-08,1.14E-06,1.98E-05,0.000161803,0.000831526,0.003142555,0.009578614,0.024938743,0.057591145,0.121053134,0.235906393,0.43204253,0.751207361,1.249764054,2.001511248,3.100253931,4.661609586,6.823217,9.742087075,13.58731012,18.52579298,24.69833971,32.44441522,41.76096486,287.3385911,407.2308397,77.28222391,6.230570391,7.354700463,8.393989223,9.221770555,9.701749144,9.717367721,9.20998523,8.214124364,-75.60492375,37.81184868,51001,1000.127652
29,WasteEOL_Module_95-by-35_Elec.Adv_DR_CdTe_p125_[Tonnes],0,7.55E-09,7.98E-07,1.75E-05,0.000170342,0.000963988,0.00380156,0.011711586,0.030282465,0.068821827,0.141761708,0.270322772,0.48442868,0.824815861,1.345201144,2.114247959,3.216904773,4.754470797,6.842487368,9.605308816,13.16608308,17.63106114,23.06793264,29.47956444,36.77727337,53.50075544,144.5449991,133.4820553,90.87364437,219.5697049,111.0941525,156.2669249,111.1026669,19.89786301,25.00746745,30.78735043,37.13068502,43.90114971,50.97984812,58.33248463,66.07626628,-75.53282965,39.04284209,10001,1502.385653
30,WasteEOL_Module_95-by-35_Elec.Adv_DR_CdTe_p126_[Tonnes],0,2.27E-07,2.34E-05,0.000471698,0.004353224,0.023936103,0.092947524,0.283950116,0.731086637,1.658764347,3.416753843,6.521944074,11.70648918,19.97104401,32.63982206,51.41127144,78.3941144,116.1131635,167.4630073,235.5815007,323.61154,434.3233617,569.5870942,729.7238638,912.827567,1376.940907,3432.684268,3196.493145,2877.932876,7246.913942,2013.101414,2823.805098,2273.650005,414.1595572,509.8472829,612.0392042,715.4270774,813.4150291,899.2181316,967.5260359,1016.285268,-74.6629847,40.24746962,34021,34885.52731
31,WasteEOL_Module_95-by-35_Elec.Adv_DR_CdTe_p127_[Tonnes],0,2.60E-08,2.64E-06,5.02E-05,0.000444369,0.002387909,0.009182348,0.028086232,0.073155727,0.169509228,0.359517957,0.71149103,1.331440577,2.378381464,4.08326895,6.771237731,10.88628685,17.01684543,25.91970626,38.538691,56.01325063,79.67116698,110.998935,151.5838261,203.0235239,296.8374074,540.3215851,589.9466772,1156.575319,2745.02088,1454.832579,2039.322011,2056.436432,371.5562496,472.5589194,590.3631594,724.9788265,876.4824043,1045.963515,1236.787027,1455.727915,-75.57684419,43.01255158,36053,18363.28129
32,WasteEOL_Module_95-by-35_Elec.Adv_DR_CdTe_p128_[Tonnes],0,5.75E-08,5.57E-06,8.46E-05,0.000600841,0.002764062,0.009553739,0.026998836,0.065855215,0.143774208,0.2880838,0.539316085,0.955597977,1.617940637,2.636272611,4.155804645,6.363000962,9.490038196,13.81617905,19.66406038,27.38868087,37.3571806,49.91875305,65.36661695,83.89795021,172.1052818,244.1461985,245.6580131,290.258021,662.3641897,465.7996328,652.0139947,655.7790722,121.1049824,151.1977776,184.6348451,220.4303988,257.3158107,294.0102956,329.6161973,364.0084344,-73.25855327,40.80291312,36103,5634.148259
33,WasteEOL_Module_95-by-35_Elec.Adv_DR_CdTe_p129_[Tonnes],0,1.51E-09,1.78E-07,5.27E-06,5.97E-05,0.000362342,0.001490886,0.004774609,0.01291063,0.030948422,0.067768806,0.138173407,0.265680424,0.486088668,0.851811361,1.436901854,2.342586502,3.702964525,5.690313461,8.519141888,12.44776387,17.77576548,24.83536731,33.97447733,45.52931485,61.52732818,116.7183467,128.3836906,299.98307,738.0569892,340.5654594,480.1931635,247.5817389,35.11103866,42.90604365,51.07848243,59.1424758,66.51997075,72.64865352,77.13659615,79.91923504,-72.66603564,44.03042544,50017,3055.586954
34,WasteEOL_Module_95-by-35_Elec.Adv_DR_CdTe_p13_[Tonnes],0,5.02E-07,4.82E-05,0.000696216,0.004634937,0.020127503,0.066477707,0.181617928,0.432410886,0.928611456,1.841482447,3.427750893,6.059142584,10.25717717,16.73189478,26.42173365,40.52988641,60.55003042,88.27148321,125.7511082,175.2377957,239.0368637,319.3085994,417.8094425,535.6057581,1253.083343,1313.941633,1363.477016,2338.365119,5654.410204,3476.669087,4918.875597,1334.06966,330.627252,416.4044194,513.3683815,619.3083865,731.0695525,845.0969157,958.2961255,1068.919778,-115.0174041,36.23284216,32003,29204.45725
35,WasteEOL_Module_95-by-35_Elec.Adv_DR_CdTe_p130_[Tonnes],0,0,0,0,4.89E-10,7.85E-08,1.67E-06,1.58E-05,9.34E-05,0.000407658,0.001428977,0.004235893,0.011006529,0.025733736,0.055197508,0.110216496,0.207192071,0.36994641,0.631834284,1.038069082,1.648136398,2.538059181,3.802110799,5.553332252,7.921893359,11.04996719,15.08143648,20.14458231,45.88787907,94.554103,140.7350944,198.2293696,108.1390495,20.3262573,25.08776244,30.21714462,35.4782767,40.58188871,45.24365364,49.27236239,52.66780361,-71.56225601,43.71401219,33009,956.6155424
36,WasteEOL_Module_95-by-35_Elec.Adv_DR_CdTe_p131_[Tonnes],0,5.86E-08,5.98E-06,0.000114651,0.001021339,0.005516145,0.021369072,0.066267797,0.176342439,0.419950292,0.918214061,1.873744815,3.608797092,6.613585137,11.60467556,19.59234359,31.95434736,50.51146193,77.59708782,116.10915,169.5273699,241.8732175,337.5843626,461.2717641,617.3275596,877.1710189,1497.425221,1667.049538,4588.474891,11608.62366,3176.808565,4460.996687,3640.643315,395.8425462,475.2008983,553.6423755,624.1590438,678.8072631,710.2452502,713.8580517,689.8765771,-71.90533052,42.31304362,25027,38507.48318
37,WasteEOL_Module_95-by-35_Elec.Adv_DR_CdTe_p132_[Tonnes],0,1.09E-08,1.09E-06,1.96E-05,0.000166199,0.000869891,0.003299325,0.010047423,0.026254862,0.06139758,0.131985742,0.265462969,0.505771489,0.921315701,1.615887668,2.74277852,4.522051038,7.26065568,11.37466451,17.41234667,26.0761072,38.24047396,54.96240513,77.47929922,107.1892938,158.1637089,259.9328992,306.2140075,652.0704893,1481.984604,830.8390151,1153.277377,1165.641348,480.1840563,595.9706097,721.5293667,850.7622618,975.5254512,1086.638796,1175.670156,1237.148201,-72.75108047,41.60246114,9003,13482.3549
38,WasteEOL_Module_95-by-35_Elec.Adv_DR_CdTe_p133_[Tonnes],0,0,0,0,1.01E-09,1.63E-07,3.46E-06,3.19E-05,0.000178387,0.000717897,0.002310483,0.006361301,0.015640514,0.035283447,0.074263557,0.147398642,0.277935046,0.500738184,0.866089439,1.444038014,2.329166684,3.645481695,5.550904752,8.240504573,11.94714238,16.93763501,23.50193666,31.93238702,83.04842619,181.659848,82.83122085,111.566982,365.798183,70.14854814,86.11787191,103.0100006,119.8430973,135.3947037,148.3906628,157.796998,163.1415477,-71.59672773,41.66667273,44003,1916.204239
39,WasteEOL_Module_95-by-35_Elec.Adv_DR_CdTe_p134_[Tonnes],0,1.15E-08,1.10E-06,1.55E-05,9.96E-05,0.000417974,0.001343391,0.003607317,0.008536399,0.018408861,0.036957439,0.070041993,0.126509855,0.219249175,0.366419032,0.592819167,0.93134497,1.424446527,2.125463631,3.099646586,4.424611732,6.189946634,8.495707697,11.44967426,15.16343871,33.03198669,30.95087493,35.91958932,108.482578,274.2416333,59.10163082,83.65213845,91.03626249,40.42771135,55.06125246,73.77407607,97.26775727,126.2051182,161.1221453,202.2919011,249.5218771,-69.24794622,45.39211237,23021,1776.83724
40,WasteEOL_Module_95-by-35_Elec.Adv_DR_CdTe_p14_[Tonnes],0,0,0,0,1.99E-11,3.20E-09,6.80E-08,6.33E-07,3.63E-06,1.52E-05,5.13E-05,0.00014872,0.000384508,0.000909658,0.00199933,0.004123135,0.008037737,0.014904696,0.026436835,0.045076246,0.074205712,0.118391943,0.183652528,0.277727967,0.410324662,0.593274113,0.840529188,1.167894782,2.388964915,4.611714147,4.698254158,6.497603262,12.820717,3.728408116,4.808630185,6.091312305,7.581081684,9.276797032,11.17533051,13.27712728,15.59030855,-116.6294762,47.64818073,16055,106.3143418
41,WasteEOL_Module_95-by-35_Elec.Adv_DR_CdTe_p15_[Tonnes],0,0,0,0,3.66E-11,5.88E-09,1.34E-07,2.59E-06,3.49E-05,0.000266507,0.001344477,0.005085995,0.015657196,0.041339325,0.096952044,0.206983647,0.40946265,0.760582754,1.340051063,2.257049548,3.656555418,5.725521271,8.698025162,12.85791592,18.53666393,26.10309176,35.94051941,48.40593379,65.23068988,86.66653408,464.4020092,654.8491401,362.4200807,39.67515699,48.30455068,57.30227438,66.14668183,74.25264377,81.10999663,86.46823244,90.50822221,-115.2177288,44.43004937,16037,2342.395252
42,WasteEOL_Module_95-by-35_Elec.Adv_DR_CdTe_p16_[Tonnes],0,0,0,0,1.85E-11,2.97E-09,6.32E-08,5.91E-07,3.43E-06,1.51E-05,6.02E-05,0.000233669,0.000851268,0.002791975,0.008109351,0.020964092,0.048921943,0.104658579,0.208109645,0.389095909,0.690434591,1.171509299,1.912199234,3.016945141,4.618531422,6.880864847,9.999608803,14.19898681,20.46255225,29.11910397,38.03237786,50.01839193,202.8093829,58.70500222,72.50227364,87.29238767,102.2838488,116.4508512,128.6721444,137.9636019,143.7556428,-112.4327899,43.02868119,16011,1231.340458
43,WasteEOL_Module_95-by-35_Elec.Adv_DR_CdTe_p17_[Tonnes],0,0,0,0,3.23E-11,5.18E-09,1.10E-07,1.03E-06,5.87E-06,2.45E-05,8.17E-05,0.00023181,0.000580984,0.001319689,0.002766536,0.005424301,0.010048758,0.017730421,0.029988421,0.048874208,0.077079915,0.118041573,0.176019938,0.256131168,0.364285818,0.506979112,0.690861859,0.922017607,2.496168898,5.562058192,4.772399576,6.695084751,6.525834743,1.102263278,1.400315823,1.746313392,2.138981708,2.576448967,3.058558969,3.589900308,4.182277191,-113.6065082,46.82138594,30063,49.07510109
44,WasteEOL_Module_95-by-35_Elec.Adv_DR_CdTe_p18_[Tonnes],0,0,0,0,2.87E-11,4.61E-09,9.80E-08,9.12E-07,5.23E-06,2.20E-05,7.67E-05,0.000237344,0.000671167,0.001740387,0.004144899,0.009115331,0.018659951,0.035867398,0.065265209,0.113230393,0.188441468,0.302349335,0.469624399,0.708506076,1.040935213,1.492287967,2.09045378,2.863921014,4.986279202,8.606540128,9.105811114,12.11349565,59.9894614,5.224057751,6.233007818,7.213088703,8.072376855,8.711721417,9.047508163,9.041276757,8.726880751,-110.2231123,47.2494843,30045,166.477062
45,WasteEOL_Module_95-by-35_Elec.Adv_DR_CdTe_p19_[Tonnes],0,0,0,0,8.50E-13,1.36E-10,2.90E-09,2.70E-08,1.55E-07,6.45E-07,2.16E-06,6.12E-06,1.54E-05,3.49E-05,7.31E-05,0.000143295,0.000265281,0.000467682,0.000790262,0.001286595,0.002026793,0.003100058,0.00461657,0.006707965,0.00952531,0.013233035,0.01799697,0.02396453,0.065208968,0.145621324,0.126511824,0.177531612,0.16623422,0.025485435,0.032109171,0.039670054,0.048079872,0.057232873,0.067067479,0.077647739,0.089233297,-106.8433126,47.83744486,30105,1.201890681
46,WasteEOL_Module_95-by-35_Elec.Adv_DR_CdTe_p2_[Tonnes],0,0,6.00E-09,5.76E-07,8.30E-06,5.46E-05,0.000231618,0.000745641,0.001989141,0.004637021,0.009770813,0.019035879,0.034835937,0.060566738,0.100883773,0.161988851,0.251907526,0.380712304,0.560625236,0.805910288,1.132446991,1.556873723,2.095219616,2.761030563,3.563153342,4.503561772,12.51691,12.25728167,14.63046832,35.32536991,15.11779349,21.15028006,21.6510557,4.569538811,5.741548571,7.064078923,8.509285627,10.04057591,11.6229384,13.23831985,14.90158105,-121.4945952,46.60869095,53041,226.3432165
47,WasteEOL_Module_95-by-35_Elec.Adv_DR_CdTe_p20_[Tonnes],0,0,0,0,1.52E-11,2.44E-09,5.19E-08,4.83E-07,2.77E-06,1.16E-05,3.96E-05,0.000116996,0.000310262,0.000752385,0.00168618,0.003522229,0.006912148,0.012837693,0.022715545,0.038516364,0.062894478,0.099320661,0.152204075,0.226979648,0.330123376,0.469040155,0.651748379,0.886267266,1.787637869,3.429756479,3.40845562,4.641688222,14.78327864,1.47075027,1.785874941,2.112729209,2.432209751,2.723628205,2.970250843,3.166490654,3.324363181,-108.0131914,46.4465773,30065,51.0031163
48,WasteEOL_Module_95-by-35_Elec.Adv_DR_CdTe_p21_[Tonnes],0,0,0,0,1.01E-11,1.62E-09,3.44E-08,3.19E-07,1.81E-06,8.54E-06,4.74E-05,0.000259058,0.001137019,0.003971714,0.0115327,0.029012212,0.065248165,0.134239435,0.256958122,0.463448395,0.795173022,1.307517192,2.072270645,3.179765473,4.740126966,6.882779174,9.752928771,13.50325787,18.68227991,25.44818976,31.6910227,40.13453912,354.8653055,28.27719646,33.3282313,37.96294832,41.59675032,43.60156373,43.44098033,40.84585916,35.97657929,-109.277895,43.04388094,56013,819.05113
49,WasteEOL_Module_95-by-35_Elec.Adv_DR_CdTe_p22_[Tonnes],0,0,0,0,1.89E-12,3.03E-10,6.44E-09,5.96E-08,3.35E-07,1.36E-06,4.43E-06,1.23E-05,3.03E-05,6.83E-05,0.000142615,0.000279792,0.000520224,0.000923109,0.001572102,0.002581741,0.004104389,0.006337238,0.009528498,0.013981363,0.020053574,0.02814956,0.038701338,0.052134037,0.144318311,0.324103198,0.176756924,0.243840208,0.530281703,0.092423811,0.117102356,0.145853662,0.178871395,0.216624236,0.260296468,0.31245046,0.377902723,-106.7112461,44.32489043,56019,3.299952174
50,WasteEOL_Module_95-by-35_Elec.Adv_DR_CdTe_p23_[Tonnes],0,0,0,0,3.59E-12,5.77E-10,1.23E-08,1.13E-07,6.38E-07,2.59E-06,8.43E-06,2.33E-05,5.72E-05,0.00012804,0.000265751,0.000518196,0.000958061,0.001691467,0.00286826,0.00469528,0.007456349,0.011545499,0.017521891,0.026195899,0.038756338,0.056949146,0.083318678,0.121525171,0.320459003,0.70377429,0.492409196,0.730998966,1.279716136,0.893810332,1.332252648,1.95437798,2.825335527,4.02994586,5.677588424,7.907611776,10.89476454,-105.0387513,44.24892369,56011,39.41753104
51,WasteEOL_Module_95-by-35_Elec.Adv_DR_CdTe_p24_[Tonnes],0,0,0,0,1.78E-11,2.85E-09,6.06E-08,5.60E-07,3.15E-06,1.28E-05,4.14E-05,0.000114106,0.000279295,0.000622961,0.001289088,0.002505925,0.004618819,0.008129784,0.013743714,0.022420483,0.035431005,0.054413262,0.081421033,0.118953339,0.169946415,0.237703038,0.325727834,0.437435301,1.285906172,2.953932919,1.457982431,2.018722995,3.908613165,0.750610306,0.95570468,1.194461033,1.466080834,1.769129057,2.102970173,2.469716151,2.875889674,-105.8451005,42.22317644,56001,26.72453289
52,WasteEOL_Module_95-by-35_Elec.Adv_DR_CdTe_p25_[Tonnes],0,0,2.82E-09,2.70E-07,3.90E-06,2.59E-05,0.000113831,0.000407324,0.001411883,0.005068078,0.017509412,0.054254127,0.148430947,0.362713637,0.805529977,1.651923893,3.169315961,5.748218653,9.937618293,16.48411313,26.37282236,40.86632161,61.53513554,90.26934537,129.2554853,180.8962959,250.9034001,334.2924449,496.3316771,751.3395903,3508.964274,4971.145624,606.4474701,267.5289246,331.6104168,400.7827456,471.4618369,538.8543776,597.5095039,642.3111582,669.7248811,-111.9317099,39.1005072,49039,15406.79039
53,WasteEOL_Module_95-by-35_Elec.Adv_DR_CdTe_p26_[Tonnes],0,0,0,0,8.88E-11,1.43E-08,3.03E-07,2.87E-06,1.71E-05,7.52E-05,0.000266208,0.000797886,0.002110849,0.00508785,0.011399332,0.024011402,0.047877841,0.090834747,0.164711607,0.286663439,0.4807118,0.779452759,1.225840839,1.874880943,2.794947048,4.068291202,5.790112238,8.065342727,14.55125883,25.75339555,39.04263624,54.10574148,45.1618567,27.79191657,34.50433461,41.775219,49.23880917,56.40256423,62.70483874,67.6214274,70.80415316,-110.3182862,40.52141335,49013,615.1715879
54,WasteEOL_Module_95-by-35_Elec.Adv_DR_CdTe_p27_[Tonnes],0,3.44E-09,3.70E-07,8.58E-06,8.66E-05,0.000498547,0.001983652,0.006143905,0.015945124,0.036349823,0.07511443,0.143802303,0.25906245,0.444182137,0.730861108,1.161085255,1.788906984,2.681953645,3.922672691,5.609691673,7.860224799,10.81515523,14.64927846,19.59037538,25.95241702,38.17267549,94.18766027,98.15371045,91.64700678,186.140971,194.7473971,285.7310345,473.6049168,301.3395351,439.7910041,630.1680019,887.3173815,1228.593485,1673.467713,2242.507731,2955.371431,-113.7436192,35.72391313,4015,11916.68746
55,WasteEOL_Module_95-by-35_Elec.Adv_DR_CdTe_p28_[Tonnes],0,9.95E-08,1.11E-05,0.000287713,0.003074563,0.018164466,0.073348653,0.229692144,0.602304329,1.387621267,2.898022326,5.604252337,10.18554453,17.58637321,29.07707727,46.31304928,71.38357591,106.8365303,155.6590859,221.1882585,306.9203654,416.1890719,551.6931056,714.8835253,905.2711779,1234.936532,3251.497786,3092.672564,3764.262038,9616.721345,2462.557325,3475.366944,1529.119073,269.4644065,333.0001823,401.6288661,472.2226365,540.8470417,603.4158811,656.6701877,699.1909266,-111.6056914,34.1838784,4007,35967.57725
56,WasteEOL_Module_95-by-35_Elec.Adv_DR_CdTe_p29_[Tonnes],0,2.63E-10,3.15E-08,9.66E-07,1.11E-05,6.77E-05,0.000279573,0.00089981,0.002446944,0.005893013,0.012928429,0.02631117,0.050304407,0.091201425,0.157928532,0.262704096,0.421712753,0.655725366,0.990555483,1.457191201,2.091380753,2.93239046,4.020613829,5.393719356,7.081116064,9.400937044,18.93424442,19.96479255,57.30137538,151.7299507,8.041421965,11.29387058,9.434669324,0.933680914,1.1222649,1.310469747,1.483117919,1.623536852,1.717358321,1.757596682,1.749505185,-109.516242,35.34591005,4001,323.4541749
57,WasteEOL_Module_95-by-35_Elec.Adv_DR_CdTe_p3_[Tonnes],0,6.06E-10,6.04E-08,1.05E-06,8.67E-06,4.46E-05,0.000167205,0.000506511,0.001321634,0.003094432,0.006673714,0.013493635,0.025894009,0.047564199,0.084120826,0.143818891,0.238384526,0.38394198,0.601986558,0.920331646,1.373933994,2.005471511,2.865508193,4.012036825,5.509149046,8.12517733,12.98056141,15.24454203,34.44588428,79.7695598,39.53098532,54.85963764,110.1945913,16.08884629,20.74766378,26.36055758,33.03981049,40.93764244,50.29040625,61.46984114,75.01755791,-118.472439,47.92035993,53019,697.3407187
58,WasteEOL_Module_95-by-35_Elec.Adv_DR_CdTe_p30_[Tonnes],0,4.12E-08,4.08E-06,6.90E-05,0.000551895,0.002780912,0.01027052,0.030565538,0.077964696,0.177385279,0.369557283,0.717682624,1.315616241,2.2974822,3.848415748,6.215801682,9.719916506,14.76224017,21.82887994,31.48561247,44.36019141,61.10715375,82.35095931,108.605604,140.1733575,224.6561876,402.0428477,407.6093283,859.3565991,2232.664868,342.774215,482.5698973,329.8719135,35.10116738,42.97739351,51.41600313,60.11546892,68.80855646,77.4283246,86.33136833,96.52996962,-111.6857101,32.04276153,4019,6329.712172
59,WasteEOL_Module_95-by-35_Elec.Adv_DR_CdTe_p31_[Tonnes],0,3.16E-07,3.02E-05,0.000428075,0.002768447,0.011683296,0.037632871,0.100617494,0.234970121,0.495392644,0.964326085,1.760661312,3.049643032,5.053530699,8.062106336,12.44144681,18.6384857,27.17779398,38.64585528,53.6572629,72.79740426,96.53837159,125.130325,158.4803083,196.0440874,602.3061463,458.4174146,449.9820372,726.6492791,1867.348616,335.4987537,470.1822626,449.7513447,67.97482401,84.19485995,101.9089556,120.4736622,139.1181193,157.132739,174.134726,190.3286473,-106.5737299,34.6249543,35061,7214.72752
60,WasteEOL_Module_95-by-35_Elec.Adv_DR_CdTe_p32_[Tonnes],0,0,0,0,3.64E-10,5.84E-08,1.24E-06,1.14E-05,6.37E-05,0.000254927,0.000810096,0.002178564,0.005166564,0.011110437,0.022093001,0.041203921,0.072842287,0.123055075,0.199897064,0.313784292,0.477791633,0.707812757,1.022455444,1.442487058,1.989580053,2.684052554,3.541289774,4.566628444,20.29638181,52.35531848,9.498435791,13.35226957,10.22817941,1.225354453,1.498593268,1.787157822,2.075971209,2.347804337,2.58729049,2.786366313,2.949407495,-103.324472,44.05773319,46103,140.2131008
61,WasteEOL_Module_95-by-35_Elec.Adv_DR_CdTe_p33_[Tonnes],0,2.95E-08,3.03E-06,5.99E-05,0.000546288,0.002984193,0.011547671,0.035218533,0.09064675,0.205845116,0.42487041,0.813648369,1.467059462,2.51726532,4.142973914,6.578945817,10.12452348,15.1492818,22.09307986,31.45699165,43.78111557,59.60558995,79.41299488,103.5545569,132.169681,199.1903205,459.8072585,444.7441826,463.097593,1104.52901,561.1177281,786.787205,788.8481375,145.516206,185.8640507,233.3802335,288.3400553,351.1300082,422.6328225,504.7351705,600.7836776,-105.8666298,40.03368077,8049,8054.143089
62,WasteEOL_Module_95-by-35_Elec.Adv_DR_CdTe_p34_[Tonnes],0,2.04E-07,1.96E-05,0.000282929,0.001885369,0.00819343,0.027055273,0.073751648,0.174716295,0.372172092,0.729862811,1.339963978,2.331099726,3.877185797,6.206449101,9.60943226,14.44408082,21.13513278,30.16408814,42.04530484,57.28377263,76.31168544,99.40510543,126.5896435,157.5549431,427.22403,427.688202,414.3174597,393.8515739,905.1984094,882.1738472,1248.701949,257.3855309,69.08906543,85.5272105,103.2858102,121.5037646,139.0625788,154.7458793,167.5015088,176.7457099,-105.2752917,38.1055194,8027,6623.688357
63,WasteEOL_Module_95-by-35_Elec.Adv_DR_CdTe_p35_[Tonnes],0,0,0,0,7.37E-12,1.18E-09,2.52E-08,2.35E-07,1.35E-06,5.65E-06,1.90E-05,5.42E-05,0.000136708,0.000312243,0.000657656,0.001294472,0.002405607,0.004255143,0.007210966,0.011769632,0.018582124,0.028478002,0.042483611,0.061827435,0.087922311,0.122310367,0.16655314,0.222048236,0.58463701,1.288138292,1.202519958,1.686667937,1.637303295,0.236725979,0.297019716,0.365212461,0.440193562,0.520651405,0.60566599,0.695488253,0.79220679,-105.0375055,47.1804594,30021,11.13075875
64,WasteEOL_Module_95-by-35_Elec.Adv_DR_CdTe_p36_[Tonnes],0,0,0,0,1.04E-09,1.68E-07,3.56E-06,3.28E-05,0.000182425,0.000727859,0.002305104,0.006175037,0.014583282,0.031224835,0.061818909,0.114795064,0.202084555,0.339998017,0.550148133,0.860338492,1.305280506,1.926911777,2.773966301,3.900290921,5.361232267,7.20728385,9.474185821,12.16898103,56.99982225,148.6258289,19.66292798,27.67510481,19.68048696,2.351325357,2.970902572,3.732032943,4.696787974,5.98182442,7.796998374,10.49998672,14.66817569,-102.0734343,47.15958973,38057,371.6447556
65,WasteEOL_Module_95-by-35_Elec.Adv_DR_CdTe_p37_[Tonnes],0,0,0,0,1.34E-09,2.15E-07,4.57E-06,4.20E-05,0.000233932,0.000933724,0.002958485,0.007929556,0.018737038,0.040139598,0.079506344,0.147701975,0.260107144,0.437749385,0.708490931,1.108171303,1.681526037,2.482588724,3.574124761,5.025443643,6.907715535,9.285740142,12.20510997,15.67409273,73.15678459,190.6224073,26.32167121,37.04240987,25.94773388,2.522554622,3.041780671,3.568794263,4.068686452,4.50642238,4.859430658,5.134873985,5.388141954,-99.03324693,47.70645859,38027,445.8307396
66,WasteEOL_Module_95-by-35_Elec.Adv_DR_CdTe_p38_[Tonnes],0,0,0,0,2.02E-09,3.24E-07,6.89E-06,6.34E-05,0.000352869,0.001408619,0.004463645,0.01196431,0.028269796,0.060554214,0.11992148,0.222734624,0.392147366,0.659800768,1.067604105,1.669446142,2.532567748,3.738154866,5.3804718,7.563551634,10.39412838,13.96922944,18.356841,23.56864003,110.2413977,287.3777851,40.0428066,56.40582173,35.4534667,3.675173144,4.454254475,5.256573238,6.032070542,6.726691996,7.297060125,7.730093428,8.061982613,-99.79847762,44.48283152,46065,668.4975008
67,WasteEOL_Module_95-by-35_Elec.Adv_DR_CdTe_p39_[Tonnes],0,0,0,0,2.40E-10,3.86E-08,8.20E-07,7.55E-06,4.20E-05,0.000167414,0.000529807,0.001418112,0.003346192,0.007158383,0.014159919,0.026272393,0.04621286,0.077692206,0.125623299,0.196320857,0.297661493,0.439152164,0.631827322,0.88785952,1.219729556,1.638771471,2.152907959,2.763461294,13.07394111,34.15693138,4.16809864,5.864409135,4.172245145,0.488243302,0.597867989,0.714272587,0.831849569,0.944322192,1.046412686,1.136095696,1.216755435,-102.6958257,41.74325238,31123,78.94176747
68,WasteEOL_Module_95-by-35_Elec.Adv_DR_CdTe_p4_[Tonnes],0,9.56E-10,9.13E-08,1.28E-06,8.11E-06,3.36E-05,0.000106396,0.000281075,0.000651754,0.001371124,0.002675242,0.004914952,0.008594146,0.014414169,0.023322194,0.03655951,0.055703062,0.082690685,0.119824198,0.169784741,0.235793447,0.322172329,0.435666543,0.587982796,0.800088753,2.215159647,1.891458474,2.515120732,5.708061948,13.10489237,8.312109008,13.29190522,19.33998445,26.20993688,39.99715165,59.65468903,87.12404778,124.7854534,175.4748344,242.4513817,329.2819973,-119.5470861,47.4129124,53025,1154.260824
69,WasteEOL_Module_95-by-35_Elec.Adv_DR_CdTe_p40_[Tonnes],0,0,0,0,1.07E-09,1.72E-07,3.66E-06,3.37E-05,0.000187812,0.000751992,0.002393202,0.006451772,0.015353968,0.033160862,0.066263164,0.124225939,0.220779041,0.374935002,0.612191594,0.965735088,1.477494302,2.198795815,3.190229444,4.520149458,6.261026934,8.482681177,11.24135706,14.56386185,61.27671369,156.1721429,32.00917905,44.68964223,57.52060861,5.372690703,6.455271591,7.536122734,8.529648038,9.342983653,9.898113866,10.16081226,10.16726391,-99.18350983,41.52161835,31175,473.4892562
70,WasteEOL_Module_95-by-35_Elec.Adv_DR_CdTe_p41_[Tonnes],0,0,0,0,1.07E-09,1.72E-07,3.65E-06,3.36E-05,0.000188014,0.000754625,0.002407288,0.006499747,0.015473194,0.033388946,0.066593451,0.124517857,0.220606477,0.373357122,0.607494965,0.955632888,1.461561935,2.187233934,3.226179247,4.726554035,6.927340639,10.21151835,15.18039502,22.7539139,77.09990977,185.0954825,88.37126878,138.1857183,170.4749944,224.6981685,342.6051349,510.4722677,744.610302,1064.840459,1494.482238,2059.835079,2788.830033,-96.34583201,40.93518639,31025,9958.682704
71,WasteEOL_Module_95-by-35_Elec.Adv_DR_CdTe_p42_[Tonnes],0,0,0,0,4.66E-11,7.47E-09,1.59E-07,1.48E-06,8.44E-06,3.52E-05,0.000118804,0.000348225,0.000918093,0.002217195,0.004956089,0.010337852,0.02027465,0.037651775,0.066638927,0.11304488,0.184705171,0.291880913,0.447628078,0.668067872,0.97244833,1.382834665,1.923205934,2.617681435,5.348978973,10.34368328,9.540492563,12.9545336,43.82172254,4.545892248,5.530569144,6.558548447,7.574197172,8.518802001,9.3490862,10.0620406,10.7194777,-95.4795737,48.02901973,27007,153.6130286
72,WasteEOL_Module_95-by-35_Elec.Adv_DR_CdTe_p43_[Tonnes],0,0,0,0,1.44E-09,2.31E-07,4.92E-06,4.83E-05,0.000315682,0.001555392,0.006172744,0.020635809,0.059953983,0.15485679,0.362087403,0.778097309,1.556348905,2.928334021,5.228244597,8.920916289,14.63210103,23.17915981,35.59870706,53.16536433,77.39240159,110.0006161,152.8366498,207.717145,333.6044997,537.9207859,1273.384742,1768.463735,2858.606531,295.4666223,354.6793306,413.30347,466.2267309,507.713223,532.565723,537.7036384,523.6931499,-93.66377494,46.26358649,27001,11097.8719
73,WasteEOL_Module_95-by-35_Elec.Adv_DR_CdTe_p44_[Tonnes],0,0,0,0,2.86E-10,4.59E-08,9.76E-07,9.00E-06,5.03E-05,0.000203719,0.000675703,0.001990987,0.005400535,0.013586159,0.031709013,0.068834437,0.139756837,0.267238059,0.484656332,0.83903314,1.394352444,2.234995472,3.468965323,5.230345209,7.680099433,11.00387441,15.40490596,21.08956942,39.6829486,72.61625017,50.78147771,65.77471894,457.1829732,39.24367929,46.49038459,53.29541292,58.8821456,62.40707313,63.13934147,60.69792296,55.27651783,-95.74181715,44.42138655,27083,1194.831099
74,WasteEOL_Module_95-by-35_Elec.Adv_DR_CdTe_p45_[Tonnes],0,0,0,0,5.23E-10,8.40E-08,1.78E-06,1.64E-05,9.18E-05,0.00036839,0.00117513,0.00317688,0.007585195,0.0164447,0.033002789,0.062166844,0.111048891,0.189590748,0.311250612,0.49371174,0.759541119,1.136675786,1.658542079,2.363517399,3.293331829,4.48990144,5.990036819,7.817569565,30.89372864,77.5702555,19.22165005,26.79112887,35.2339623,5.27429053,6.516317194,7.873315827,9.306103444,10.77857797,12.28190538,13.86955888,15.69842403,-95.02634463,42.41935156,19161,300.0479667
75,WasteEOL_Module_95-by-35_Elec.Adv_DR_CdTe_p46_[Tonnes],0,3.03E-10,3.23E-08,7.27E-07,7.22E-06,4.12E-05,0.000163499,0.000506188,0.001316109,0.003010879,0.006252591,0.012050513,0.021909635,0.038040013,0.063633334,0.10320388,0.162982298,0.251339922,0.379208403,0.560444946,0.812080565,1.154382848,1.610674069,2.206879483,2.970842663,4.281835037,9.111288841,9.706832994,11.32160567,23.08147084,14.11517108,18.92485468,75.80771229,11.27352348,13.8698749,16.65000834,19.48166257,22.2066615,24.67381478,26.78582349,28.54627781,-91.39624127,45.46791696,55107,340.1973894
76,WasteEOL_Module_95-by-35_Elec.Adv_DR_CdTe_p47_[Tonnes],0,6.22E-10,1.81E-07,1.25E-05,0.000173418,0.001127082,0.004752102,0.015190658,0.040175787,0.092742925,0.193461805,0.373278907,0.676982186,1.167218862,1.928881445,3.073506137,4.743083495,7.112352238,10.38824451,14.80473193,20.61102301,28.05113496,37.33368414,48.59275093,61.84415938,77.66522202,234.4652201,222.705189,128.9574499,256.5614011,601.8413989,854.4657145,50.58485629,7.537108791,9.347453831,11.33152975,13.42082532,15.53268614,17.59038061,19.55097869,21.4316979,-103.9155591,33.48134861,35005,2784.037782
77,WasteEOL_Module_95-by-35_Elec.Adv_DR_CdTe_p48_[Tonnes],0,1.28E-10,1.71E-08,6.39E-07,7.84E-06,4.90E-05,0.00020487,0.000664026,0.001815521,0.004398052,0.009723192,0.019991086,0.03871539,0.071267387,0.125539424,0.212716463,0.348128905,0.552136883,0.850963289,1.277348024,1.870839624,2.677476207,3.748545609,5.13807177,6.898673099,9.22299926,17.3910935,19.26955505,48.66986946,121.3124718,40.74931097,57.17527437,53.83839304,5.806421032,7.123007281,8.533077153,9.978082857,11.39510981,12.7371823,13.9995757,15.24321744,-101.7896096,34.85870122,48381,476.2919173
78,WasteEOL_Module_95-by-35_Elec.Adv_DR_CdTe_p49_[Tonnes],0,0,0,0,9.45E-13,1.52E-10,3.22E-09,2.97E-08,1.66E-07,6.65E-07,2.13E-06,5.77E-06,1.39E-05,3.06E-05,6.28E-05,0.000121581,0.00022442,0.00039727,0.000677889,0.001119761,0.0017971,0.002811102,0.004297581,0.006435937,0.009459164,0.01366426,0.019422063,0.027185364,0.075288609,0.168674638,0.075406259,0.106050072,0.200526125,0.116111751,0.157118356,0.209470349,0.275303673,0.356942941,0.456907718,0.577886881,0.722593352,-101.5000045,36.74873009,40139,3.586010226
79,WasteEOL_Module_95-by-35_Elec.Adv_DR_CdTe_p5_[Tonnes],0,4.56E-08,4.40E-06,6.55E-05,0.000453021,0.002038231,0.006921606,0.019279422,0.046424846,0.100111657,0.198139301,0.366358779,0.641177262,1.072569038,1.727459804,2.693188036,4.080548406,6.02569284,8.689936818,12.25634807,16.92200538,22.88522454,30.32814224,39.39707976,50.18604494,115.4451352,147.8872962,147.2459689,123.2170619,252.1480315,254.0129474,353.3039001,678.6889031,103.3036541,134.0704228,171.3107093,215.7204029,268.1031378,329.5257635,401.4684981,485.8308844,-120.8593635,44.87742596,41065,4378.927931
80,WasteEOL_Module_95-by-35_Elec.Adv_DR_CdTe_p50_[Tonnes],0,0,0,0,4.38E-11,7.03E-09,1.50E-07,1.41E-06,8.30E-06,3.63E-05,0.000132378,0.000428214,0.001255707,0.003348087,0.008143266,0.018200762,0.037743629,0.073344638,0.134813571,0.236487081,0.399424455,0.655355341,1.053480418,1.671389397,2.631456448,4.124108258,6.439339231,10.00778574,17.20450325,29.10896708,43.83526959,65.56333353,177.8382358,102.1763146,151.1356199,219.486603,313.2415198,439.6729251,607.3220535,825.8192194,1105.375095,-97.47670229,35.30086027,40027,4125.275942
81,WasteEOL_Module_95-by-35_Elec.Adv_DR_CdTe_p51_[Tonnes],0,0,0,0,1.14E-11,1.83E-09,3.90E-08,3.59E-07,2.01E-06,8.09E-06,2.60E-05,7.08E-05,0.000171751,0.000381107,0.000789428,0.001546205,0.002895665,0.005279372,0.009667906,0.018477021,0.037698552,0.081164492,0.178096259,0.385275766,0.805330453,1.612757576,3.089421189,5.671326164,10.46533246,18.46221383,28.2401452,45.23664693,71.24218515,106.0301179,157.9234932,230.3253681,329.384317,462.3391314,637.3655557,863.1766775,1148.254305,-95.63163853,36.28372003,40131,4120.345875
82,WasteEOL_Module_95-by-35_Elec.Adv_DR_CdTe_p52_[Tonnes],0,0,0,0,1.71E-10,2.75E-08,5.84E-07,5.39E-06,3.02E-05,0.000121363,0.000388348,0.001051383,0.002507931,0.005418734,0.010814911,0.020227076,0.035852699,0.060871567,0.100232193,0.162479493,0.263387546,0.43230249,0.722210684,1.224634856,2.09053112,3.558417489,5.991015754,9.921737078,22.95764464,46.94032341,42.54469487,65.68843148,88.0163967,128.2822364,187.2872392,268.004747,376.3017065,518.7810945,702.436464,933.9920683,1218.805869,-101.0284679,38.7673038,20109,4624.643155
83,WasteEOL_Module_95-by-35_Elec.Adv_DR_CdTe_p53_[Tonnes],0,0,0,0,2.21E-09,3.55E-07,7.54E-06,6.94E-05,0.000386469,0.00154255,0.004887986,0.013105145,0.030986748,0.066455803,0.131847285,0.245460355,0.433391004,0.731726752,1.189375774,1.872079462,2.868461102,4.299196921,6.330475926,9.192854178,13.20646851,18.81346139,26.61858225,37.43959726,140.7853459,348.1990358,97.24820396,145.9959019,183.8507591,199.8079097,293.2203624,422.0216859,596.3315843,827.9023792,1129.787346,1515.569659,1997.932301,-97.48884753,38.39197065,20113,8022.142894
84,WasteEOL_Module_95-by-35_Elec.Adv_DR_CdTe_p54_[Tonnes],0,7.57E-10,7.63E-08,1.40E-06,1.21E-05,6.40E-05,0.000248534,0.000792319,0.0022188,0.005640672,0.013221704,0.028846922,0.059037849,0.114137515,0.20977389,0.36859265,0.622224721,1.013413801,1.598166026,2.447689169,3.649753163,5.308920995,7.544870773,10.48777246,14.26943773,19.88459598,29.75872805,35.53464199,125.6792848,320.8854947,67.76919795,94.87976169,102.7831508,9.732120677,11.71294606,13.70254007,15.54923516,17.08769349,18.17792833,18.75638136,18.88274667,-93.93551551,39.68010457,29025,968.521285
85,WasteEOL_Module_95-by-35_Elec.Adv_DR_CdTe_p55_[Tonnes],0,5.58E-11,8.12E-09,3.43E-07,4.34E-06,2.78E-05,0.000121703,0.000432929,0.001347384,0.003757764,0.009482363,0.021861258,0.046554656,0.092560343,0.17345634,0.308861545,0.526086529,0.861912199,1.364378613,2.094381253,3.126748394,4.550300748,6.466170709,8.983398596,12.21057392,16.30667889,24.39332463,29.47035864,124.3969621,326.371784,22.09463916,30.61245357,62.10515883,6.55622506,8.223611848,10.14933971,12.35487161,14.8975289,17.90954008,21.64934349,26.55689159,-93.63067538,37.39648815,29057,794.8911318
86,WasteEOL_Module_95-by-35_Elec.Adv_DR_CdTe_p56_[Tonnes],0,0,0,0,8.05E-11,1.29E-08,2.75E-07,2.54E-06,1.44E-05,5.89E-05,0.000193413,0.000544485,0.001367366,0.003139793,0.006695708,0.013403277,0.025390321,0.045818947,0.079208814,0.131803973,0.211970476,0.330598758,0.501463885,0.74146581,1.070629745,1.511695138,2.089068086,2.826873834,6.966488148,14.88839127,9.909999889,13.57276716,34.70996172,5.061412019,6.241812631,7.51545436,8.827777751,10.11387296,11.31320495,12.39048942,13.35663844,-93.59063588,35.49289456,5071,164.4596786
87,WasteEOL_Module_95-by-35_Elec.Adv_DR_CdTe_p57_[Tonnes],0,5.43E-09,5.16E-07,7.09E-06,4.38E-05,0.000175757,0.000540423,0.001385642,0.003115759,0.006345683,0.011963795,0.021203459,0.035721051,0.057674896,0.089794012,0.135418144,0.198481382,0.28340133,0.394826945,0.537195962,0.714066175,0.927226063,1.175672219,1.454669246,1.755264062,8.342773022,2.281014547,2.357293886,3.242808771,7.405007697,5.994736579,8.438158101,6.432548136,1.086652335,1.402386915,1.788823696,2.264315946,2.861442952,3.639324271,4.702546761,6.228387599,-94.5241288,32.86217276,48315,76.27241459
88,WasteEOL_Module_95-by-35_Elec.Adv_DR_CdTe_p58_[Tonnes],0,2.37E-08,2.25E-06,3.06E-05,0.000186236,0.000736008,0.002233348,0.005695313,0.01289082,0.026800306,0.052300241,0.097114959,0.173079836,0.297772756,0.496538488,0.804874536,1.271093396,1.959120999,2.951237886,4.350517895,6.282674659,8.897002948,12.36611622,16.88423707,22.66383734,57.337879,34.50021957,45.35226532,161.0606677,394.8638139,155.2297438,219.3729182,109.0773238,70.00684512,92.964714,121.524632,156.4643262,198.574132,248.6937862,307.7606992,376.8132337,-92.01150228,30.84054963,22097,2829.193294
89,WasteEOL_Module_95-by-35_Elec.Adv_DR_CdTe_p59_[Tonnes],0,1.80E-09,1.73E-07,2.48E-06,1.64E-05,7.07E-05,0.000235393,0.000664999,0.001690679,0.00398076,0.008784291,0.018268823,0.035962721,0.067307949,0.12032253,0.206362695,0.340961194,0.544697383,0.844028144,1.27199359,1.868719523,2.681642632,3.76535839,5.180946793,6.994595405,11.35880638,13.61829853,16.64143358,69.73898181,182.8419891,12.2670941,18.18991986,37.06653544,21.77005322,32.50163704,47.67400233,68.78785206,97.74005834,136.888031,189.0993292,257.764111,-106.2230818,31.77308956,48141,1237.904747
90,WasteEOL_Module_95-by-35_Elec.Adv_DR_CdTe_p6_[Tonnes],0,1.97E-09,2.03E-07,4.06E-06,3.74E-05,0.000205157,0.000795775,0.002429187,0.00625125,0.014182946,0.02924452,0.055999235,0.101174688,0.174500885,0.289769586,0.46608459,0.729236198,1.113099924,1.66094055,2.426505933,3.474833391,4.882773759,6.739387856,9.146636133,12.22118859,18.37570931,38.90475199,41.08592645,43.3479313,86.73090483,71.88495826,99.89232268,303.0191769,66.43272863,90.35824503,121.3057126,160.8676696,210.9358232,273.7571881,351.9453726,448.3593956,-122.7941288,42.80834786,41019,2470.739099
91,WasteEOL_Module_95-by-35_Elec.Adv_DR_CdTe_p60_[Tonnes],0,9.56E-11,9.81E-09,1.93E-07,1.75E-06,9.56E-06,3.73E-05,0.000117265,0.000333349,0.000939439,0.00268215,0.007501824,0.019953213,0.049941703,0.117299797,0.258551112,0.536153528,1.050507812,1.955045671,3.474787987,5.928870827,9.757518073,15.5536076,24.09821678,36.39822764,53.83272468,78.44572265,110.6126163,158.2036078,225.9745659,579.3705614,807.5908924,904.8655989,467.1955306,604.7780436,769.3468854,962.1733751,1184.082859,1436.142071,1720.736372,2042.655391,-100.4747257,33.42197646,48269,12205.21712
92,WasteEOL_Module_95-by-35_Elec.Adv_DR_CdTe_p61_[Tonnes],0,6.38E-11,7.29E-09,2.00E-07,2.21E-06,1.42E-05,7.44E-05,0.000362675,0.001551649,0.005622146,0.01749278,0.048091126,0.119836044,0.275724436,0.592965779,1.201795651,2.309991462,4.233598121,7.434388046,12.56448717,20.51820189,32.49013908,50.0369434,75.13713112,110.2393831,158.3580144,224.0897327,308.3064477,662.6388548,1322.090103,1178.426868,1625.703131,3379.832987,886.3608499,1135.152008,1427.183827,1762.080954,2138.250456,2554.224959,3010.596711,3511.675974,-102.5121274,30.79490767,48371,25602.19967
93,WasteEOL_Module_95-by-35_Elec.Adv_DR_CdTe_p62_[Tonnes],0,5.10E-10,4.90E-08,7.14E-07,4.80E-06,2.10E-05,7.01E-05,0.000193422,0.000466662,0.001023626,0.00214908,0.004657905,0.011117648,0.028881964,0.075775768,0.188987037,0.437631732,0.939425484,1.881855663,3.548165463,6.348287227,10.85451545,17.84106818,28.3255732,43.60869636,65.89532687,95.92070509,136.4318959,192.4668405,268.3207053,350.7509649,460.1281196,1682.453777,614.7341639,758.6951129,912.3408215,1066.820136,1210.526458,1330.485491,1414.780665,1455.550486,-102.3887614,31.77998214,48135,12130.40024
94,WasteEOL_Module_95-by-35_Elec.Adv_DR_CdTe_p63_[Tonnes],0,1.61E-09,1.73E-07,4.00E-06,4.04E-05,0.000232409,0.000928441,0.002905403,0.0076812,0.017998032,0.038575676,0.077308322,0.147254241,0.269993618,0.480834931,0.836167035,1.423201354,2.372324513,3.872229935,6.187897246,9.681323052,14.83464614,22.27492119,32.79924459,47.39815314,69.13624873,116.7376054,146.8015629,236.8260059,446.013002,446.175767,613.985885,1053.500085,454.2214315,577.8175382,720.1373037,879.0324606,1050.914006,1231.286154,1415.713726,1600.90895,-97.11815228,32.37182664,48251,11201.9316
95,WasteEOL_Module_95-by-35_Elec.Adv_DR_CdTe_p64_[Tonnes],0,1.35E-10,8.76E-08,7.35E-06,0.000104441,0.000683617,0.002889738,0.009239282,0.024385887,0.056020443,0.115900727,0.22100856,0.394851175,0.668946449,1.08445873,1.693821205,2.562035737,3.767163509,5.39931817,7.557291858,10.34188008,13.84519066,18.13596736,23.24250335,29.13721322,35.8868204,129.3466643,118.8546918,33.59031904,57.28589414,72.79040737,99.67608023,147.4735937,82.75057311,104.0114411,127.8727127,153.6812009,180.5446043,207.5247691,233.9755214,259.9820337,-98.02819061,30.14290618,48209,2163.508209
96,WasteEOL_Module_95-by-35_Elec.Adv_DR_CdTe_p65_[Tonnes],0,1.40E-07,1.34E-05,0.000188506,0.001205014,0.005025213,0.01601632,0.042448396,0.09844968,0.206540865,0.400856524,0.731093592,1.267130068,2.104137355,3.367819833,5.219139328,7.857514537,11.52103242,16.48172636,23.0336077,31.47115047,42.056733,54.97762412,70.29681494,87.90707789,269.9844386,186.8789594,190.7554431,340.9560085,849.3740643,411.9962236,584.7018861,46.89832719,20.11849046,26.04921442,33.13621822,41.42565176,50.93573457,61.67901209,73.69812101,87.10013328,-98.36237296,28.14593418,48311,3634.751272
97,WasteEOL_Module_95-by-35_Elec.Adv_DR_CdTe_p66_[Tonnes],0,5.58E-11,1.01E-08,5.31E-07,7.05E-06,4.52E-05,0.000189386,0.000603422,0.001592121,0.003665167,0.007614977,0.014610495,0.026308016,0.044978118,0.073642883,0.116210497,0.17758528,0.263720142,0.381566548,0.538868628,0.743749883,1.004060292,1.326500925,1.715640104,2.173091434,2.761857267,8.806043604,8.29945403,4.738373315,10.0812405,10.99068775,15.61825069,13.13720859,5.825790714,8.152558364,11.25853689,15.35674887,20.71039387,27.64545709,36.56477764,47.96041494,-94.49850005,30.68456443,48457,256.5220452
98,WasteEOL_Module_95-by-35_Elec.Adv_DR_CdTe_p67_[Tonnes],0,3.98E-10,4.68E-08,1.37E-06,1.55E-05,9.38E-05,0.000384844,0.00122553,0.003285868,0.00779683,0.016902225,0.034190794,0.065491753,0.120043341,0.212115774,0.363130591,0.60432338,0.980123871,1.55275913,2.409128715,3.671717652,5.516025317,8.197530976,12.09161867,17.75020572,26.44000197,48.21525148,63.39518454,114.3383962,230.4180016,230.2345441,338.3292653,479.2691531,411.7570422,593.7026307,841.5025823,1173.32829,1610.337137,2176.282824,2896.45003,3795.490519,-95.42461309,29.5703565,48039,15083.08896
99,WasteEOL_Module_95-by-35_Elec.Adv_DR_CdTe_p68_[Tonnes],0,0,0,0,1.22E-10,1.96E-08,4.18E-07,4.06E-06,2.58E-05,0.000123452,0.000478698,0.001576938,0.004544756,0.01169148,0.02728419,0.058576621,0.117106535,0.220268715,0.393157825,0.67065181,1.099664313,1.741422449,2.673509325,3.991232712,5.807627806,8.251070203,11.45908965,15.56661649,25.5724346,42.09698676,90.35369902,125.1752804,229.6031138,21.59376084,25.84300251,30.01218304,33.72556767,36.57026902,38.18581606,38.38283666,37.25446571,-93.84641518,43.85294596,27013,826.4651404
100,WasteEOL_Module_95-by-35_Elec.Adv_DR_CdTe_p69_[Tonnes],0,0,0,0,1.78E-10,2.85E-08,6.06E-07,5.61E-06,3.17E-05,0.000129556,0.000422398,0.001168224,0.002851207,0.006306891,0.012883905,0.024643887,0.0446032,0.077038175,0.127917966,0.205576134,0.321762821,0.493232367,0.744019137,1.108537967,1.635617513,2.393542472,3.476161348,5.010140718,14.26556977,32.27276717,22.43697724,32.81357464,34.4580688,29.39198269,42.54596282,60.43517198,84.31680775,115.6067472,155.8100253,206.3845111,268.5086059,-92.11168489,42.91269261,19037,1114.933366
101,WasteEOL_Module_95-by-35_Elec.Adv_DR_CdTe_p7_[Tonnes],0,3.43E-10,4.90E-08,2.02E-06,2.55E-05,0.000160284,0.000666258,0.00211404,0.00557298,0.012878343,0.027030479,0.052770019,0.097369453,0.171692833,0.291552709,0.479353827,0.765975992,1.192801473,1.813730583,2.69696114,3.926248735,5.601330689,7.837215149,10.76215087,14.51432658,19.63406111,44.06055982,47.18122491,40.93894076,66.56941637,228.1564099,322.7980474,75.04084757,45.08651224,58.30468822,74.05905892,92.42453856,113.4058549,136.9929837,163.2552464,192.4434255,-118.790355,43.19860125,41025,1770.603746
102,WasteEOL_Module_95-by-35_Elec.Adv_DR_CdTe_p70_[Tonnes],0,0,0,0,1.26E-09,2.03E-07,4.31E-06,3.97E-05,0.000221979,0.000891406,0.00284785,0.00771337,0.018454918,0.040093612,0.080617872,0.152109205,0.272079272,0.464999988,0.763978695,1.212480207,1.865916359,2.792799181,4.074974878,5.806218978,8.0881949,11.02251483,14.6975166,19.16860367,74.94642414,187.7010577,49.66827678,69.23994776,94.5559878,11.13775812,13.60458037,16.20204256,18.79196579,21.2183271,23.34529428,25.1086659,26.56472373,-92.68514792,41.53491879,19157,702.6183241
103,WasteEOL_Module_95-by-35_Elec.Adv_DR_CdTe_p71_[Tonnes],0,3.90E-10,3.74E-08,5.38E-07,3.55E-06,1.53E-05,5.10E-05,0.000144889,0.000372706,0.000893419,0.002016813,0.004301626,0.008687718,0.016664323,0.030474809,0.053356116,0.089807526,0.145877848,0.229451258,0.350498876,0.521244176,0.756164763,1.071720635,1.485661463,2.015727487,3.129252892,3.806966626,4.669330646,17.96069185,45.95713541,13.34655385,18.90917057,4.018017831,0.431087208,0.524684395,0.622416937,0.718902804,0.808363603,0.886349327,0.952088449,1.01086982,-92.01395166,39.96993092,29103,124.5350191
104,WasteEOL_Module_95-by-35_Elec.Adv_DR_CdTe_p72_[Tonnes],0,4.06E-10,4.58E-08,1.22E-06,1.32E-05,7.89E-05,0.000328349,0.001095803,0.003169153,0.008232519,0.019542931,0.042874065,0.087754339,0.169015873,0.308654373,0.537976757,0.899976629,1.451818737,2.267221547,3.438390385,5.076961897,7.313169548,10.29213987,14.16591685,19.07956449,25.6198091,40.72673304,47.43594355,186.3519855,490.6905535,36.82013419,51.61998439,50.35569991,5.547706486,6.766940838,8.048163053,9.324030559,10.52070032,11.57806271,12.47665729,13.26289871,-91.3675038,38.4997353,29071,1072.309901
105,WasteEOL_Module_95-by-35_Elec.Adv_DR_CdTe_p73_[Tonnes],0,0,4.13E-10,3.97E-08,5.72E-07,3.78E-06,1.65E-05,5.62E-05,0.000164938,0.00043601,0.001062225,0.002409666,0.005121254,0.010252136,0.019438052,0.035096274,0.060656368,0.100814144,0.161796312,0.251616402,0.380294397,0.559999632,0.805055041,1.131711839,1.557570936,2.100499369,3.255177293,3.977556367,11.13068486,26.48805862,22.01968983,31.3610694,3.358258832,2.015664412,3.002926923,4.389488076,6.301978683,8.894562299,12.34965221,16.87489442,22.69351103,-91.06236394,37.67809039,29093,185.2972454
106,WasteEOL_Module_95-by-35_Elec.Adv_DR_CdTe_p74_[Tonnes],0,0,0,0,6.47E-11,1.04E-08,2.21E-07,2.04E-06,1.14E-05,4.59E-05,0.000146821,0.000398132,0.00095227,0.002065037,0.004139253,0.007777708,0.013845083,0.023537695,0.038458404,0.060691408,0.092867563,0.138204564,0.200497434,0.284023183,0.393310164,0.532710718,0.705711638,0.913932222,3.742138745,9.479210727,2.700747083,3.801151807,2.694717948,0.264520512,0.32144236,0.380687023,0.438941351,0.492662404,0.539093012,0.577580938,0.610780558,-88.25976999,46.39589899,26071,29.45700328
107,WasteEOL_Module_95-by-35_Elec.Adv_DR_CdTe_p75_[Tonnes],0,3.90E-10,3.89E-08,6.77E-07,5.56E-06,2.85E-05,0.000106292,0.000317625,0.000809546,0.001833387,0.003791557,0.007297019,0.013246943,0.022910429,0.038027506,0.060913246,0.094556197,0.142694494,0.209846179,0.301263692,0.422778338,0.580502292,0.780368678,1.027521723,1.325623216,2.127936013,4.087423849,4.102035094,6.777700028,17.05702606,3.42015454,4.781416713,9.900276061,1.965624364,2.669429834,3.582357158,4.756214961,6.256419185,8.166815554,10.59463,13.67338716,-88.88363925,45.19646292,55067,108.9532897
108,WasteEOL_Module_95-by-35_Elec.Adv_DR_CdTe_p76_[Tonnes],0,3.19E-11,7.05E-09,4.27E-07,5.81E-06,3.75E-05,0.000158159,0.000507258,0.001350494,0.003144507,0.006620636,0.012892038,0.023589894,0.041033135,0.068430542,0.1101066,0.171733625,0.260541463,0.385467563,0.557228745,0.788361494,1.093367787,1.489197222,1.996408386,2.641501247,3.497968276,9.151856024,9.53825137,12.43346563,28.59284504,13.99672109,20.67022305,40.00901131,25.61034902,37.70472166,54.55842471,77.65765602,108.8203954,150.2196875,204.3727081,274.063548,-89.11741448,44.06230241,55137,1080.549517
109,WasteEOL_Module_95-by-35_Elec.Adv_DR_CdTe_p77_[Tonnes],0,0,1.38E-09,1.33E-07,1.91E-06,1.26E-05,5.35E-05,0.000172605,0.0004623,0.001083501,0.002298276,0.004514415,0.008347649,0.014707632,0.024910978,0.040820951,0.065012516,0.100972629,0.153384732,0.228642597,0.335908736,0.489224297,0.711336835,1.04004603,1.537993573,2.306944102,5.108456205,6.653528646,10.65333679,21.35733515,20.1296319,31.25676874,59.74526265,62.11957053,92.26370154,134.3391268,191.975964,269.499599,371.8839212,504.5753205,673.1097307,-90.49937312,43.41560313,55103,2461.738107
110,WasteEOL_Module_95-by-35_Elec.Adv_DR_CdTe_p78_[Tonnes],0,3.51E-10,3.60E-08,7.15E-07,6.53E-06,3.57E-05,0.000138074,0.000420408,0.001078843,0.002440448,0.005016334,0.00956912,0.017197967,0.029445098,0.048424105,0.076964409,0.118759881,0.17850174,0.261966563,0.376020862,0.528497667,0.727903547,0.982935069,1.301830948,1.691664288,2.563404938,5.795478071,5.763195638,4.600138827,9.207943478,12.50326131,17.52513993,11.96493207,4.373863855,5.515219688,6.836412144,8.352340216,10.10566907,12.20205522,14.86474138,18.51041504,-89.33478091,42.83835582,55105,157.0430292
111,WasteEOL_Module_95-by-35_Elec.Adv_DR_CdTe_p79_[Tonnes],0,8.13E-10,8.10E-08,1.41E-06,1.16E-05,5.95E-05,0.000222547,0.000668225,0.001716942,0.003931821,0.008241177,0.01609894,0.029688451,0.052172862,0.087989291,0.143175609,0.225708275,0.345815559,0.51621223,0.752180454,1.071400816,1.493424249,2.038681732,2.726968642,3.575425625,5.536483232,9.999965429,10.45753497,22.2241096,56.27500361,10.4254907,14.4981454,23.09493391,4.99105736,6.380451999,8.00861121,9.874089302,11.97041875,14.29454487,16.85854315,19.69969855,-88.23565775,43.07262373,55133,257.6788781
112,WasteEOL_Module_95-by-35_Elec.Adv_DR_CdTe_p8_[Tonnes],0,6.53E-09,6.34E-07,9.71E-06,6.95E-05,0.000322607,0.001126009,0.003229564,0.008054596,0.018112196,0.037592588,0.073153056,0.134925392,0.237749241,0.402612294,0.658243359,1.04275723,1.605188593,2.406675758,3.520962211,5.033783747,7.040629746,9.642355814,12.9382362,17.01631636,29.50077605,41.72310354,45.18135515,116.3756512,296.9380224,65.98823759,92.9476629,77.48471119,16.44716571,21.64902141,28.06353208,35.85517169,45.20265158,56.31310418,69.43338959,84.83928633,-121.4464046,41.30824779,6049,1185.764949
113,WasteEOL_Module_95-by-35_Elec.Adv_DR_CdTe_p80_[Tonnes],0,2.84E-09,3.32E-07,9.65E-06,0.000108491,0.000654588,0.002666003,0.008357044,0.021807453,0.049759477,0.102541936,0.195121528,0.348276185,0.589863113,0.956092624,1.492625278,2.255188467,3.309254531,4.7281483,6.58879883,8.964303696,11.91267832,15.46182669,19.59213133,24.22025175,32.4724133,105.8663589,95.76984834,33.18588239,72.48889957,47.2962637,65.62707946,108.9995609,31.69820736,40.79937879,51.60567987,64.18486612,78.59508893,94.94748565,113.4977246,134.7394616,-88.79751098,41.76580781,17037,1272.574665
114,WasteEOL_Module_95-by-35_Elec.Adv_DR_CdTe_p81_[Tonnes],0,7.17E-10,6.96E-08,1.06E-06,7.62E-06,3.53E-05,0.000123117,0.000352153,0.000874424,0.001955136,0.004032745,0.007802779,0.014352214,0.02540876,0.043762983,0.073896957,0.122842647,0.201285667,0.32492081,0.516053525,0.805425499,1.234221603,1.85618812,2.73975435,3.96999138,6.479836017,9.426885102,12.0426982,21.2869962,41.70414693,28.80515604,39.04504399,48.44023301,44.21603731,55.10825768,67.0101797,79.36709243,91.41118253,102.2403794,110.9715204,116.942781,-89.78363058,39.3367648,17117,886.4417149
115,WasteEOL_Module_95-by-35_Elec.Adv_DR_CdTe_p82_[Tonnes],0,0,5.64E-10,5.41E-08,7.79E-07,5.13E-06,2.18E-05,7.04E-05,0.000188606,0.000442599,0.000940037,0.001850865,0.003473031,0.006445459,0.012204185,0.023744003,0.046751909,0.09126052,0.174190888,0.323575656,0.585892122,1.038609871,1.810582865,3.113290103,5.28618402,8.859530199,15.28994404,24.32439413,39.10584677,63.53740368,92.49067154,140.403572,209.9652166,302.7460601,435.7152249,616.668235,858.8420928,1177.707593,1590.775432,2116.965808,2775.221897,-89.52274432,40.36595616,17179,10481.13865
116,WasteEOL_Module_95-by-35_Elec.Adv_DR_CdTe_p83_[Tonnes],0,2.87E-10,2.78E-08,4.28E-07,3.07E-06,1.43E-05,5.01E-05,0.000144112,0.000362146,0.000826807,0.001760633,0.003552597,0.006852712,0.012697991,0.022672548,0.039109703,0.065358135,0.106152508,0.168194065,0.261373262,0.40180734,0.618741439,0.968062847,1.555711497,2.574713746,4.691828122,8.096156981,13.2537807,25.41408619,48.47599056,75.41160353,118.7910077,144.9711493,214.4738899,324.8926532,481.2850786,698.3500685,993.8061752,1388.2889,1904.764955,2567.181369,-88.32037463,39.76077104,17041,9018.956855
117,WasteEOL_Module_95-by-35_Elec.Adv_DR_CdTe_p84_[Tonnes],0,0,1.57E-09,1.50E-07,2.17E-06,1.43E-05,6.27E-05,0.00021539,0.000634677,0.001669368,0.003996736,0.008822239,0.018144626,0.035091226,0.06432425,0.112513855,0.18886602,0.305680747,0.478896681,0.728549077,1.079026939,1.558960884,2.200507601,3.037727166,4.103691805,5.425947304,8.830984506,10.31384367,39.27505851,102.771219,9.090948962,12.65635302,18.92672693,1.747844291,2.097525605,2.4461537,2.767522036,3.03577072,3.235279312,3.374773717,3.503806005,-91.29205837,37.05321965,29203,243.4271559
118,WasteEOL_Module_95-by-35_Elec.Adv_DR_CdTe_p85_[Tonnes],0,0,0,0,8.57E-11,1.38E-08,2.93E-07,2.83E-06,1.78E-05,8.47E-05,0.000334198,0.001149315,0.003502618,0.009527031,0.023356091,0.05226239,0.108125277,0.209261709,0.382649809,0.666558194,1.11355791,1.793826193,2.798535845,4.242941027,6.268499729,9.043002277,12.75721495,17.61606001,27.25028623,42.2243973,76.61906271,104.5843652,334.7827717,38.29826318,47.74978295,58.2819956,69.64219361,81.5249978,93.65503842,105.8866415,118.2682555,-92.02589394,34.68125955,5085,1255.858522
119,WasteEOL_Module_95-by-35_Elec.Adv_DR_CdTe_p86_[Tonnes],0,0,0,0,5.67E-12,9.11E-10,1.93E-08,1.78E-07,9.93E-07,3.97E-06,1.27E-05,3.44E-05,8.28E-05,0.000182059,0.000371838,0.000714418,0.001303104,0.002272461,0.003810407,0.006172507,0.009699069,0.0148358,0.022158497,0.032401747,0.046491687,0.065585429,0.091128563,0.124963634,0.396332251,0.934740824,0.318109727,0.464431747,1.351951585,0.583233408,0.959215392,1.59916811,2.688549152,4.532001868,7.619264608,12.72108402,21.02584872,-91.92922355,32.56645631,22073,55.61615764
120,WasteEOL_Module_95-by-35_Elec.Adv_DR_CdTe_p87_[Tonnes],0,0,0,0,3.97E-11,6.37E-09,1.35E-07,1.25E-06,6.97E-06,3.00E-05,0.00012944,0.00057354,0.002272469,0.007615879,0.021805634,0.054746177,0.123542705,0.255648288,0.492699227,0.895124949,1.54773693,2.566606899,4.107538731,6.376286252,9.64034531,14.24161847,20.60849648,29.26496188,42.41913527,60.96517487,75.89899033,101.0721391,657.9059901,117.4105577,155.6404139,203.7633842,263.7800504,338.2256384,430.4542967,544.9389322,687.419532,-89.94310381,32.31228173,28121,3770.102023
121,WasteEOL_Module_95-by-35_Elec.Adv_DR_CdTe_p88_[Tonnes],0,0,0,0,1.20E-11,1.92E-09,4.11E-08,4.13E-07,2.82E-06,1.45E-05,5.83E-05,0.000191437,0.000534587,0.001313006,0.002910883,0.005939754,0.011321596,0.020386687,0.034985485,0.057612069,0.091533649,0.140915195,0.21091936,0.307748589,0.438578562,0.611311223,0.834056614,1.114246694,1.936593858,3.357484419,11.54723349,16.39252203,2.371058475,0.836738137,1.169272493,1.642748151,2.33529466,3.378405077,4.991906506,7.537716122,11.60004441,-88.95057971,33.90483098,28017,72.98159929
122,WasteEOL_Module_95-by-35_Elec.Adv_DR_CdTe_p89_[Tonnes],0,0,0,0,8.96E-11,1.44E-08,3.11E-07,3.70E-06,3.32E-05,0.000210438,0.000968396,0.003467248,0.010267699,0.026300778,0.06016277,0.125764382,0.244373979,0.447103273,0.777875727,1.296883695,2.08446781,3.245222628,4.911922517,7.248547861,10.45125974,14.74563615,20.37792262,27.59765796,40.21228493,58.78902071,282.8485202,400.9909272,126.5646883,34.07009763,45.89545028,60.84896243,79.42710295,102.0966355,129.2376434,161.0485209,197.3906512,-87.33420755,33.64251888,1127,1813.076559
123,WasteEOL_Module_95-by-35_Elec.Adv_DR_CdTe_p9_[Tonnes],0,3.64E-06,0.000347308,0.004808559,0.030075157,0.12256459,0.382570051,0.99675807,2.282318673,4.746328703,9.163082825,16.67125636,28.89135421,48.0613203,77.18347737,120.169421,181.9611568,268.5965422,387.1760483,545.678953,752.5758317,1016.198965,1343.872585,1740.876412,2209.410336,6963.857733,3865.295702,4262.139773,11305.47465,28599.15732,7608.460236,10683.49582,7881.803836,1372.572611,1681.808649,2007.430409,2329.983453,2625.5494,2869.601037,3042.840443,3137.516553,-121.4370073,38.40912626,6067,108992.0401
124,WasteEOL_Module_95-by-35_Elec.Adv_DR_CdTe_p90_[Tonnes],0,0,0,0,9.00E-11,1.44E-08,3.07E-07,2.83E-06,1.58E-05,6.46E-05,0.000227875,0.000759129,0.002382031,0.006822797,0.017618155,0.041225044,0.088452361,0.176228641,0.329709518,0.584710387,0.990415104,1.612249103,2.534698357,3.863684028,5.727844266,8.277711327,11.6813041,16.11412673,25.33930287,39.89304326,37.61554805,47.99094188,398.2412416,32.86722331,39.01882542,44.87187648,49.81559205,53.19858142,54.48123541,53.43363476,50.31876373,-86.45223669,32.1705336,1085,979.1360628
125,WasteEOL_Module_95-by-35_Elec.Adv_DR_CdTe_p91_[Tonnes],0,3.46E-09,3.32E-07,4.80E-06,3.20E-05,0.000138758,0.000458167,0.001250809,0.002973595,0.006371177,0.01261552,0.023571244,0.042297419,0.073870803,0.126575136,0.213475814,0.354381,0.578174152,0.925558451,1.452691238,2.237224278,3.389495933,5.072589806,7.53567928,11.16559774,20.56285711,27.98619851,39.27404736,61.36796064,106.7211153,127.2405067,190.1125313,690.2275049,331.3271009,490.0191404,711.8852207,1016.769513,1428.857997,1976.838919,2693.481735,3614.15059,-86.0233856,30.60299528,12131,13560.03797
126,WasteEOL_Module_95-by-35_Elec.Adv_DR_CdTe_p92_[Tonnes],0,9.16E-10,1.72E-07,9.35E-06,0.000124798,0.000802183,0.003377879,0.010867402,0.02912493,0.06846102,0.14580363,0.287500945,0.532856557,0.938419859,1.582942152,2.572764444,4.047228992,6.183583393,9.20084462,13.3621464,18.97517491,26.39050209,35.99817112,48.22411395,63.53017908,83.48484517,203.7054347,211.1407096,364.6836116,900.4119053,242.4830049,349.2584805,604.1481064,294.6320157,421.3703282,592.6271897,820.2215251,1117.736562,1500.134534,1982.830187,2579.894128,-86.38840824,35.84707003,47149,12500.84757
127,WasteEOL_Module_95-by-35_Elec.Adv_DR_CdTe_p93_[Tonnes],0,0,0,0,2.04E-11,3.28E-09,6.96E-08,6.46E-07,3.68E-06,1.53E-05,5.10E-05,0.000147025,0.00037897,0.00089251,0.001945683,0.003964714,0.007616789,0.013921198,0.024478472,0.042057651,0.072082732,0.125900047,0.226980686,0.421419407,0.794261534,1.493333122,2.762369869,4.985333744,9.559552631,17.42991795,26.08426352,41.89036765,72.73884961,93.31920342,140.7156878,207.5832735,300.0554955,425.491938,592.4134347,810.2234999,1088.59295,-87.70288407,36.88033989,21221,3837.075589
128,WasteEOL_Module_95-by-35_Elec.Adv_DR_CdTe_p94_[Tonnes],0,6.96E-09,7.00E-07,1.27E-05,0.000108008,0.000567837,0.002167801,0.006690153,0.017966646,0.044112596,0.101844933,0.223600561,0.46812774,0.935512138,1.787441262,3.273139503,5.761130738,9.77664054,16.04391126,25.53182916,39.49988349,59.5394161,87.60220029,126.0044743,177.389628,252.6750895,373.9281056,471.9626595,915.1758792,1840.317066,3402.409578,4813.981979,596.6745454,512.0792658,642.1571348,786.6926379,940.4313828,1095.925722,1244.409679,1377.473013,1489.2401,-83.44185834,32.65498374,13289,21309.54424
129,WasteEOL_Module_95-by-35_Elec.Adv_DR_CdTe_p95_[Tonnes],0,0,0,0,5.01E-11,8.05E-09,1.72E-07,1.73E-06,1.19E-05,6.21E-05,0.000259882,0.000914413,0.002800036,0.007648107,0.018940072,0.043055769,0.090879562,0.180276318,0.34060413,0.621619691,1.11065302,1.963440191,3.4551833,6.059272092,10.56172961,18.2198438,30.97358989,51.71827973,86.6511805,141.9081208,252.7104239,385.7538562,639.3725967,701.0877055,1027.494825,1477.48444,2086.585336,2896.288501,3953.098416,5306.149699,7002.626868,-82.05850213,34.68340161,45059,26082.58103
130,WasteEOL_Module_95-by-35_Elec.Adv_DR_CdTe_p96_[Tonnes],0,0,0,0,3.96E-10,6.36E-08,1.35E-06,1.29E-05,7.82E-05,0.000357047,0.00137058,0.004713034,0.014982203,0.044263264,0.120335575,0.299380414,0.683861979,1.446271123,2.859506833,5.334787853,9.468055393,16.09564559,26.3593184,41.77928796,64.3314175,96.52087603,141.4390096,202.7829152,300.6476672,441.5064354,642.5039528,868.9524197,2246.798347,987.4699591,1255.557128,1564.6555,1910.7861,2287.534577,2687.69601,3106.025369,3542.322271,-80.47018517,33.66656218,45027,22452.04218
131,WasteEOL_Module_95-by-35_Elec.Adv_DR_CdTe_p97_[Tonnes],0,7.70E-08,7.42E-06,0.000109301,0.00074658,0.003321449,0.011203031,0.031200462,0.075734349,0.166054106,0.336912673,0.643125645,1.168421722,2.036892395,3.427070946,5.588310536,8.858713785,13.68331993,20.63055616,30.40414243,43.84682172,61.93169761,85.73692429,116.4003294,155.0522857,291.7902108,364.2048331,407.1554883,816.7782361,1900.375857,1304.800368,1832.38235,1362.119654,235.7833537,290.0149048,347.9605238,406.7720324,463.0517903,513.5945476,556.4968182,592.3883214,-81.46948528,35.70354545,37023,12235.70319
132,WasteEOL_Module_95-by-35_Elec.Adv_DR_CdTe_p98_[Tonnes],0,2.08E-08,2.20E-06,4.80E-05,0.000466869,0.002648016,0.010593549,0.033815729,0.092911916,0.22958175,0.523056836,1.114966938,2.244590283,4.296104178,7.85870633,13.79960828,23.34887157,38.19352866,60.57609612,93.38912572,140.2525399,205.5539466,294.4239506,412.6091184,566.1957369,785.2368902,1252.102093,1490.011151,3949.073855,9436.515902,5490.715369,7721.244742,5210.360285,728.4384005,883.156333,1040.981977,1190.026931,1316.230426,1405.787887,1448.683861,1442.401267,-78.0631739,35.43899188,37191,46655.71739
133,WasteEOL_Module_95-by-35_Elec.Adv_DR_CdTe_p99_[Tonnes],0,0,0,0,6.76E-10,1.09E-07,2.31E-06,2.16E-05,0.000125825,0.000539517,0.001897533,0.005863821,0.016653679,0.044428903,0.111420545,0.261354378,0.572686597,1.176151397,2.27710762,4.183122472,7.337099298,12.35593096,20.07398443,31.58951988,48.31020588,71.99098145,104.7534643,149.0709596,234.7348825,367.7115219,474.8454714,640.7219779,1529.21475,668.3117817,838.1132635,1027.522211,1230.508642,1438.702462,1642.681379,1834.222604,2009.053712,-78.02222606,37.64107262,51145,14390.47818
,,,,,,,,,,,,,,,,,,,,,,,,,,,,,,,,,,,,,,,,,,,,,,
,,,,,,,,,,,,,,,,,,,,,,,,,,,,,,,,,,,,,,,,,,,,,,
,,,,,,,,,,,,,,,,,,,,,,,,,,,,,,,,,,,,,,,,,,,,,,1111333.818