0,2010,2011,2012,2013,2014,2015,2016,2017,2018,2019,2020,2021,2022,2023,2024,2025,2026,2027,2028,2029,2030,2031,2032,2033,2034,2035,2036,2037,2038,2039,2040,2041,2042,2043,2044,2045,2046,2047,2048,2049,2050,longitude,latitude,FIPS,45,46,total waste
VirginStock_aluminium_frames_cdte_95-by-35_Elec.Adv_DR_CdTe_p1_[Tonnes],0.0,0.0,0.0,0.0,0.0,0.0,0.0,0.0,1.118703573367235,4.587222478170091,11.05273824864974,1.5121225446802824,1.4712632845695786,5.97180723709627,8.828722960717052,1141.578007185053,1130.1967448572077,43.67588585881599,28.895189652910624,59.21146823305311,58.8457775532047,23.613033119831883,11.699125613732068,28.666083599193374,19.704021584419277,2.4569983278348984,2.4473353301595595,2.006829704478363,1.9997893421740276,0.0,0.0,0.0,0.0,0.0,0.0,0.0,0.0,0.0,0.0,0.0,0.0,0,-121.4522522,47.82099062,53061,53,2589.5388702893188
VirginStock_aluminium_frames_cdte_95-by-35_Elec.Adv_DR_CdTe_p10_[Tonnes],0.0,0.0,0.0,0.0,0.0,0.0,0.0,0.0,84.04395835268521,216.6685213004623,522.0545687619042,554.7629780802432,539.7726554368082,664.6695876030035,982.6478679533392,5639.981508971423,5583.7522292605445,3767.508666261455,2492.516758160616,2119.874349735812,2106.7819824076296,818.9171477530704,405.73417782385104,147.16425147352746,101.15534539119548,65.04821238417387,64.79238773914568,27.999142930306,27.90091630449897,0.0,0.0,0.0,0.0,0.0,0.0,0.0,0.0,0.0,0.0,0.0,0.0,1,-117.1590386,35.12010447,6071,6,26933.747214085684
VirginStock_aluminium_frames_cdte_95-by-35_Elec.Adv_DR_CdTe_p100_[Tonnes],0.0,0.0,0.0,0.0,0.0,0.0,0.0,0.0,0.515818397876621,0.2491901979610543,0.6004143128657344,1.933951545511579,1.881693989060516,2.941408937731609,4.348580520833508,3.388417865332773,3.3546361418246256,809.6678989729209,535.661888400458,7.404857293900278,7.359124813710314,3.5301063491468283,1.7489984195980284,0.8695079191529396,0.5976680681729087,0.4683585077530087,0.4665165255585681,0.4140522293878814,0.4125996508749646,0.0,0.0,0.0,0.0,0.0,0.0,0.0,0.0,0.0,0.0,0.0,0.0,2,-78.25771359,38.79110825,51187,51,1387.8156890596326
VirginStock_aluminium_frames_cdte_95-by-35_Elec.Adv_DR_CdTe_p101_[Tonnes],0.0,0.0,0.0,0.0,0.0,0.0,0.0,0.0,27.255733367458284,168.38017479668608,405.7056327976632,172.76312833566894,168.09487335657357,277.41494732981204,410.1304040630306,1775.9387838041437,1758.233094793448,1089.3438909295237,720.6905528464413,7843.510307993773,7795.068701958287,1520.2995499286974,753.2355252649894,1040.5214831209946,715.2165621621554,196.56558102491047,195.79251873545869,301.41636246191507,300.3589332284075,0.0,0.0,0.0,0.0,0.0,0.0,0.0,0.0,0.0,0.0,0.0,0.0,3,-82.19247661,28.70869529,12119,12,27635.936742300044
VirginStock_aluminium_frames_cdte_95-by-35_Elec.Adv_DR_CdTe_p102_[Tonnes],0.0,0.0,0.0,0.0,0.0,0.0,0.0,0.0,13.100349361397486,31.16753658584936,75.09699505048384,135.2560859780195,131.60131367271,2809.5664898155,4153.664576480275,400.68861327928505,396.69384271537336,3103.4343526342227,2053.1769975908337,1252.1075229042335,1244.3744930544758,132.32575780744088,65.5610676809384,21.489732165073768,14.771259037140233,676.5008999083336,673.8403256014154,146.5133937018016,145.9993952435385,0.0,0.0,0.0,0.0,0.0,0.0,0.0,0.0,0.0,0.0,0.0,0.0,4,-80.56373053,26.67709172,12099,12,17676.93100026835
VirginStock_aluminium_frames_cdte_95-by-35_Elec.Adv_DR_CdTe_p103_[Tonnes],0.0,0.0,0.0,0.0,0.0,0.0,0.0,0.0,3.725993681503577,5.109347332557733,12.310778244774603,7.35777537503247,7.158959968872285,1385.7932563339268,2048.757479143153,67.91107115597339,67.23401386253714,747.2070473519859,494.3388993418416,146.4305967308524,145.5262397529381,90.30764448039132,44.74310738881807,27.56180900125573,18.94498345360528,17.594645235886652,17.525448194078894,221.2867343717547,220.5104159927494,0.0,0.0,0.0,0.0,0.0,0.0,0.0,0.0,0.0,0.0,0.0,0.0,5,-84.55437763,43.57419001,26111,26,5797.3362463944895
VirginStock_aluminium_frames_cdte_95-by-35_Elec.Adv_DR_CdTe_p104_[Tonnes],0.0,0.0,0.0,0.0,0.0,0.0,0.0,0.0,0.0457323617507217,0.0671916434444293,0.1618957116255095,0.5091144527936842,0.4953576048940226,0.8928642137371104,1.32001092326891,3.978384999320137,3.938721443230724,6303.0991751695165,4170.018363368005,7.04656242828232,7.003042781127979,4.062736405608586,2.0128910717860187,21.622102928440928,14.86224587772162,0.7808776624154851,0.7778065903064153,0.686392691110182,0.6839846874725639,0.0,0.0,0.0,0.0,0.0,0.0,0.0,0.0,0.0,0.0,0.0,0.0,6,-85.90993949,42.06225929,26027,26,10544.065455015858
VirginStock_aluminium_frames_cdte_95-by-35_Elec.Adv_DR_CdTe_p105_[Tonnes],0.0,0.0,0.0,0.0,0.0,0.0,0.0,0.0,1.7183405792181166,4.496096888105134,10.83317460212185,10.478936038326925,10.195783343606696,5.284806337263627,7.813060469016309,23.780171855468524,23.54308917484147,42.51982004507623,28.13035706205628,57.81896302644188,57.461872474083854,90.17557102092267,44.67767132286573,9.52078699969316,6.544242149209775,6.441380005155517,6.416047045295247,6.454205551598153,6.431562900172123,0.0,0.0,0.0,0.0,0.0,0.0,0.0,0.0,0.0,0.0,0.0,0.0,7,-86.25965362,40.72939342,18017,18,460.7359388905393
VirginStock_aluminium_frames_cdte_95-by-35_Elec.Adv_DR_CdTe_p106_[Tonnes],0.0,0.0,0.0,0.0,0.0,0.0,0.0,0.0,0.3181430819945209,0.5795284109638833,1.396351684384603,4.781140979067694,4.651949146317805,2067.413225860627,3056.46480064902,5.960354981210487,5.900931653867745,11.384407097563876,7.531721353824594,56.30921284105802,55.961446522470425,10.023580205314136,4.966203338900973,2.8404744043974013,1.9524386294544875,1.8836806682132143,1.876272440982525,2.016325601270816,2.009251925450304,0.0,0.0,0.0,0.0,0.0,0.0,0.0,0.0,0.0,0.0,0.0,0.0,8,-86.10103966,39.94240296,18057,18,5306.221441476355
VirginStock_aluminium_frames_cdte_95-by-35_Elec.Adv_DR_CdTe_p107_[Tonnes],0.0,0.0,0.0,0.0,0.0,0.0,0.0,0.0,1.789914173634049,3.4931470844858667,8.416605161966746,8.3909141586481,8.164182174933591,3.907244649889,5.776472545752698,18.09370939270513,17.9133193958884,31.11199165115127,20.58314059492229,43.23743475124331,42.9703998780858,24.48054211654416,12.128934722628616,7.380797932970069,5.073291622772341,5.049885122702428,5.030024698847601,5.064284589702673,5.046518060612435,0.0,0.0,0.0,0.0,0.0,0.0,0.0,0.0,0.0,0.0,0.0,0.0,9,-86.34789005,38.87073858,18093,18,283.10275448008656
VirginStock_aluminium_frames_cdte_95-by-35_Elec.Adv_DR_CdTe_p108_[Tonnes],0.0,0.0,0.0,0.0,0.0,0.0,0.0,0.0,0.1248081886941978,0.0,0.0,0.0,0.0,0.0,0.0,0.0,0.0,2628.826471557305,1739.184860629622,4808.108141668507,4778.41321283832,0.2329651540090488,0.1154230626172815,1.064395177202105,0.7316264697746223,0.0847913701088728,0.0844578986518642,0.1115562958697055,0.1111649339427319,0.0,0.0,0.0,0.0,0.0,0.0,0.0,0.0,0.0,0.0,0.0,0.0,10,-87.22032662,37.49153121,21149,21,13957.193875244626
VirginStock_aluminium_frames_cdte_95-by-35_Elec.Adv_DR_CdTe_p109_[Tonnes],0.0,0.0,0.0,0.0,0.0,0.0,0.0,0.0,0.7303953728602353,0.0,0.0,32.30500493626795,31.43208719278728,0.0,0.0,415.1008792872117,410.96242184501176,0.2381937843402738,0.1575847733210301,0.8630380469697303,0.8577079144878063,320.84455030045143,158.96308946832508,887.6093935935759,610.1103622816911,0.291863068881514,0.2907152161849252,106.02329216694189,105.6513411299964,0.0,0.0,0.0,0.0,0.0,0.0,0.0,0.0,0.0,0.0,0.0,0.0,11,-84.51931615,37.83050346,21113,21,3082.431920379305
VirginStock_aluminium_frames_cdte_95-by-35_Elec.Adv_DR_CdTe_p11_[Tonnes],0.0,0.0,0.0,0.0,0.0,0.0,0.0,0.0,8.285258913891976,18.24898620773961,43.970238813842485,171.49465343084353,166.8606740772671,239.81333525452547,354.54016099107275,777.7454301677988,769.9914924523648,39.07456147187407,25.851035236786466,39.47547429453216,39.23167333058228,23.37988300221805,11.583610910518033,4.140934407669088,2.846327461023382,50.10394447284557,49.90689334200779,1.4436412068720956,1.438576623110371,0.0,0.0,0.0,0.0,0.0,0.0,0.0,0.0,0.0,0.0,0.0,0.0,12,-116.7176058,33.03174695,6073,6,2839.4267860693863
VirginStock_aluminium_frames_cdte_95-by-35_Elec.Adv_DR_CdTe_p110_[Tonnes],0.0,0.0,0.0,0.0,0.0,0.0,0.0,0.0,0.0554767211990078,0.0,0.0,0.0,0.0,0.0,0.0,0.0,0.0,0.011884189676173,0.0078623686231396,268.231400092351,266.5748000115966,0.0900376424428452,0.0446093343264086,9.654222922141969,6.635961141341025,0.0330707800414855,0.0329407177345469,1.5781406703613066,1.5726042354252694,0.0,0.0,0.0,0.0,0.0,0.0,0.0,0.0,0.0,0.0,0.0,0.0,13,-82.8503912,37.37099172,21119,21,554.5230108272609
VirginStock_aluminium_frames_cdte_95-by-35_Elec.Adv_DR_CdTe_p111_[Tonnes],0.0,0.0,0.0,0.0,0.0,0.0,0.0,0.0,1.3458418423593996,0.8202565097210802,1.97637689077481,6.178953319906153,6.01199101794317,9.45753703630698,13.982027729494392,30.23919773575165,29.937720097037506,37.15829679625335,24.583268593054903,40.7522870969176,40.50060052303983,355.03590979989224,175.90326854901562,36.72642406906031,25.24440599188312,29.239214058779275,29.12422071333093,117.40868650648665,116.99679321587146,0.0,0.0,0.0,0.0,0.0,0.0,0.0,0.0,0.0,0.0,0.0,0.0,14,-81.83937601,41.28166353,39035,39,1128.6232780928804
VirginStock_aluminium_frames_cdte_95-by-35_Elec.Adv_DR_CdTe_p112_[Tonnes],0.0,0.0,0.0,0.0,0.0,0.0,0.0,0.0,0.8303684118503812,0.6482356438977949,1.5618991512932647,126.01902869307908,122.61385211504091,7.591717987585501,11.223599866373965,25.03984938088877,24.790208013711123,31.819769071641737,21.0513935540776,37.21684858573955,36.98699691903932,26.714908952731456,13.23595634712962,49.68245594613724,34.14991032668285,23.87668176486204,23.78277843665263,10.824726745220303,10.786751426257409,0.0,0.0,0.0,0.0,0.0,0.0,0.0,0.0,0.0,0.0,0.0,0.0,15,-82.81856565,40.17734323,39041,39,640.4479373398926
VirginStock_aluminium_frames_cdte_95-by-35_Elec.Adv_DR_CdTe_p113_[Tonnes],0.0,0.0,0.0,0.0,0.0,0.0,0.0,0.0,0.1679535826319616,1.265654006809037,3.049545235092987,1.8056635872839284,1.7568725164512002,2.7770746016748182,4.105628551961143,8.832767396329558,8.744706797591899,10.632819126501824,7.034484113236362,1491.824513433677,1482.610988810629,204.94020733471143,101.53804539830138,268.11899936860885,184.29523281305936,2.6354993756238665,2.625134360698337,2.937209744661236,2.9269054220173705,0.0,0.0,0.0,0.0,0.0,0.0,0.0,0.0,0.0,0.0,0.0,0.0,16,-83.9413805,39.78941957,39057,39,3794.6259055775527
VirginStock_aluminium_frames_cdte_95-by-35_Elec.Adv_DR_CdTe_p114_[Tonnes],0.0,0.0,0.0,0.0,0.0,0.0,0.0,0.0,0.1294073396761173,16.531303843529656,39.83154842847711,0.9421255204586224,0.9166682241351354,246.77544380718825,364.83294593765896,8.72644459395894,8.639444008376401,2459.9306256203627,1627.4463714387584,10.34686672161036,10.28296435879723,8.454482326281783,4.188790581552891,99.95258973736456,68.7037689954638,2.227806780563899,2.2190451581004997,2.756277091429162,2.746607516929892,0.0,0.0,0.0,0.0,0.0,0.0,0.0,0.0,0.0,0.0,0.0,0.0,17,-84.23150769,39.20877458,39025,39,4986.581528030674
VirginStock_aluminium_frames_cdte_95-by-35_Elec.Adv_DR_CdTe_p115_[Tonnes],0.0,0.0,0.0,0.0,0.0,0.0,0.0,0.0,0.6004706741148138,2.07170177191984,4.99168669565558,15.22901420202316,14.8175090269306,21.155836418120217,31.276799689310025,64.88264396688191,64.2357793751821,71.1022478021402,47.03998315300076,77.53985228602907,77.06096530443597,6.767590967969657,3.3530168036794463,194.86668077754135,133.9442575348122,1.196106026400216,1.191401924805345,1.064842208844838,1.061106528168751,0.0,0.0,0.0,0.0,0.0,0.0,0.0,0.0,0.0,0.0,0.0,0.0,18,-79.86635294,40.37731547,42003,42,835.4494931379662
VirginStock_aluminium_frames_cdte_95-by-35_Elec.Adv_DR_CdTe_p116_[Tonnes],0.0,0.0,0.0,0.0,0.0,0.0,0.0,0.0,0.4109875254954627,0.6225967711930083,1.5001232617773277,2.901548506237288,2.823145386359698,4.242142962345996,6.271586387058157,13.491841166640674,13.357330706000502,3302.661483434466,2184.9821256444934,14.907533100527832,14.815464011936117,8.745378595019238,4.332915733593066,3.604038248717827,2.4772846000423616,2.1004299640248814,2.0921692950493886,0.535185085833207,0.5333075488923623,0.0,0.0,0.0,0.0,0.0,0.0,0.0,0.0,0.0,0.0,0.0,0.0,19,-80.19443111,38.8763551,54097,54,5587.408617935704
VirginStock_aluminium_frames_cdte_95-by-35_Elec.Adv_DR_CdTe_p117_[Tonnes],0.0,0.0,0.0,0.0,0.0,0.0,0.0,0.0,0.0235991689821619,0.0020839529143125,0.0050212053577125,0.0077904761903996,0.0075799687191833,0.0199040467708111,0.02942615321624,25.58238699365758,25.32733665499066,2148.299109034944,1421.276499975413,0.788137168960219,0.7832696251256959,0.5867631063792613,0.2907129826226866,0.2551575345006402,0.1753859940382399,0.2611238186941186,0.2600968587550615,0.1837302602444641,0.1830856975316917,0.0,0.0,0.0,0.0,0.0,0.0,0.0,0.0,0.0,0.0,0.0,0.0,20,-81.7519919,38.05258266,54005,54,3624.3482006780073
VirginStock_aluminium_frames_cdte_95-by-35_Elec.Adv_DR_CdTe_p118_[Tonnes],0.0,0.0,0.0,0.0,0.0,0.0,0.0,0.0,0.2479204861674188,0.2270876544216616,0.5471590740948118,1.8106330910432775,1.761707738602595,3.2404147068314044,4.790630807158862,97.76635566584714,96.79164825762184,41.818150519607656,27.666144977666704,248.7330576597963,247.1968795566225,336.58202949891825,166.76025576424348,150.2084818553743,103.24783845688734,29.35783649052165,29.24237662123845,42.01408355772089,41.8666897008974,0.0,0.0,0.0,0.0,0.0,0.0,0.0,0.0,0.0,0.0,0.0,0.0,21,-80.92007066,37.06277512,51197,51,1671.8773821412838
VirginStock_aluminium_frames_cdte_95-by-35_Elec.Adv_DR_CdTe_p119_[Tonnes],0.0,0.0,0.0,0.0,0.0,0.0,0.0,0.0,0.1315918628068492,0.2001857673206073,0.4823399993850773,1.2440536257188273,1.2104378907615407,1.7815753339119444,2.6338819108306684,5.635034678485643,5.578854717502959,6.597128914726003,4.36454321205784,7.367965761609724,7.322461123929438,0.8883611367384091,0.4401403443732795,0.2530190503447675,0.1739160779326984,0.1529118276557405,0.1523104488845668,0.1299024241029197,0.1294467002675314,0.0,0.0,0.0,0.0,0.0,0.0,0.0,0.0,0.0,0.0,0.0,0.0,22,-78.01141702,41.3405889,42023,42,46.870062809347026
VirginStock_aluminium_frames_cdte_95-by-35_Elec.Adv_DR_CdTe_p12_[Tonnes],0.0,0.0,0.0,0.0,0.0,0.0,0.0,0.0,4.077365262563844,37.1938232764847,89.61710383524121,41.75204450479407,40.623857075424205,2.6115532013204508,3.860921626606799,354.41469501945704,350.8812644597655,15.32992438258654,10.142005449677791,13.870657234534043,13.784991902708857,4.655023342192918,2.306340847395448,1.2076322787733722,0.8300824353858202,1.0079006321685366,1.0039367135303832,0.5186412575652004,0.5168217597019352,0.0,0.0,0.0,0.0,0.0,0.0,0.0,0.0,0.0,0.0,0.0,0.0,23,-116.7842291,39.59882101,32015,32,990.2065864978786
VirginStock_aluminium_frames_cdte_95-by-35_Elec.Adv_DR_CdTe_p120_[Tonnes],0.0,0.0,0.0,0.0,0.0,0.0,0.0,0.0,0.0530621795810388,0.1115862313082228,0.2688627841078827,0.7489169273109715,0.7286803455326221,1.0963540516381196,1.620850406665026,3.543854227691157,3.508522840468264,4.143302952938018,2.741135577687266,4.51110763594861,4.4832469855123405,0.8124092309377337,0.4025098171108516,0.1902098234420995,0.1307433034478825,0.131632671603765,0.131114980490468,0.1281807879208795,0.1277311039315483,0.0,0.0,0.0,0.0,0.0,0.0,0.0,0.0,0.0,0.0,0.0,0.0,24,-77.895377,39.90665131,42055,42,29.614014865274772
VirginStock_aluminium_frames_cdte_95-by-35_Elec.Adv_DR_CdTe_p121_[Tonnes],0.0,0.0,0.0,0.0,0.0,0.0,0.0,0.0,0.9511811625770488,5.7539833835316605,13.86400431370081,0.5293047702538043,0.5150023571579072,1.032874499456575,1.5270022033272126,9.590307366695816,9.494694273890907,13.906714064775622,9.20043480398876,4.816301444846418,4.786555914085579,1.9206165009000529,0.951573378388428,0.4431496771236897,0.3046049444793817,0.2448052945573363,0.2438425128714804,0.1913162067257217,0.1906450309866769,0.0,0.0,0.0,0.0,0.0,0.0,0.0,0.0,0.0,0.0,0.0,0.0,25,-79.01946377,39.55126096,24001,24,80.45891410432088
VirginStock_aluminium_frames_cdte_95-by-35_Elec.Adv_DR_CdTe_p122_[Tonnes],0.0,0.0,0.0,0.0,0.0,0.0,0.0,0.0,2.707493096627151,11.24071573225502,27.08407741445655,69.16470525412726,67.29579675038156,97.82260530573078,144.62099114234093,291.9898101781065,289.07874093379866,328.6067764037022,217.40040158796168,341.48143787222494,339.37244475150715,29.938860460978724,14.833269723863417,753.0478201088793,517.6176386349043,3.731932136169631,3.7172550193202656,3.3224515693580314,3.3107957408965083,0.0,0.0,0.0,0.0,0.0,0.0,0.0,0.0,0.0,0.0,0.0,0.0,26,-77.39607808,40.92107394,42027,42,3557.3860198175907
VirginStock_aluminium_frames_cdte_95-by-35_Elec.Adv_DR_CdTe_p123_[Tonnes],0.0,0.0,0.0,0.0,0.0,0.0,0.0,0.0,11.984893940423344,651.2091870162684,1569.0637904438545,38.15624870684944,37.1252237437956,26.479501328005743,39.14730869253162,107.28324601489058,106.21365746413616,455.63239984457886,301.438295907224,2455.927717963643,2440.7598813326413,53.28782816517292,26.40156358666752,44.48896171210774,30.5800915849014,2.845255052311703,2.8340651004730053,3.0629908374888264,3.0522452494687475,0.0,0.0,0.0,0.0,0.0,0.0,0.0,0.0,0.0,0.0,0.0,0.0,27,-76.76367486,39.07725918,24003,24,8406.974353687436
VirginStock_aluminium_frames_cdte_95-by-35_Elec.Adv_DR_CdTe_p124_[Tonnes],0.0,0.0,0.0,0.0,0.0,0.0,0.0,0.0,0.7512057365580336,0.0140193069753573,0.0337789874294273,0.1223863308258707,0.1190793138497656,0.205863313904466,0.3043484315681642,0.2166882454347561,0.214527914954376,0.848141865484641,0.5611155806884527,1.1989747994429998,1.1915699178784402,0.6781815544695629,0.3360064399347262,0.2019320622178943,0.1388007433509209,0.1367830052587846,0.1362450586729575,0.1427339429134649,0.1422332035288551,0.0,0.0,0.0,0.0,0.0,0.0,0.0,0.0,0.0,0.0,0.0,0.0,28,-75.60492375,37.81184868,51001,51,7.694615755341918
VirginStock_aluminium_frames_cdte_95-by-35_Elec.Adv_DR_CdTe_p125_[Tonnes],0.0,0.0,0.0,0.0,0.0,0.0,0.0,0.0,0.9951025864954474,1.5755316164586508,3.796183560326501,7.449099573861986,7.247816484637682,9.508261031171072,14.057018110184185,32.73601761586192,32.40964727436087,44.22448472438272,29.258132909864,17.895700654477242,17.78517661016641,6.8128859503205685,3.375458295439777,374.40346451675697,257.3513023009225,0.927798767570676,0.9241498772834296,0.8833042302227987,0.8802054212945457,0.0,0.0,0.0,0.0,0.0,0.0,0.0,0.0,0.0,0.0,0.0,0.0,29,-75.53282965,39.04284209,10001,10,864.4967421120601
VirginStock_aluminium_frames_cdte_95-by-35_Elec.Adv_DR_CdTe_p126_[Tonnes],0.0,0.0,0.0,0.0,0.0,0.0,0.0,0.0,20.24914067039276,43.92104127799031,105.82607997844912,67.35842047887338,65.53831983116142,59.56738372729863,88.0644514371097,159.87389431064054,158.2799894534418,194.89730825509196,128.94059442954438,188.1568762323979,186.99481729278915,16.287955163285268,8.069900739946402,36.52901569743217,25.108714668649306,50.62508367436416,50.42598298295659,87.04208883344795,86.73672767612297,0.0,0.0,0.0,0.0,0.0,0.0,0.0,0.0,0.0,0.0,0.0,0.0,30,-74.6629847,40.24746962,34021,34,1828.4937868113857
VirginStock_aluminium_frames_cdte_95-by-35_Elec.Adv_DR_CdTe_p127_[Tonnes],0.0,0.0,0.0,0.0,0.0,0.0,0.0,0.0,18.42125514192672,28.42663329019191,68.49289271275545,64.03286853434759,62.30262805861113,28.28124761869273,41.81101135646919,2479.832030161909,2455.1086922151158,1860.8771529052497,1231.1232433334144,1811.086703981446,1799.9014125538356,72.4034327616677,35.872429028727204,20.28591754723164,13.943800722804324,249.1367372998204,248.1569207138275,286.73608175056523,285.7301538949307,0.0,0.0,0.0,0.0,0.0,0.0,0.0,0.0,0.0,0.0,0.0,0.0,31,-75.57684419,43.01255158,36053,36,13161.963245583538
VirginStock_aluminium_frames_cdte_95-by-35_Elec.Adv_DR_CdTe_p128_[Tonnes],0.0,0.0,0.0,0.0,0.0,0.0,0.0,0.0,5.838448791037499,10.901473508360342,26.26668616704239,41.00219532959065,39.894269672390784,43.23953945825949,63.92535788070555,119.11176594910548,117.9242498564099,113.37831741731095,75.0090792638112,85.33710144426685,84.81005856600856,37.80416336075952,18.730150152041208,9.01031345024048,6.193361227444317,4.974499941313324,4.954935995817585,3.8614833648332727,3.8479365043996623,0.0,0.0,0.0,0.0,0.0,0.0,0.0,0.0,0.0,0.0,0.0,0.0,32,-73.25855327,40.80291312,36103,36,916.015387301149
VirginStock_aluminium_frames_cdte_95-by-35_Elec.Adv_DR_CdTe_p129_[Tonnes],0.0,0.0,0.0,0.0,0.0,0.0,0.0,0.0,2.285525213714868,2.8245139620631345,6.805559061263145,4.882715121088421,4.750778640225224,5.704837847013716,8.434035273983122,15.410826573081136,15.257184282485811,15.602571087832116,10.322383662996202,5.161740226319991,5.129861261840773,2.701540324999551,1.3384836862058034,0.7985010099235164,0.5488605054914538,7.914245895934518,7.883120380370222,12.660165381036451,12.615750974115723,0.0,0.0,0.0,0.0,0.0,0.0,0.0,0.0,0.0,0.0,0.0,0.0,33,-72.66603564,44.03042544,50017,50,149.0332003719849
VirginStock_aluminium_frames_cdte_95-by-35_Elec.Adv_DR_CdTe_p13_[Tonnes],0.0,0.0,0.0,0.0,0.0,0.0,0.0,0.0,11.211266963402288,35.34409405235329,85.16025155861954,197.0717124886932,191.74661209298424,15.017914574816634,22.20249280739359,356.0015522011402,352.4523010512236,114.58241220107584,75.80568696741761,175.63766141370402,174.55292128267803,51.67599587729463,25.602977978945663,172.74528925413048,118.73881886557794,38.19200683220142,38.04180352556698,1.6228706399916155,1.6171772833240752,0.0,0.0,0.0,0.0,0.0,0.0,0.0,0.0,0.0,0.0,0.0,0.0,34,-115.0174041,36.23284216,32003,32,2255.0238199125347
VirginStock_aluminium_frames_cdte_95-by-35_Elec.Adv_DR_CdTe_p130_[Tonnes],0.0,0.0,0.0,0.0,0.0,0.0,0.0,0.0,0.9582522807516292,2.181898701285188,5.257202009524988,3.2755412497591108,3.1870324232767007,3.667565339408472,5.4221305270580045,10.54951086410902,10.44433473963993,20.56792122016739,13.607371040944765,427.35512939257467,424.7157794073797,6.71442463390918,3.326675434595745,20.10996395480959,13.822856633216944,54.85641371586703,54.64067185222444,0.8498130772277721,0.8468317620014256,0.0,0.0,0.0,0.0,0.0,0.0,0.0,0.0,0.0,0.0,0.0,0.0,35,-71.56225601,43.71401219,33009,33,1086.3573202597315
VirginStock_aluminium_frames_cdte_95-by-35_Elec.Adv_DR_CdTe_p131_[Tonnes],0.0,0.0,0.0,0.0,0.0,0.0,0.0,0.0,34.55991695932809,21.3552759270032,51.45472585472135,19.386109336485426,18.86227475264124,15.2745018835852,22.581831619651556,35.79680280324797,35.439917158432074,45.643539914344366,30.196954596834125,1393.108517482903,1384.504663937914,24.12978224040596,11.955150023713704,201.75677902890908,138.6802600722338,174.3391627450536,173.65351355057064,3.0874220428910317,3.0765907452877324,0.0,0.0,0.0,0.0,0.0,0.0,0.0,0.0,0.0,0.0,0.0,0.0,36,-71.90533052,42.31304362,25027,25,3838.843692676157
VirginStock_aluminium_frames_cdte_95-by-35_Elec.Adv_DR_CdTe_p132_[Tonnes],0.0,0.0,0.0,0.0,0.0,0.0,0.0,0.0,8.200117976999618,79.49713884023986,191.5453351781291,28.45294366054045,27.68411296620871,9.803410635930913,14.493367441120862,201.378613735946,199.3709166572347,169.3487840513026,112.0381449953915,886.1999653407296,880.7267845958855,16.811885384649,8.329483041019646,18.1627307191082,12.484399443088662,5.824090614239566,5.8011853589006455,6.170351032896206,6.14870420022297,0.0,0.0,0.0,0.0,0.0,0.0,0.0,0.0,0.0,0.0,0.0,0.0,37,-72.75108047,41.60246114,9003,9,2888.472465869784
VirginStock_aluminium_frames_cdte_95-by-35_Elec.Adv_DR_CdTe_p133_[Tonnes],0.0,0.0,0.0,0.0,0.0,0.0,0.0,0.0,3.22750817780794,8.110997380747552,19.54313997446414,7.809424131920285,7.598404665909738,6.445826352789171,9.52951307070922,12.136821067475998,12.015819836263011,13.575368820159412,8.981222680513472,35.01960893337559,34.80332744296454,8.81166394986485,4.365756948389751,1.553241463626922,1.0676415987979968,6.221083241811116,6.1966166753415,0.7649421125891588,0.7622585417797106,0.0,0.0,0.0,0.0,0.0,0.0,0.0,0.0,0.0,0.0,0.0,0.0,38,-71.59672773,41.66667273,44003,44,208.54018706730108
VirginStock_aluminium_frames_cdte_95-by-35_Elec.Adv_DR_CdTe_p134_[Tonnes],0.0,0.0,0.0,0.0,0.0,0.0,0.0,0.0,0.64384597156219,0.7977118903034647,1.9220564869740044,115.53513234549422,112.4132424953384,5.5004578740374495,8.131879814423499,14.49900579235028,14.354454138957284,261.4802533359798,172.99068724233254,26.72628045835196,26.561218655929395,7.91612201614442,3.922058863446972,2.596405448242096,1.7846745202231111,0.8894018364519031,0.8859039554070879,6.213693282018608,6.191894396016568,0.0,0.0,0.0,0.0,0.0,0.0,0.0,0.0,0.0,0.0,0.0,0.0,39,-69.24794622,45.39211237,23021,23,791.9563808199855
VirginStock_aluminium_frames_cdte_95-by-35_Elec.Adv_DR_CdTe_p14_[Tonnes],0.0,0.0,0.0,0.0,0.0,0.0,0.0,0.0,0.1039110398852217,0.3454941078976521,0.8324549243503923,2.115978071825589,2.0588019529128534,3.8651224661883856,5.714199087211865,5.00750765538024,4.957583990176576,5.890202102772197,3.896853000389024,5.763184106970634,5.727590618461373,1.7126465114747595,0.8485342212489931,0.3613708890765998,0.24839318470928,0.8955086483284327,0.8919867501289055,0.1722976041211721,0.171693149465914,0.0,0.0,0.0,0.0,0.0,0.0,0.0,0.0,0.0,0.0,0.0,0.0,40,-116.6294762,47.64818073,16055,16,51.58131408297605
VirginStock_aluminium_frames_cdte_95-by-35_Elec.Adv_DR_CdTe_p15_[Tonnes],0.0,0.0,0.0,0.0,0.0,0.0,0.0,0.0,3.4418551687976047,1.5051823675584557,3.6266797183429857,8.06072029231883,7.8429105200472815,13.436863049541,19.86506540073386,17.059964528669894,16.889880723286073,18.6165784489103,12.316397352727549,19.910527833683837,19.78756019452679,314.7406375805405,155.93889341171942,1.4643343660185757,1.0065300987138963,0.8156291008762677,0.812421356688403,2.431533335452,2.42300302737531,0.0,0.0,0.0,0.0,0.0,0.0,0.0,0.0,0.0,0.0,0.0,0.0,41,-115.2177288,44.43004937,16037,16,641.9931678765289
VirginStock_aluminium_frames_cdte_95-by-35_Elec.Adv_DR_CdTe_p16_[Tonnes],0.0,0.0,0.0,0.0,0.0,0.0,0.0,0.0,1.628140655580212,8.706439500296028,20.977835134969165,3.0230027134207287,2.941317763601309,5.316249510427927,7.859546072762696,9.111860534365835,9.021017443150306,10.86548442323526,7.188411337437271,14.083278394803768,13.996299912351356,125.36786099858746,62.11376345868685,93.09636529046232,63.99105007723716,0.448922637169845,0.4471570932741756,0.318313373470265,0.3171966661230771,0.0,0.0,0.0,0.0,0.0,0.0,0.0,0.0,0.0,0.0,0.0,0.0,42,-112.4327899,43.02868119,16011,16,460.8195129914131
VirginStock_aluminium_frames_cdte_95-by-35_Elec.Adv_DR_CdTe_p17_[Tonnes],0.0,0.0,0.0,0.0,0.0,0.0,0.0,0.0,0.0590697604753622,0.0661813430715706,0.1594614312680904,0.4724609456929566,0.4596945169798,0.7751007789821363,1.1459093993791851,2.9937568155750824,2.963909769250276,4.513779933292665,2.9862365618777065,5.195557464252998,5.163469644139909,3.0380762320270094,1.5052210904971133,0.9724343072693916,0.6684159178411471,0.6704699378471908,0.6678330823892911,0.406035859065849,0.4046114035926235,0.0,0.0,0.0,0.0,0.0,0.0,0.0,0.0,0.0,0.0,0.0,0.0,43,-113.6065082,46.82138594,30063,30,35.28768619476736
VirginStock_aluminium_frames_cdte_95-by-35_Elec.Adv_DR_CdTe_p18_[Tonnes],0.0,0.0,0.0,0.0,0.0,0.0,0.0,0.0,0.5801770831004334,0.055950940354822,0.1348116646730321,0.3690225563873684,0.3590511498560701,0.6253016178016171,0.9244462406899456,2.5222445664421147,2.497098385554798,4.316844873913976,2.855947827530129,4.548837835739903,4.520744163174235,2.616198029373304,1.2962006710747582,0.8235296821137791,0.5660643029812571,0.5543155208064412,0.5521354828600268,0.3292887967331382,0.3281335853932888,0.0,0.0,0.0,0.0,0.0,0.0,0.0,0.0,0.0,0.0,0.0,0.0,44,-110.2231123,47.2494843,30045,30,31.37634497655444
VirginStock_aluminium_frames_cdte_95-by-35_Elec.Adv_DR_CdTe_p19_[Tonnes],0.0,0.0,0.0,0.0,0.0,0.0,0.0,0.0,0.0015240284163494,0.0014587670400186,0.0035148437503985,0.0090205513783578,0.0087768058853706,0.0154011640587259,0.0227690890460087,0.0641973329879157,0.0635573007843477,0.0999563285692485,0.0661293300461835,0.1112335035858634,0.1105465242428055,0.0669759095731514,0.0331833515505541,0.0220584923834648,0.0151622040917989,0.0153427022038122,0.0152823617086441,0.0104104808754079,0.0103739588142875,0.0,0.0,0.0,0.0,0.0,0.0,0.0,0.0,0.0,0.0,0.0,0.0,45,-106.8433126,47.83744486,30105,30,0.7668750309927146
VirginStock_aluminium_frames_cdte_95-by-35_Elec.Adv_DR_CdTe_p2_[Tonnes],0.0,0.0,0.0,0.0,0.0,0.0,0.0,0.0,0.188304587723272,0.4554384621697853,1.0973616681304452,1.2564780684923067,1.2225266110495654,1.845648091946429,2.7286071100135163,8.143989761382104,8.062796112515192,12.727226954674766,8.420107099825017,20.23388764794038,20.108922935009627,10.460281319998275,5.182567800443004,28.50179677065676,19.591096803316194,2.274842869112897,2.2658962609255937,0.8470961339985508,0.8441243503556023,0.0,0.0,0.0,0.0,0.0,0.0,0.0,0.0,0.0,0.0,0.0,0.0,46,-121.4945952,46.60869095,53041,53,156.45899741967926
VirginStock_aluminium_frames_cdte_95-by-35_Elec.Adv_DR_CdTe_p20_[Tonnes],0.0,0.0,0.0,0.0,0.0,0.0,0.0,0.0,0.1415949679019217,0.0330274582973845,0.0795784057381946,0.2407345981597174,0.2342296772467544,0.4108358401419762,0.6073799221809131,1.7623934920882944,1.7448228464275537,2.7001019308710235,1.786339437439482,2.733886351359269,2.7170018391475157,1.6170850388268427,0.8011880939358428,0.5111072098831378,0.351316476861633,0.3469182046980364,0.3455538285942547,0.2059770120642949,0.2052544032709025,0.0,0.0,0.0,0.0,0.0,0.0,0.0,0.0,0.0,0.0,0.0,0.0,47,-108.0131914,46.4465773,30065,30,19.576327035134945
VirginStock_aluminium_frames_cdte_95-by-35_Elec.Adv_DR_CdTe_p21_[Tonnes],0.0,0.0,0.0,0.0,0.0,0.0,0.0,0.0,3.451944495613493,0.026396736914625,0.063601934531025,0.1491001470327941,0.1450712925516612,0.3764266377129744,0.5565093392093495,1.667050918343865,1.6504308155597107,2.171820691113165,1.436837960532475,2.2087409229330786,2.195099714670225,1.0305983973846955,0.5106120864323912,0.2756319193704738,0.1894593403328926,0.172645877647622,0.1719668878837845,0.1011188876125359,0.1007641422133548,0.0,0.0,0.0,0.0,0.0,0.0,0.0,0.0,0.0,0.0,0.0,0.0,48,-109.277895,43.04388094,56013,56,18.651829145596192
VirginStock_aluminium_frames_cdte_95-by-35_Elec.Adv_DR_CdTe_p22_[Tonnes],0.0,0.0,0.0,0.0,0.0,0.0,0.0,0.0,0.0047744458686464,0.0065019330926549,0.015666160716063,0.0391573934833263,0.0380993164569496,0.0525336316409932,0.0776657486526991,0.1473474984019075,0.1458784787448111,11.89239036253517,7.867794051452259,0.2199516195283825,0.2185931959040517,0.1309134391066526,0.064861331488502,0.0406715378560257,0.0279561334918177,0.0296011048057631,0.029484688199498,21.326342383853408,21.251525284687705,0.0,0.0,0.0,0.0,0.0,0.0,0.0,0.0,0.0,0.0,0.0,0.0,49,-106.7112461,44.32489043,56019,56,63.62770973996729
VirginStock_aluminium_frames_cdte_95-by-35_Elec.Adv_DR_CdTe_p23_[Tonnes],0.0,0.0,0.0,0.0,0.0,0.0,0.0,0.0,0.0071860785527087,0.01389301942875,0.03347470238475,0.0829371361729566,0.080696081020615,0.1183566406079142,0.1749785197347594,30.13193965162429,29.83153135060283,266.5988681714284,176.37707182325656,0.7786351399599153,0.7738262807611349,0.4228449185107368,0.209499380773351,0.1201533612958463,0.0825890434673992,0.0783398411500903,0.0780317425672204,1.03433271595512,1.030704068717489,0.0,0.0,0.0,0.0,0.0,0.0,0.0,0.0,0.0,0.0,0.0,0.0,50,-105.0387513,44.24892369,56011,56,508.05988966797287
VirginStock_aluminium_frames_cdte_95-by-35_Elec.Adv_DR_CdTe_p24_[Tonnes],0.0,0.0,0.0,0.0,0.0,0.0,0.0,0.0,0.0346657653664418,0.054182775772125,0.130551339300525,0.3479001152848182,0.3384994609840307,0.5205900169947156,0.7696405549748044,1.7479471853145383,1.7305205659104583,6.020296804415708,3.982921342287789,2.2087409229330786,2.195099714670225,1.098264557877764,0.5441374242147065,0.2939281781903254,0.2020355221281141,0.2007018763932912,0.1999125466884014,0.1285574161791898,0.1281064109021645,0.0,0.0,0.0,0.0,0.0,0.0,0.0,0.0,0.0,0.0,0.0,0.0,51,-105.8451005,42.22317644,56001,56,22.877200496783214
VirginStock_aluminium_frames_cdte_95-by-35_Elec.Adv_DR_CdTe_p25_[Tonnes],0.0,0.0,0.0,0.0,0.0,0.0,0.0,0.0,4.11907343044308,45.48536668393759,109.59526260037974,15.516652933849915,15.097375435143132,6.045371941369492,8.937481058212368,13.289020816365626,13.15653242657596,22.556148534933246,14.92274688744658,81.48153951234681,80.97830862703782,56.89778744809672,28.19012530582732,121.50529229482778,83.51831158637334,46.1899371641151,46.00827922386157,3.4079340303570134,3.395978312226349,0.0,0.0,0.0,0.0,0.0,0.0,0.0,0.0,0.0,0.0,0.0,0.0,52,-111.9317099,39.1005072,49039,49,820.2945262537265
VirginStock_aluminium_frames_cdte_95-by-35_Elec.Adv_DR_CdTe_p26_[Tonnes],0.0,0.0,0.0,0.0,0.0,0.0,0.0,0.0,0.2425453282003899,5.084718772855821,12.251436666047631,0.6762304177043305,0.6579579075635645,0.2073460022409672,0.3065404387847969,0.4680455931516198,0.463379289453123,184.79157837646716,122.25482319257686,1.9943783705467155,1.982061067767976,39.38402638673133,19.51289652348519,0.5782982640458265,0.3975011597786519,0.1530473800149437,0.1524454681371264,0.1182545264687108,0.1178396658013559,0.0,0.0,0.0,0.0,0.0,0.0,0.0,0.0,0.0,0.0,0.0,0.0,53,-110.3182862,40.52141335,49013,49,391.795350797824
VirginStock_aluminium_frames_cdte_95-by-35_Elec.Adv_DR_CdTe_p27_[Tonnes],0.0,0.0,0.0,0.0,0.0,0.0,0.0,0.0,2.822327039610094,0.2844911099577594,0.6854705189021696,0.3948042489518615,0.3841361919498108,1482.9405697180398,2192.380118353345,4011.99343465342,3971.9948104245104,6.082885055230528,4.024328616388289,5.400417372780189,5.367064335616101,0.6826004363490461,0.3381957840108542,0.208624833694196,0.143401110651613,19.45649658535303,19.37997716767797,102.11198716856264,101.7537577763636,0.0,0.0,0.0,0.0,0.0,0.0,0.0,0.0,0.0,0.0,0.0,0.0,54,-113.7436192,35.72391313,4015,4,11928.829898501364
VirginStock_aluminium_frames_cdte_95-by-35_Elec.Adv_DR_CdTe_p28_[Tonnes],0.0,0.0,0.0,0.0,0.0,0.0,0.0,0.0,13.70041760232784,25.51497226940761,61.4773561250548,97.60304941318688,94.96570471013932,22.37173352207213,33.07438260739988,67.01138303556009,66.34329541957665,86.6593071223274,57.33225703959106,93.2340685819748,92.65825394771204,27.533118175003757,13.641339781824342,7.26400127776962,4.993009856792897,17.01346484548638,16.94655349703778,3.685446642234996,3.6725173540364353,0.0,0.0,0.0,0.0,0.0,0.0,0.0,0.0,0.0,0.0,0.0,0.0,55,-111.6056914,34.1838784,4007,4,906.6956328265168
VirginStock_aluminium_frames_cdte_95-by-35_Elec.Adv_DR_CdTe_p29_[Tonnes],0.0,0.0,0.0,0.0,0.0,0.0,0.0,0.0,0.090343645668869,0.0306909302898573,0.0739486302911273,0.0798305129482585,0.0776734022664562,0.1091609709997995,0.1613836369488565,0.4761344571080974,0.471387509351951,5.083665960171039,3.363263026330528,1.478004183403909,1.4688760132913148,0.5688014749368954,0.2818138555429338,0.0570669025095366,0.0392257098850957,0.035944156095654,0.0358027932412883,0.0321729540909407,0.0320600848959634,0.0,0.0,0.0,0.0,0.0,0.0,0.0,0.0,0.0,0.0,0.0,0.0,56,-109.516242,35.34591005,4001,4,14.047250810268373
VirginStock_aluminium_frames_cdte_95-by-35_Elec.Adv_DR_CdTe_p3_[Tonnes],0.0,0.0,0.0,0.0,0.0,0.0,0.0,0.0,1.0192766263548236,0.6326375341945542,1.5243160986848343,0.6082038429347367,0.5917694877257452,1.71928219343628,2.541787699182924,180.3178187170284,178.52009277601826,8.651554398623842,5.723714590444851,11.052647122092624,10.984385851754013,4.0406413885959225,2.00194405036116,0.9348120587582996,0.6425557547619531,0.4904509183243212,0.4885220500666811,0.3550863529009194,0.3538406385445048,0.0,0.0,0.0,0.0,0.0,0.0,0.0,0.0,0.0,0.0,0.0,0.0,57,-118.472439,47.92035993,53019,53,413.1953401507896
VirginStock_aluminium_frames_cdte_95-by-35_Elec.Adv_DR_CdTe_p30_[Tonnes],0.0,0.0,0.0,0.0,0.0,0.0,0.0,0.0,3.142280996199245,1.1296919803423833,2.7219498988207027,3.3882981419885843,3.2967424968438324,5.3530315362686895,7.9139246391143985,96.42773737853535,95.46637567755812,969.9783771109376,641.7204508786307,1025.9026157654666,1019.5666299131832,1012.7430145385964,501.7656004372334,1.250006762700316,0.8592091119698729,98.82744990514004,98.438776698539,0.7260170731356895,0.723470059194944,0.0,0.0,0.0,0.0,0.0,0.0,0.0,0.0,0.0,0.0,0.0,0.0,58,-111.6857101,32.04276153,4019,4,5591.3416510004
VirginStock_aluminium_frames_cdte_95-by-35_Elec.Adv_DR_CdTe_p31_[Tonnes],0.0,0.0,0.0,0.0,0.0,0.0,0.0,0.0,4.123270085002842,5.030536022343733,12.120885387610205,17.674564952208094,17.19697823196083,23.511099239894428,34.758821483977336,70.42811510282634,69.7259634774482,72.30555382279358,47.83606902495454,681.9601133665727,677.7483201966255,9.868776246141694,4.889505400323129,2.1984023996316826,1.5111017235294986,1.1865372106309335,1.1818707417212324,1.2607179395456576,1.2562950874032113,0.0,0.0,0.0,0.0,0.0,0.0,0.0,0.0,0.0,0.0,0.0,0.0,59,-106.5737299,34.6249543,35061,35,1757.7734971431453
VirginStock_aluminium_frames_cdte_95-by-35_Elec.Adv_DR_CdTe_p32_[Tonnes],0.0,0.0,0.0,0.0,0.0,0.0,0.0,0.0,0.0962937434996878,0.0623290866443667,0.150179565790847,0.2457041019190673,0.2390648993981494,0.3283723954829597,0.4854659222181674,1.0747714091346203,1.0640561927649643,1.2994341429261644,0.8596825287686738,1.459172006406019,1.4501601440259448,0.678595644259988,0.3362116015693609,0.1832398200821561,0.1259523770497028,3.4605400920851417,3.4469303185307973,0.1146229399754755,0.1142208196440818,0.0,0.0,0.0,0.0,0.0,0.0,0.0,0.0,0.0,0.0,0.0,0.0,60,-103.324472,44.05773319,46103,46,17.274999752176335
VirginStock_aluminium_frames_cdte_95-by-35_Elec.Adv_DR_CdTe_p33_[Tonnes],0.0,0.0,0.0,0.0,0.0,0.0,0.0,0.0,7.046576223568716,11.13070829104466,26.81901866509612,14.30055618365296,13.914138993530871,19.593472508691438,28.96700006374867,1101.5749224329472,1090.592481384613,1828.3356962966184,1209.5943941343876,73.24178833018745,72.7894462389162,163.32430897999458,80.9193633378747,10.661016122349324,7.32799411052174,7.734385502435641,7.703967350219778,6.509781951303498,6.4869443266873565,0.0,0.0,0.0,0.0,0.0,0.0,0.0,0.0,0.0,0.0,0.0,0.0,61,-105.8666298,40.03368077,8049,8,5788.567961428389
VirginStock_aluminium_frames_cdte_95-by-35_Elec.Adv_DR_CdTe_p34_[Tonnes],0.0,0.0,0.0,0.0,0.0,0.0,0.0,0.0,2.111880244405586,9.627925652102116,23.198121001664504,6.843069547134412,6.6581620741484056,8.592853037247155,12.703678450428228,26.8126428409211,26.545327142865737,34.26352707460241,22.668140405867295,31.33177703603509,31.138271636032684,13.742047280846638,6.8085254661098205,3.7424561790796114,2.5724280429225748,16.19070112999751,16.127025585082045,6.835005482744393,6.811026908556829,0.0,0.0,0.0,0.0,0.0,0.0,0.0,0.0,0.0,0.0,0.0,0.0,62,-105.2752917,38.1055194,8027,8,315.3245922187942
VirginStock_aluminium_frames_cdte_95-by-35_Elec.Adv_DR_CdTe_p35_[Tonnes],0.0,0.0,0.0,0.0,0.0,0.0,0.0,0.0,0.0151195634063649,0.0124342523887312,0.0299598586343512,0.0869751996649806,0.0846250314733918,0.1388238740135846,0.2052372883682327,0.4905807638818532,0.4856897898690465,0.7239399184500662,0.4789457804827772,0.9018860601894266,0.8963160019500606,0.5156444760561179,0.2554771115931307,0.1654187412413688,0.1137028166616772,0.1129286525613583,0.1124845214869424,0.0745143385267285,0.0742529272376065,0.0,0.0,0.0,0.0,0.0,0.0,0.0,0.0,0.0,0.0,0.0,0.0,63,-105.0375055,47.1804594,30021,30,5.974956968137795
VirginStock_aluminium_frames_cdte_95-by-35_Elec.Adv_DR_CdTe_p36_[Tonnes],0.0,0.0,0.0,0.0,0.0,0.0,0.0,0.0,0.1857175969147891,0.097629998641072,0.2352357718272821,0.4417090659940093,0.4297735878251276,0.6178855657523222,0.913482345439147,1.883737892544305,1.8649574719536752,1775.9855979000515,1174.960499668982,2.691684282995489,2.6750604112226823,1.2827587246429375,0.6355454369436517,0.3637074084529367,0.2499992230111097,0.2369712865879746,0.2360393148542212,0.2181629247042074,0.2173975652779126,0.0,0.0,0.0,0.0,0.0,0.0,0.0,0.0,0.0,0.0,0.0,0.0,64,-102.0734343,47.15958973,38057,38,2966.423553444619
VirginStock_aluminium_frames_cdte_95-by-35_Elec.Adv_DR_CdTe_p37_[Tonnes],0.0,0.0,0.0,0.0,0.0,0.0,0.0,0.0,0.2488978074757409,0.0656129796467403,0.1580919811935303,0.2544021002481385,0.2475278679821643,0.4591870115943095,0.6788623194905669,2.005660704614364,1.9856647424670613,2.4568035595477955,1.6253775601153635,2.982065526819768,2.9636482572874026,287.7498726868849,142.56626367376407,0.4035473377830793,0.2773837390970446,0.2531001089849307,0.2521047050658305,0.2283850914504603,0.2275838706068921,0.0,0.0,0.0,0.0,0.0,0.0,0.0,0.0,0.0,0.0,0.0,0.0,65,-99.03324693,47.70645859,38027,38,448.09004363212017
VirginStock_aluminium_frames_cdte_95-by-35_Elec.Adv_DR_CdTe_p38_[Tonnes],0.0,0.0,0.0,0.0,0.0,0.0,0.0,0.0,0.3382928877402433,0.1242162363407051,0.2992943012988349,0.4721500100204451,0.4593919831405694,0.8412500837977591,1.2437045664156106,3.170574067904235,3.138964195456131,31.66851600369853,20.951327213169684,5.504943380936757,5.470944789995246,53.4743949904002,26.493998502275883,0.8211535208433323,0.5644310162855375,0.5500325910513819,0.5478693972109638,0.5314459081750427,0.5295814890216091,0.0,0.0,0.0,0.0,0.0,0.0,0.0,0.0,0.0,0.0,0.0,0.0,66,-99.79847762,44.48283152,46065,46,157.1964771351787
VirginStock_aluminium_frames_cdte_95-by-35_Elec.Adv_DR_CdTe_p39_[Tonnes],0.0,0.0,0.0,0.0,0.0,0.0,0.0,0.0,0.0393798192376769,0.0224183318710081,0.0540161187561279,0.0900811395145743,0.0876470453180137,0.14446030850406,0.2135701960839267,0.6084585083565159,0.6023923211528133,1.1497120682657158,0.7606290657999851,1.754583410658115,1.743747084192288,0.8275996120978688,0.4100359225633372,0.2097337612287629,0.1441633470415633,0.1348042270666513,0.1342740627120346,20.36092613463269,20.289495909875832,0.0,0.0,0.0,0.0,0.0,0.0,0.0,0.0,0.0,0.0,0.0,0.0,67,-102.6958257,41.74325238,31123,31,49.782128394929565
VirginStock_aluminium_frames_cdte_95-by-35_Elec.Adv_DR_CdTe_p4_[Tonnes],0.0,0.0,0.0,0.0,0.0,0.0,0.0,0.0,0.0269909859174032,0.0123786803110162,0.0298259598248122,0.0155126148703578,0.0150934464846903,0.0512937074159263,0.0758326440261137,1095.808028859406,1084.883082374005,174.32762797068597,115.33205962297046,910.6792835718078,905.0549182880004,411.5488294423713,203.9027103124216,111.21890331094536,76.44782252347758,0.1346144656909433,0.1340850476387199,0.0810242549965787,0.0807400056109224,0.0,0.0,0.0,0.0,0.0,0.0,0.0,0.0,0.0,0.0,0.0,0.0,68,-119.5470861,47.4129124,53025,53,5089.86065808888
VirginStock_aluminium_frames_cdte_95-by-35_Elec.Adv_DR_CdTe_p40_[Tonnes],0.0,0.0,0.0,0.0,0.0,0.0,0.0,0.0,0.5534735239983155,0.1106389673535176,0.2665803876046476,0.3041019214673683,0.2958847438628726,1.2354423439421889,1.8264786111730047,3.8782393556273527,3.839574227884216,4.170951005550004,2.759427037792722,7.420507911615674,7.374678773038353,3.87216639018698,1.918472767398188,1.069737122424958,0.7352983283181744,0.765724721587381,0.7627132436710862,0.7713443787130214,0.7686383474661079,0.0,0.0,0.0,0.0,0.0,0.0,0.0,0.0,0.0,0.0,0.0,0.0,69,-99.18350983,41.52161835,31175,31,44.70007411067615
VirginStock_aluminium_frames_cdte_95-by-35_Elec.Adv_DR_CdTe_p41_[Tonnes],0.0,0.0,0.0,0.0,0.0,0.0,0.0,0.0,0.2789069962855712,0.073254140332553,0.1765030675051428,0.2311051595633204,0.2248604369641212,0.8444893710041169,1.248493530325476,9393.06047805616,9299.413890009428,6.461869056714786,4.275057694527782,8.323791546020043,8.272383717769612,3.6068870421435992,1.7870395711739429,0.967246359518502,0.6648499115498221,0.7250367696425533,0.7221853112023009,0.7540742804912146,0.7514288362229778,0.0,0.0,0.0,0.0,0.0,0.0,0.0,0.0,0.0,0.0,0.0,0.0,70,-96.34583201,40.93518639,31025,31,18732.863830864546
VirginStock_aluminium_frames_cdte_95-by-35_Elec.Adv_DR_CdTe_p42_[Tonnes],0.0,0.0,0.0,0.0,0.0,0.0,0.0,0.0,0.4182310871116761,0.1318573970265176,0.3177053876104476,0.8355811913034404,0.8130028431667835,1.3292105159222931,1.9651055259539565,4.414072594177213,4.370065335967712,5.090550538455243,3.367817740935412,5.516681651652738,5.482610565022024,238.3395319090871,118.08580915344788,0.227950823385437,0.1566850919355856,0.1698809196264634,0.1692128040185535,0.1828963991257352,0.1822547617655097,0.0,0.0,0.0,0.0,0.0,0.0,0.0,0.0,0.0,0.0,0.0,0.0,71,-95.4795737,48.02901973,27007,27,391.56671423669775
VirginStock_aluminium_frames_cdte_95-by-35_Elec.Adv_DR_CdTe_p43_[Tonnes],0.0,0.0,0.0,0.0,0.0,0.0,0.0,0.0,27.265132828525545,12.90560471104584,31.09556414378069,15.909593618892025,15.47969841878617,24.93463862271793,36.86338285637856,82.96248546442732,82.13536913554067,105.82093117468142,70.00924687421814,106.94463914845728,106.2841478793941,244.2086578168614,120.99367960318662,3.9248247487417744,2.6977815541725048,15.449364659471028,15.388604677220052,2.4834558804457063,2.4747434176362546,0.0,0.0,0.0,0.0,0.0,0.0,0.0,0.0,0.0,0.0,0.0,0.0,72,-93.66377494,46.26358649,27001,27,1126.231547234581
VirginStock_aluminium_frames_cdte_95-by-35_Elec.Adv_DR_CdTe_p44_[Tonnes],0.0,0.0,0.0,0.0,0.0,0.0,0.0,0.0,4.424540240804279,0.5900113256237582,1.421609868911278,0.6513808487822679,0.633779802077979,0.9690986706444092,1.4327159844628357,2.918061168193588,2.888968789543266,3.300691446586146,2.1836787842872183,3.528451254962245,3.506659501156032,181.42251893459783,89.88615852119958,0.0968276351765017,0.0665557890698313,81.24835415616644,80.92881683762545,0.0841178264841104,0.0838227242273619,0.0,0.0,0.0,0.0,0.0,0.0,0.0,0.0,0.0,0.0,0.0,0.0,73,-95.74181715,44.42138655,27083,27,462.26682011058244
VirginStock_aluminium_frames_cdte_95-by-35_Elec.Adv_DR_CdTe_p45_[Tonnes],0.0,0.0,0.0,0.0,0.0,0.0,0.0,0.0,0.3233170636114867,0.4210216008893844,1.0144355487013943,0.7265521102685836,0.7069198511227338,1.111482432367331,1.643216212693186,8.045642451980273,7.965429302492726,4.435090689665966,2.9341771571620816,741.2403811212607,736.6624723648617,2.9940241266626177,1.4833953846849048,19.688255734681007,13.53298976518149,0.7556408307074794,0.7526690111877847,0.8329196072642756,0.8299975577289117,0.0,0.0,0.0,0.0,0.0,0.0,0.0,0.0,0.0,0.0,0.0,0.0,74,-95.02634463,42.41935156,19161,19,1548.1000299251764
VirginStock_aluminium_frames_cdte_95-by-35_Elec.Adv_DR_CdTe_p46_[Tonnes],0.0,0.0,0.0,0.0,0.0,0.0,0.0,0.0,0.69598830714953,0.9063300422009648,2.1837677965275044,1.7606230175266409,1.7130489937921929,2.981453922059389,4.407783046728857,9.938741251764938,9.83965435565888,11.837401527841696,7.831414415961939,12.764749933318164,12.685914697163618,8.278067177546061,4.101385334850764,2.824039397849781,1.94114180466732,2.0800995552155643,2.07191884262052,2.080052830663826,2.0727555869030065,0.0,0.0,0.0,0.0,0.0,0.0,0.0,0.0,0.0,0.0,0.0,0.0,75,-91.39624127,45.46791696,55107,55,104.99633183801117
VirginStock_aluminium_frames_cdte_95-by-35_Elec.Adv_DR_CdTe_p47_[Tonnes],0.0,0.0,0.0,0.0,0.0,0.0,0.0,0.0,0.464710820670058,0.5313447799112868,1.2802550563208368,2.0007357443413354,1.9466736033604868,2.872886809504226,4.247277370416944,9.075457468475893,8.984977307204552,10.620909671225553,7.026605029341346,3.9845652481663527,3.959956529315349,1.730184414139382,0.857223411038106,0.4464761983522647,0.3068914739894929,0.2948994352219313,0.2937396409621122,0.3043789564476094,0.303311133838434,0.0,0.0,0.0,0.0,0.0,0.0,0.0,0.0,0.0,0.0,0.0,0.0,76,-103.9155591,33.48134861,35005,35,61.533460102243545
VirginStock_aluminium_frames_cdte_95-by-35_Elec.Adv_DR_CdTe_p48_[Tonnes],0.0,0.0,0.0,0.0,0.0,0.0,0.0,0.0,0.5123115745722017,0.1657690070803478,0.3994141234084077,1.11793948369834,1.0877314953886923,2.2502549443366875,3.32677809342561,10.317800442755091,10.214934416302016,17.0708683369011,11.293783020889968,21.505527698536085,21.37270932264946,14.09501644602075,6.9834047618017365,4.505552708436126,3.096952798228155,3.0915783186029397,3.079419615128317,2.835606637625461,2.82565875911992,0.0,0.0,0.0,0.0,0.0,0.0,0.0,0.0,0.0,0.0,0.0,0.0,77,-101.7896096,34.85870122,48381,48,141.1490120049074
VirginStock_aluminium_frames_cdte_95-by-35_Elec.Adv_DR_CdTe_p49_[Tonnes],0.0,0.0,0.0,0.0,0.0,0.0,0.0,0.0,0.0012078399482271,0.0089609975315437,0.0215911830381637,0.0841795121127941,0.0819048865584637,0.1738269348872238,0.2569858319767399,0.7534949027708585,0.7459827370693877,1.032316861050392,0.6829624836545236,0.5871902222913152,0.5835637290122618,0.2996649024527089,0.1484695895707094,0.0791253948930015,0.0543879139768946,0.0534012484866844,0.0531912295647579,0.049577570859438,0.049403642767662,0.0,0.0,0.0,0.0,0.0,0.0,0.0,0.0,0.0,0.0,0.0,0.0,78,-101.5000045,36.74873009,40139,40,5.801389614473751
VirginStock_aluminium_frames_cdte_95-by-35_Elec.Adv_DR_CdTe_p5_[Tonnes],0.0,0.0,0.0,0.0,0.0,0.0,0.0,0.0,6.249953738839959,2.1613749604736787,5.207750835933068,28.94714792468083,28.164963272597863,237.70207658706357,351.418875066496,209.19027904021908,207.10470150876108,46.38321843013015,30.68631275352735,45.74158707842848,45.45908653292236,27.07823522358818,13.415967092041155,26.09880165259277,17.93936549827949,50.15743415050201,49.96017265296393,2.350806174750778,2.342559073793192,0.0,0.0,0.0,0.0,0.0,0.0,0.0,0.0,0.0,0.0,0.0,0.0,79,-120.8593635,44.87742596,41065,41,1433.760669248585
VirginStock_aluminium_frames_cdte_95-by-35_Elec.Adv_DR_CdTe_p50_[Tonnes],0.0,0.0,0.0,0.0,0.0,0.0,0.0,0.0,1.146010719008354,0.6097772653755178,1.4692351496458482,5.1243811595154645,4.985914589170597,91.42809686557683,135.16734650066678,3269.282355153536,3236.6883844624344,71.79003358261164,47.49500999851318,48.78430043975731,48.48300806302503,25.25856579307256,12.514408146393,6.97978514978379,4.797650044173414,5.342941272455547,5.321928303700007,5.408153468810158,5.389180578518118,0.0,0.0,0.0,0.0,0.0,0.0,0.0,0.0,0.0,0.0,0.0,0.0,80,-97.47670229,35.30086027,40027,40,7033.466466705744
VirginStock_aluminium_frames_cdte_95-by-35_Elec.Adv_DR_CdTe_p51_[Tonnes],0.0,0.0,0.0,0.0,0.0,0.0,0.0,0.0,0.0172179165562116,0.1453083405770448,0.3501149249653149,1.23349206348,1.2001617138707528,463.83764551617554,685.7378191270611,2026.2157260013817,2006.014835159686,17.59319438113934,11.639344646307398,285.4237511629464,283.6609709326565,105.15802212852545,52.10075740502729,57.53808526295796,39.54958374500036,51.15228983472598,50.95111572232975,22.260089675640263,22.181996803139032,0.0,0.0,0.0,0.0,0.0,0.0,0.0,0.0,0.0,0.0,0.0,0.0,81,-95.63163853,36.28372003,40131,40,6183.961522464149
VirginStock_aluminium_frames_cdte_95-by-35_Elec.Adv_DR_CdTe_p52_[Tonnes],0.0,0.0,0.0,0.0,0.0,0.0,0.0,0.0,0.0210408880865845,0.0311960804762866,0.0751657704698368,0.0978470142012151,0.0952030772938737,1041.5349240332523,1539.80577957708,0.8759961264549678,0.867262652570039,1.4946689209944888,0.988846387227413,1.929259282324044,1.9173441557512645,0.8042617180986839,0.3984731151903564,0.1691809748049823,0.1162888389582546,0.1050404952113734,0.1046273870502709,0.0980791708885275,0.0977350894270945,0.0,0.0,0.0,0.0,0.0,0.0,0.0,0.0,0.0,0.0,0.0,0.0,82,-101.0284679,38.7673038,20109,20,2591.6282207558124
VirginStock_aluminium_frames_cdte_95-by-35_Elec.Adv_DR_CdTe_p53_[Tonnes],0.0,0.0,0.0,0.0,0.0,0.0,0.0,0.0,0.5256489273057923,1.205219372293974,2.9039302797193245,2.5918552096655465,2.5218203526669694,1067.350231058087,1577.9711430624118,2443.1492772363736,2418.7916576472608,25.8568319849995,17.106420381378392,30.22562345589304,30.038949672582643,14.559013626132415,7.21329311485642,3.6705383775360856,2.5229943660474574,2.6309995501669063,2.620652232364911,2.69733814232396,2.687875337514521,0.0,0.0,0.0,0.0,0.0,0.0,0.0,0.0,0.0,0.0,0.0,0.0,83,-97.48884753,38.39197065,20113,20,7658.841313387581
VirginStock_aluminium_frames_cdte_95-by-35_Elec.Adv_DR_CdTe_p54_[Tonnes],0.0,0.0,0.0,0.0,0.0,0.0,0.0,0.0,0.9880027066680293,0.204416886387633,0.4925347199963529,1.1443423642327517,1.1134209402513573,1.8631492960874,2.754480899421816,6.566503656813753,6.501037170752731,8.440581958982774,5.584138974859817,11.333253339577649,11.263259042149793,6.622177702430407,3.2809715034923284,2.170007564318736,1.4915841481356942,1.749662561339707,1.742781406773456,12.532601292029018,12.488634405593777,0.0,0.0,0.0,0.0,0.0,0.0,0.0,0.0,0.0,0.0,0.0,0.0,84,-93.93551551,39.68010457,29025,29,100.32754254029498
VirginStock_aluminium_frames_cdte_95-by-35_Elec.Adv_DR_CdTe_p55_[Tonnes],0.0,0.0,0.0,0.0,0.0,0.0,0.0,0.0,0.5930545713259866,0.0807690134717581,0.194609868772078,0.3631209289855882,0.35330899109652,0.6878910349079032,1.0169784678642526,47.09164146747752,46.62214895656995,561.7183372198834,371.6228661727285,326.4861186875912,324.46973682328723,173.68404536042604,86.05211594211448,51.11366739882504,35.133672941413444,17.40985894024153,17.341388634600026,1.987356252396036,1.9803842068789543,0.0,0.0,0.0,0.0,0.0,0.0,0.0,0.0,0.0,0.0,0.0,0.0,85,-93.63067538,37.39648815,29057,29,2066.0030718808575
VirginStock_aluminium_frames_cdte_95-by-35_Elec.Adv_DR_CdTe_p56_[Tonnes],0.0,0.0,0.0,0.0,0.0,0.0,0.0,0.0,0.3195803138019302,0.3721434199054919,0.896665428970772,1.4052679632276937,1.367296034671533,0.7857797895184494,1.16169725417363,5.480753868121041,5.426112050273438,12.057731597149042,7.977180872982518,18.39154666026949,18.27796026556659,11.172387110810767,5.535382072743516,3.392965922105162,2.332201171918732,1.9023032842770404,1.894821817152903,91.44336848391404,91.12256675219813,0.0,0.0,0.0,0.0,0.0,0.0,0.0,0.0,0.0,0.0,0.0,0.0,86,-93.59063588,35.49289456,5071,5,282.7157121337519
VirginStock_aluminium_frames_cdte_95-by-35_Elec.Adv_DR_CdTe_p57_[Tonnes],0.0,0.0,0.0,0.0,0.0,0.0,0.0,0.0,0.0583224174121083,0.0548142135051616,0.1320727645239118,0.4516487568878135,0.4394446970374545,0.9171882640744364,1.3559716120829728,4.138446112122285,4.097186784651658,7.629445775776396,5.047505695712364,278.9546162836897,277.2317895016528,603.5633717851757,299.036708521447,8.986643912864489,6.177091649713689,299.59909249487794,298.4208152036343,1.6283399059630383,1.6226273620102531,0.0,0.0,0.0,0.0,0.0,0.0,0.0,0.0,0.0,0.0,0.0,0.0,87,-94.5241288,32.86217276,48315,48,2099.543143714816
VirginStock_aluminium_frames_cdte_95-by-35_Elec.Adv_DR_CdTe_p58_[Tonnes],0.0,0.0,0.0,0.0,0.0,0.0,0.0,0.0,0.595469141688362,7.610848668682533,18.3380506581816,5.575408728433361,5.424754883439128,155.05518555423396,229.2336678882055,268.8727777038883,266.1921797976533,107.60933872805056,71.19242551879893,132.74260825383263,131.92278844348553,31.379737078348,15.54715499455043,6.523858236750737,4.484262493194049,7.508382252045966,7.478852935959289,3.122473386139644,3.1115191213731754,0.0,0.0,0.0,0.0,0.0,0.0,0.0,0.0,0.0,0.0,0.0,0.0,88,-92.01150228,30.84054963,22097,22,1479.5217444669356
VirginStock_aluminium_frames_cdte_95-by-35_Elec.Adv_DR_CdTe_p59_[Tonnes],0.0,0.0,0.0,0.0,0.0,0.0,0.0,0.0,0.236911384344406,0.1213113449083478,0.2922950757772077,0.984060150366316,0.9574697329495202,2.414886209615797,3.5701690426164463,781.710526723674,773.9170579347841,3281.0395040916887,2170.6774084877434,17.780320989832013,17.670509531600594,10.791799098418918,5.346818962639998,3.400015122128283,2.3370465352181107,2.260064365721929,2.251175879122375,1.9018102524602696,1.895138319519701,0.0,0.0,0.0,0.0,0.0,0.0,0.0,0.0,0.0,0.0,0.0,0.0,89,-106.2230818,31.77308956,48141,48,7081.55629923513
VirginStock_aluminium_frames_cdte_95-by-35_Elec.Adv_DR_CdTe_p6_[Tonnes],0.0,0.0,0.0,0.0,0.0,0.0,0.0,0.0,2.6529362366684857,1.4527046568007853,3.500236668403045,0.8890088237172872,0.8649868005705746,182.2717610243611,269.470667380178,633.3390604052935,627.0248199910816,90.5313316256158,59.89391961753855,64.18922116495705,63.79278782818581,4.321525207589864,2.141108513672526,11.095703676802872,7.626782500145782,4.333695585502947,4.31665182527978,0.7692192460719682,0.7665206702178589,0.0,0.0,0.0,0.0,0.0,0.0,0.0,0.0,0.0,0.0,0.0,0.0,90,-122.7941288,42.80834786,41019,41,2035.2446494486553
VirginStock_aluminium_frames_cdte_95-by-35_Elec.Adv_DR_CdTe_p60_[Tonnes],0.0,0.0,0.0,0.0,0.0,0.0,0.0,0.0,5.728041555594842,63.11131414564611,152.0643132308674,10.176697556519294,9.901711687157954,302.023616874289,446.5118740626658,2673.876481245515,2647.218566084421,1036.4782436244,685.7155803881074,8.518030997259654,8.465423544019385,3.983470262446392,1.973618498835968,0.3507179359412622,0.2410707328023022,0.2727257409438023,0.2716531524235377,12.600450708132666,12.5562457922969,0.0,0.0,0.0,0.0,0.0,0.0,0.0,0.0,0.0,0.0,0.0,0.0,91,-100.4747257,33.42197646,48269,48,8082.039847820287
VirginStock_aluminium_frames_cdte_95-by-35_Elec.Adv_DR_CdTe_p61_[Tonnes],0.0,0.0,0.0,0.0,0.0,0.0,0.0,0.0,28.11185680749971,87.5988345160994,211.06606304812647,155.53772713996895,151.33492196878927,1110.4644639521412,1641.7112476526795,1702.2316047232332,1685.2607588290707,70.2860497367699,46.50000102259933,15.120497463840383,15.027113104995664,6.874338029688648,3.4059048540035883,0.4926524706118897,0.3386313613774329,0.3783354606464181,0.3768475252924101,0.350728496453884,0.3494980703345277,0.0,0.0,0.0,0.0,0.0,0.0,0.0,0.0,0.0,0.0,0.0,0.0,92,-102.5121274,30.79490767,48371,48,6932.818076234224
VirginStock_aluminium_frames_cdte_95-by-35_Elec.Adv_DR_CdTe_p62_[Tonnes],0.0,0.0,0.0,0.0,0.0,0.0,0.0,0.0,12.453801450146448,101.60268223616768,244.80780198937995,4.283208593107651,4.167471456173957,5.514102913838461,8.152052648443119,15.051414308453918,14.901355273003505,16.975590823164993,11.230749111561558,14.122190465138626,14.03497166131132,6.176685140840402,3.0602513015777584,0.3577274940702733,0.2458888477077915,0.2437209949554748,0.24276247765369,0.2039594705881706,0.2032439397361324,0.0,0.0,0.0,0.0,0.0,0.0,0.0,0.0,0.0,0.0,0.0,0.0,93,-102.3887614,31.77998214,48135,48,478.0316325970209
VirginStock_aluminium_frames_cdte_95-by-35_Elec.Adv_DR_CdTe_p63_[Tonnes],0.0,0.0,0.0,0.0,0.0,0.0,0.0,0.0,7.323902237271505,60.56535514734931,145.92992176982918,246.0221820919207,239.3743846852481,133.0720495643579,196.7337880768212,393.18410684645625,389.2641544340992,455.177224661242,301.1371600976302,419.0964780076677,416.5081335443708,192.116755324317,95.18463984002643,12.428080679858123,8.542609914656055,90.7255877090566,90.3687778841599,238.8511462184488,238.0132083493655,0.0,0.0,0.0,0.0,0.0,0.0,0.0,0.0,0.0,0.0,0.0,0.0,94,-97.11815228,32.37182664,48251,48,4369.619647084154
VirginStock_aluminium_frames_cdte_95-by-35_Elec.Adv_DR_CdTe_p64_[Tonnes],0.0,0.0,0.0,0.0,0.0,0.0,0.0,0.0,0.8644018002805784,13.71247328837451,33.03968332019172,9.846192878767532,9.58013761932506,20.144438889404743,29.781549050824157,65.13306557057498,64.48370433480335,1487.2490064983156,983.937503701424,840.367030803819,835.1769147673905,884.910440951521,438.4306900793687,976.272047196222,671.0538404611655,7.722380799440662,7.692009859880915,6.635913654243906,6.612633534240744,0.0,0.0,0.0,0.0,0.0,0.0,0.0,0.0,0.0,0.0,0.0,0.0,95,-98.02819061,30.14290618,48209,48,7392.64605905958
VirginStock_aluminium_frames_cdte_95-by-35_Elec.Adv_DR_CdTe_p65_[Tonnes],0.0,0.0,0.0,0.0,0.0,0.0,0.0,0.0,0.3293246445058101,2.341289473665867,5.641248018794746,9.076774698323929,8.831509987689325,15.539987932739551,22.97432633437694,58.135279261377896,57.55568429755429,91.48911947505036,60.52757503201894,99.74436261715654,99.12834033524068,58.10751805626692,28.789488812918368,14.600269926512642,10.035693671752483,9.97830286765957,9.939059732521184,8.00103704232243,7.972967794860796,0.0,0.0,0.0,0.0,0.0,0.0,0.0,0.0,0.0,0.0,0.0,0.0,96,-98.36237296,28.14593418,48311,48,678.7391600133092
VirginStock_aluminium_frames_cdte_95-by-35_Elec.Adv_DR_CdTe_p66_[Tonnes],0.0,0.0,0.0,0.0,0.0,0.0,0.0,0.0,0.0940229411593271,0.2513373641137676,0.6055878281192977,1.9289813583771247,1.876858101999584,9.305541726085144,13.757317782907212,90.08139775291146,89.1833075547542,325.3877278940123,215.27073631934903,30.07693677438564,29.891181281657573,20.16128301001576,9.98894895336749,533.6639588733708,366.821164393849,4.804754574046062,4.785858211051589,4.389566723608461,4.374167240521134,0.0,0.0,0.0,0.0,0.0,0.0,0.0,0.0,0.0,0.0,0.0,0.0,97,-94.49850005,30.68456443,48457,48,1756.7006366596618
VirginStock_aluminium_frames_cdte_95-by-35_Elec.Adv_DR_CdTe_p67_[Tonnes],0.0,0.0,0.0,0.0,0.0,0.0,0.0,0.0,2.069396035047954,9.921763038280217,23.906111017965063,66.88627046885296,65.07892784802085,1627.852847154235,2406.618505544293,5396.334388994375,5342.534213357357,1682.5824921620654,1113.1666653505602,2650.475201480182,2634.105837448611,232.17584329932197,115.03199700980554,110.42388556020092,75.9013562834536,809.1701734357819,805.9878312191497,49.79639684872529,49.62170107135904,0.0,0.0,0.0,0.0,0.0,0.0,0.0,0.0,0.0,0.0,0.0,0.0,98,-95.42461309,29.5703565,48039,48,25269.641804627645
VirginStock_aluminium_frames_cdte_95-by-35_Elec.Adv_DR_CdTe_p68_[Tonnes],0.0,0.0,0.0,0.0,0.0,0.0,0.0,0.0,2.2074841394032867,0.5627935617809647,1.3560297011955047,1.3655078329022678,1.3286102680031515,2.120329810708899,3.134696707524808,9.510631369102311,9.415812627120683,9.839935595445048,6.509926464271571,9.157332688865557,9.100776901337891,5.140030669913657,2.5466387211073966,0.289769961310825,0.1991773153255401,0.6738090213447823,0.6711590337834907,0.1973150355716298,0.1966228147342478,0.0,0.0,0.0,0.0,0.0,0.0,0.0,0.0,0.0,0.0,0.0,0.0,99,-93.84641518,43.85294596,27013,27,75.52439024075353
VirginStock_aluminium_frames_cdte_95-by-35_Elec.Adv_DR_CdTe_p69_[Tonnes],0.0,0.0,0.0,0.0,0.0,0.0,0.0,0.0,0.1515405209469146,0.0326485956575625,0.0786655506041625,0.1292200818700813,0.1257284092174706,227.46584364411345,336.28562289899725,1.2371423546900169,1.2248083384537247,1.712446228928877,1.132923982704375,2.126014121206998,2.1128838345825978,1.2290400683234828,0.6089304186656999,0.3964585829908907,0.272511187290356,0.3042785492513871,0.3030818683742526,0.3480115532246627,0.3467906586887044,0.0,0.0,0.0,0.0,0.0,0.0,0.0,0.0,0.0,0.0,0.0,0.0,100,-92.11168489,42.91269261,19037,19,577.6245914487831
VirginStock_aluminium_frames_cdte_95-by-35_Elec.Adv_DR_CdTe_p7_[Tonnes],0.0,0.0,0.0,0.0,0.0,0.0,0.0,0.0,0.424698590002849,6.126632155703866,14.761887369755057,19.94709773733055,19.40810461288405,1.1573567810219456,1.7110368738757915,230.20018955417908,227.90514819148143,14.408484118856585,9.532396951744351,491.0472649962545,488.01455168018873,54.23811932590844,26.8723872882498,0.1210246117158393,0.0831879092671717,0.0943060364975316,0.0939351453165641,0.0969493452946556,0.0966092274886857,0.0,0.0,0.0,0.0,0.0,0.0,0.0,0.0,0.0,0.0,0.0,0.0,101,-118.790355,43.19860125,41025,41,1606.3413685030177
VirginStock_aluminium_frames_cdte_95-by-35_Elec.Adv_DR_CdTe_p70_[Tonnes],0.0,0.0,0.0,0.0,0.0,0.0,0.0,0.0,0.8916802417576735,0.5581836684842404,1.3449223384710305,1.771183896390364,1.7233245057734448,2.698763597986381,3.989853522913641,12.435098402583964,12.31112341699244,28.718310152656077,18.99952346827114,30.358030519059493,30.17053898826891,8.591403423042891,4.256628419328711,2.7460229304913457,1.8875161270803749,2.0860631433899206,2.077858976917024,2.330227263530522,2.3220523575332246,0.0,0.0,0.0,0.0,0.0,0.0,0.0,0.0,0.0,0.0,0.0,0.0,102,-92.68514792,41.53491879,19157,19,172.26830936092279
VirginStock_aluminium_frames_cdte_95-by-35_Elec.Adv_DR_CdTe_p71_[Tonnes],0.0,0.0,0.0,0.0,0.0,0.0,0.0,0.0,0.0382300314921969,0.0158506847964551,0.0381916226977851,0.0494080200496421,0.0480729595085071,0.1236954932843734,0.1828714823400728,0.5402745845517665,0.534888174917778,1.0752768030853073,0.7113840176009582,1.7962265723076924,1.7851330572169395,0.9168084673446174,0.4542346325762582,9.94994624845902,6.839230582895694,0.1877174751330281,0.1869792110873096,22.963747197858023,22.883185753218594,0.0,0.0,0.0,0.0,0.0,0.0,0.0,0.0,0.0,0.0,0.0,0.0,103,-92.01395166,39.96993092,29103,29,71.32135307242201
VirginStock_aluminium_frames_cdte_95-by-35_Elec.Adv_DR_CdTe_p72_[Tonnes],0.0,0.0,0.0,0.0,0.0,0.0,0.0,0.0,0.4779907535778375,0.2225408859532146,0.5362038082453546,0.5513593349987849,0.5364609826381015,1.7186889875833402,2.540910703337889,8.087361357515178,8.006732280421339,14.5813140092843,9.646738134834347,24.83792024665044,24.68452097769011,12.88600033814256,6.384395255343506,3.843402389241504,2.6418147904010905,2.9264140604994573,2.9149049227262123,3.392123772833426,3.3802235202666018,0.0,0.0,0.0,0.0,0.0,0.0,0.0,0.0,0.0,0.0,0.0,0.0,104,-91.3675038,38.4997353,29071,29,134.79802151218462
VirginStock_aluminium_frames_cdte_95-by-35_Elec.Adv_DR_CdTe_p73_[Tonnes],0.0,0.0,0.0,0.0,0.0,0.0,0.0,0.0,0.0211558542135938,0.01155899216472,0.0278509523841117,0.0332120300748631,0.0323146034870463,0.0797943446166355,0.1179680010560432,74.80601403112438,74.06021579041717,0.7277681247465403,0.4814784537140577,1.1467117953647152,1.1396296906888674,0.6432436778012522,0.3186963973940094,0.1991995595256705,0.1369225205430946,0.1576555638690324,0.1570355287107208,0.1854250282258014,0.1847745199260248,0.0,0.0,0.0,0.0,0.0,0.0,0.0,0.0,0.0,0.0,0.0,0.0,105,-91.06236394,37.67809039,29093,29,154.66862546004842
VirginStock_aluminium_frames_cdte_95-by-35_Elec.Adv_DR_CdTe_p74_[Tonnes],0.0,0.0,0.0,0.0,0.0,0.0,0.0,0.0,0.0258411981719234,0.0049875939749212,0.0120174181561252,0.0434626566411789,0.0422882465386038,0.0800906212472568,0.1184060165826063,0.3565240202599192,0.3529695602272127,0.6218566006576725,0.4114092721782945,0.7420209090204122,0.7374381797151128,0.4087594856761899,0.2025207242314793,0.1461324805692794,0.1004461436581742,0.1070464077297,0.1066254106222429,6.876298216478618,6.852174779074522,0.0,0.0,0.0,0.0,0.0,0.0,0.0,0.0,0.0,0.0,0.0,0.0,106,-88.25976999,46.39589899,26071,26,18.349315941411447
VirginStock_aluminium_frames_cdte_95-by-35_Elec.Adv_DR_CdTe_p75_[Tonnes],0.0,0.0,0.0,0.0,0.0,0.0,0.0,0.0,0.0881878094555177,0.0320802322327323,0.0772961005296023,0.1711547117777747,0.1665299180318556,4.28746628630193,6.338592413036372,21.701361439108528,21.48500400592803,1.3121951425020677,0.8681249792343237,231.7037492751216,230.2727443680596,1.837621726778292,0.9104534475940096,0.8187378048038177,0.5627705410825085,0.8234088998291248,0.8201705588849072,1.0925630687227217,1.0887301376937566,0.0,0.0,0.0,0.0,0.0,0.0,0.0,0.0,0.0,0.0,0.0,0.0,107,-88.88363925,45.19646292,55067,55,526.4589428667091
VirginStock_aluminium_frames_cdte_95-by-35_Elec.Adv_DR_CdTe_p76_[Tonnes],0.0,0.0,0.0,0.0,0.0,0.0,0.0,0.0,0.2386647873732938,0.5069689721228382,1.221522473724888,1.2741836340727517,1.2397537522377524,2.09837923637503,3.1022449668827936,868.1586205396077,859.5032847321974,11.683713179312514,7.729736936710609,1093.0592060446,1086.3084603512198,7.746127675811843,3.8378348194166425,60.19044960494821,41.37272237024984,1.933069972391482,1.9254675046006533,1.958704732707584,1.9518332024852112,0.0,0.0,0.0,0.0,0.0,0.0,0.0,0.0,0.0,0.0,0.0,0.0,108,-89.11741448,44.06230241,55137,55,4057.040949489049
VirginStock_aluminium_frames_cdte_95-by-35_Elec.Adv_DR_CdTe_p77_[Tonnes],0.0,0.0,0.0,0.0,0.0,0.0,0.0,0.0,0.1957206732654554,0.5237036823755624,1.2618441221669623,0.8467639415121865,0.8238834228264958,163.56557134992497,241.81542672533624,1591.0131004487796,1575.1510766980807,5.236870178969032,3.464620213958136,5.61757445873756,5.58288025701925,3.553030153355588,1.760356065336374,1.146723946037045,0.7882162663029477,0.7982804861541289,0.7951409714077866,0.7520567390150903,0.7494183726882077,0.0,0.0,0.0,0.0,0.0,0.0,0.0,0.0,0.0,0.0,0.0,0.0,109,-90.49937312,43.41560313,55103,55,3605.4422591732496
VirginStock_aluminium_frames_cdte_95-by-35_Elec.Adv_DR_CdTe_p78_[Tonnes],0.0,0.0,0.0,0.0,0.0,0.0,0.0,0.0,0.089107664946979,0.6475409424062868,1.5602252944478368,0.5321004578059907,0.5177225020728352,0.9895665566417772,1.4629757178882177,3.6380412494418057,3.60177083992199,32.31810513084326,21.38108383186748,2256.272368769964,2242.3376057742025,4.596194945458818,2.2771941977653887,1.595655502322934,1.0967954638893596,1.1631978734082449,1.1586231945330636,1.143431851923425,1.1394204629700453,0.0,0.0,0.0,0.0,0.0,0.0,0.0,0.0,0.0,0.0,0.0,0.0,110,-89.33478091,42.83835582,55105,55,4579.518728224722
VirginStock_aluminium_frames_cdte_95-by-35_Elec.Adv_DR_CdTe_p79_[Tonnes],0.0,0.0,0.0,0.0,0.0,0.0,0.0,0.0,0.2005209718530318,0.3979087190870801,0.95874593827841,2.4682265028998382,2.401532233279355,3.526071712760809,5.212946274991161,11.90973158286288,11.79099438002116,17.73185760906018,11.73108177286756,26.155257726501933,25.993722566759423,16.692295463274355,8.270231969579646,5.3775951821858685,3.696363026899181,10.83092468607586,10.788328320063863,3.21094906907079,3.199684413810515,0.0,0.0,0.0,0.0,0.0,0.0,0.0,0.0,0.0,0.0,0.0,0.0,111,-88.23565775,43.07262373,55133,55,182.54497012218286
VirginStock_aluminium_frames_cdte_95-by-35_Elec.Adv_DR_CdTe_p8_[Tonnes],0.0,0.0,0.0,0.0,0.0,0.0,0.0,0.0,0.6785979356539231,0.7442237781327949,1.793178913224265,0.3674692447750193,0.3575398104789908,57.55739661250049,85.09288542926375,1.1192646102153545,1.108105807169958,22.733590630884752,15.040139423719404,1.2104333093724458,1.20295765992438,0.5311110183457441,0.2631400416427424,10.169655771553494,6.990250905235012,0.090375495167695,0.0900200622030814,0.0834990885141805,0.0832061569146981,0.0,0.0,0.0,0.0,0.0,0.0,0.0,0.0,0.0,0.0,0.0,0.0,112,-121.4464046,41.30824779,6049,6,207.30704170489213
VirginStock_aluminium_frames_cdte_95-by-35_Elec.Adv_DR_CdTe_p80_[Tonnes],0.0,0.0,0.0,0.0,0.0,0.0,0.0,0.0,0.8828269761480123,3.317779327132108,7.994063214522978,6.102228746807491,5.937339629521338,25.411920696897848,37.56899692591436,130.9650457141047,129.6593552298198,120.47097493219988,79.70145538866753,750.6251171837998,745.9892481941333,67.6180483026271,33.5015004990375,127.31031676302511,87.50847393358218,195.26808788415755,194.500128436275,2.6293875158495474,2.62016309550697,0.0,0.0,0.0,0.0,0.0,0.0,0.0,0.0,0.0,0.0,0.0,0.0,113,-88.79751098,41.76580781,17037,17,2755.58245858973
VirginStock_aluminium_frames_cdte_95-by-35_Elec.Adv_DR_CdTe_p81_[Tonnes],0.0,0.0,0.0,0.0,0.0,0.0,0.0,0.0,0.143434598400507,8.400793136013615,20.241391834662405,1.3655078329022678,1.3286102680031515,2.002863305176243,2.961034163953555,6.639309788593632,6.57311744264424,8.614974488495397,5.699513972189172,12.462445793427667,12.38547759097008,8.501522711046867,4.212096836513539,4.34076762762522,2.9836855366626525,5.000034952430046,4.98037058165104,2.6212095812369447,2.6120138507340918,0.0,0.0,0.0,0.0,0.0,0.0,0.0,0.0,0.0,0.0,0.0,0.0,114,-89.78363058,39.3367648,17117,17,124.07017589333233
VirginStock_aluminium_frames_cdte_95-by-35_Elec.Adv_DR_CdTe_p82_[Tonnes],0.0,0.0,0.0,0.0,0.0,0.0,0.0,0.0,0.0338321660890842,13.555451957827383,32.661346390982125,0.0310935672511578,0.0302533839230577,911.2866412946006,1347.2466498607894,5177.33880069213,5125.721959197342,0.6290881768637722,0.4161935544396822,1.0245786885636077,1.0182508793003024,1.1276786043410032,0.5587106737686814,0.8770323862801667,0.6028401127660635,1.207057380815959,1.2023102092234157,0.5885287025515124,0.5864640254724275,0.0,0.0,0.0,0.0,0.0,0.0,0.0,0.0,0.0,0.0,0.0,0.0,115,-89.52274432,40.36595616,17179,17,12617.744761905324
VirginStock_aluminium_frames_cdte_95-by-35_Elec.Adv_DR_CdTe_p83_[Tonnes],0.0,0.0,0.0,0.0,0.0,0.0,0.0,0.0,0.0707687280470054,0.13135218369,0.316488095274,80.76251234066987,78.58021798196822,0.0062322507102047,0.0092137627283636,8134.199770724722,8053.103725745726,0.4236451605925049,0.2802761070589091,1.1095405022876244,1.102687967927154,2.0083066218384107,0.9950196283782096,1.7116506467392794,1.1765263005541844,2.2747835747821123,2.26583719979032,0.7396018484628555,0.7370071763975002,0.0,0.0,0.0,0.0,0.0,0.0,0.0,0.0,0.0,0.0,0.0,0.0,116,-88.32037463,39.76077104,17041,17,16362.005164548345
VirginStock_aluminium_frames_cdte_95-by-35_Elec.Adv_DR_CdTe_p84_[Tonnes],0.0,0.0,0.0,0.0,0.0,0.0,0.0,0.0,0.1822682796693994,0.0341641851470448,0.0823173058873148,0.1180373316613347,0.1148478295577578,0.2699354193472531,0.399072665959104,1.3463528235941526,1.3329300048513986,2.495509523136421,1.6509847375452005,4.992691487149854,4.961856569545327,2.203709912737547,1.091832588998912,167.32553614126977,115.01347801291138,156.67199102798364,156.055824110838,0.5452189384503048,0.5433062007360338,0.0,0.0,0.0,0.0,0.0,0.0,0.0,0.0,0.0,0.0,0.0,0.0,117,-91.29205837,37.05321965,29203,29,617.4318650969772
VirginStock_aluminium_frames_cdte_95-by-35_Elec.Adv_DR_CdTe_p85_[Tonnes],0.0,0.0,0.0,0.0,0.0,0.0,0.0,0.0,3.172002740947145,0.2719873924718843,0.6553432867558944,41.73216437750635,40.60451413164369,1.036434387165912,1.53226514318933,6.873332585169442,6.804807087370801,14.405645099085191,9.530518706733186,29.89027249623554,29.70566984414489,24.70574683624498,12.240512862176152,9.411639178657165,6.4692179131942895,32.14183492588875,32.0154260176484,2.4516661290907003,2.4430651911239414,0.0,0.0,0.0,0.0,0.0,0.0,0.0,0.0,0.0,0.0,0.0,0.0,118,-92.02589394,34.68125955,5085,5,308.0940663324436
VirginStock_aluminium_frames_cdte_95-by-35_Elec.Adv_DR_CdTe_p86_[Tonnes],0.0,0.0,0.0,0.0,0.0,0.0,0.0,0.0,0.010319253321026,0.0094055741532637,0.0226623735144757,0.0900811395145743,0.0876470453180137,0.6967897752936991,1.0301343703316836,6.10019075603565,6.039373299140582,2560.564875582236,1694.024202226815,1629.9161435102867,1619.84976345921,5.341064399874735,2.6462412942912903,113.65032725100907,78.11909476511849,144.9311195701156,144.36112770010718,0.318098191140407,0.316982238696119,0.0,0.0,0.0,0.0,0.0,0.0,0.0,0.0,0.0,0.0,0.0,0.0,119,-91.92922355,32.56645631,22073,22,8008.125643775524
VirginStock_aluminium_frames_cdte_95-by-35_Elec.Adv_DR_CdTe_p87_[Tonnes],0.0,0.0,0.0,0.0,0.0,0.0,0.0,0.0,5.939025468306576,4.8134891182936,11.597919119991351,0.8567036324059909,0.8335545320388229,1.9387905471417584,2.8663089647707065,1881.7339652254643,1862.9735233155368,832.6475204880612,550.8647974834812,25.199918127770204,25.044283155909728,18.090639317202875,8.963044295521803,5.972936450924678,4.105578927241255,8.279581233133667,8.247018909707487,2.2476428182803554,2.239757635129977,0.0,0.0,0.0,0.0,0.0,0.0,0.0,0.0,0.0,0.0,0.0,0.0,120,-89.94310381,32.31228173,28121,28,5265.455998766313
VirginStock_aluminium_frames_cdte_95-by-35_Elec.Adv_DR_CdTe_p88_[Tonnes],0.0,0.0,0.0,0.0,0.0,0.0,0.0,0.0,0.0184538972781016,0.0470467652727418,0.113357393167622,0.4817794486168421,0.4687612234232026,1.1900897126863892,1.759429257267251,5.765047625746497,5.707571466475584,11.832977155466118,7.828487329850836,1895.717418047732,1884.0094463980888,999.7717078922218,495.33893999678696,195.04822642742047,134.06904540098157,282.1110841688068,281.001584532756,4.002768469345361,3.988725952343708,0.0,0.0,0.0,0.0,0.0,0.0,0.0,0.0,0.0,0.0,0.0,0.0,121,-88.95057971,33.90483098,28017,28,6210.271948561735
VirginStock_aluminium_frames_cdte_95-by-35_Elec.Adv_DR_CdTe_p89_[Tonnes],0.0,0.0,0.0,0.0,0.0,0.0,0.0,0.0,1.0585415139587784,0.1043239332622323,0.2513645529303023,92.81942330948948,90.31133759006794,2.962469376990219,4.379716285312017,15.432206191817588,15.278350751487622,24.029542374465294,15.897518058988023,29.451739945292147,29.26984567506528,13.758204377863803,6.816530532913303,2.726974172683747,1.8744227048938904,1.3236455296246294,1.3184398347200643,6.452348363890942,6.429712227852989,0.0,0.0,0.0,0.0,0.0,0.0,0.0,0.0,0.0,0.0,0.0,0.0,122,-87.33420755,33.64251888,1127,1,361.94665730357025
VirginStock_aluminium_frames_cdte_95-by-35_Elec.Adv_DR_CdTe_p9_[Tonnes],0.0,0.0,0.0,0.0,0.0,0.0,0.0,0.0,70.67240554185291,145.07318225292667,349.5483199192684,208.05603529286924,202.43412608085453,67.65833436339791,100.02611711366148,249.7298773723676,247.24012964808912,829.0319146035815,548.4727769053542,1278.978763104991,1271.0797761798456,677.1269188406492,335.48391855270967,370.9867011418732,255.0027436268853,167.87170329113113,167.21148962298153,123.79083594471848,123.35655279001809,0.0,0.0,0.0,0.0,0.0,0.0,0.0,0.0,0.0,0.0,0.0,0.0,123,-121.4370073,38.40912626,6067,6,7788.832622190027
VirginStock_aluminium_frames_cdte_95-by-35_Elec.Adv_DR_CdTe_p90_[Tonnes],0.0,0.0,0.0,0.0,0.0,0.0,0.0,0.0,3.8657489614181015,0.0928937293876168,0.2238239110372969,1.074762477850809,1.0457211810364584,2.991836003373383,4.423131921204829,15.684720362762548,15.528347415960893,25.48465378757152,16.860193902214963,30.83225456546504,30.641834221741654,74.70120615451977,37.01086556157102,2.6387402902749293,1.8137739484132749,123.4558292298297,122.97029638377929,315.69485137085013,314.58733032593824,0.0,0.0,0.0,0.0,0.0,0.0,0.0,0.0,0.0,0.0,0.0,0.0,124,-86.45223669,32.1705336,1085,1,1141.6228157062014
VirginStock_aluminium_frames_cdte_95-by-35_Elec.Adv_DR_CdTe_p91_[Tonnes],0.0,0.0,0.0,0.0,0.0,0.0,0.0,0.0,4.8964946115927885,1.438432661062054,3.4658488370003337,10.88771872503972,10.59352026013115,15.391078254042592,22.754178187059296,11835.641408387266,11717.642867035443,56.89694019658034,37.64200417056112,58.57145609996932,58.20971814210268,27.898792271172603,13.822513761594614,1.579616653341284,1.085770943381348,78.3645303888679,78.05633470700764,30.30734435952916,30.201020098782376,0.0,0.0,0.0,0.0,0.0,0.0,0.0,0.0,0.0,0.0,0.0,0.0,125,-86.0233856,30.60299528,12131,12,24095.34758875152
VirginStock_aluminium_frames_cdte_95-by-35_Elec.Adv_DR_CdTe_p92_[Tonnes],0.0,0.0,0.0,0.0,0.0,0.0,0.0,0.0,4.1819374352892655,2.016445533056526,4.858548887827976,6.246669642378341,6.077877568851297,1676.3007349505317,2478.243888347739,1821.848985168816,1803.685582325192,50.637536558377015,33.50089399766932,55.3954302678376,55.05330748048485,26.3478543547228,13.054098394895831,7.27003029107368,4.99715398090615,20.403493590782457,20.323249779094454,5.150957972668611,5.132887375915401,0.0,0.0,0.0,0.0,0.0,0.0,0.0,0.0,0.0,0.0,0.0,0.0,126,-86.38840824,35.84707003,47149,47,8100.72756390411
VirginStock_aluminium_frames_cdte_95-by-35_Elec.Adv_DR_CdTe_p93_[Tonnes],0.0,0.0,0.0,0.0,0.0,0.0,0.0,0.0,0.1281712957165337,0.0,0.0,0.0,0.0,189.29620614451076,279.855610740928,2922.117782294717,2892.9849601626897,0.1033596984788738,0.0683809390762905,0.6047973209358536,0.6010620860216809,0.4116593294396597,0.2039574577623588,0.1768241933644541,0.1215425089599184,0.1708025921788102,0.1701308517740782,417.4610491381049,415.9965117997739,0.0,0.0,0.0,0.0,0.0,0.0,0.0,0.0,0.0,0.0,0.0,0.0,127,-87.70288407,36.88033989,21221,21,7120.472808554431
VirginStock_aluminium_frames_cdte_95-by-35_Elec.Adv_DR_CdTe_p94_[Tonnes],0.0,0.0,0.0,0.0,0.0,0.0,0.0,0.0,2.05407526654712,92.8522270990578,223.72391285008325,13.481127122067592,13.116851831282553,193.00473579196904,285.3383029225556,28.563479541837264,28.278708416591705,42.76677665411345,28.29373916441905,3498.720960304041,3477.1128211250284,16.236860189599795,8.044585630602207,317.3435409844596,218.13038951054276,4.630048515227727,4.611839244373734,5.4396000937662405,5.42051688238794,0.0,0.0,0.0,0.0,0.0,0.0,0.0,0.0,0.0,0.0,0.0,0.0,128,-83.44185834,32.65498374,13289,13,8507.165099140555
VirginStock_aluminium_frames_cdte_95-by-35_Elec.Adv_DR_CdTe_p95_[Tonnes],0.0,0.0,0.0,0.0,0.0,0.0,0.0,0.0,1.7759443807265205,7.464024700725956,17.98428388663848,26.297516394061947,25.586927780466706,3327.0776008360453,4918.753275243246,9880.81319698734,9782.303829866089,2871.978964409723,1900.050227350752,1593.8944207633508,1584.0505112686326,451.8848542782053,223.8872764170066,143.9936172769059,98.97596694801368,63.22319146674895,62.97454434914631,122.2974692789011,121.8684251548753,0.0,0.0,0.0,0.0,0.0,0.0,0.0,0.0,0.0,0.0,0.0,0.0,129,-82.05850213,34.68340161,45059,45,37227.1360690376
VirginStock_aluminium_frames_cdte_95-by-35_Elec.Adv_DR_CdTe_p96_[Tonnes],0.0,0.0,0.0,0.0,0.0,0.0,0.0,0.0,15.462995851421288,142.12899883562133,342.45442185298754,45.50035682829353,44.27088576371776,616.4233085787038,911.3205436644676,2488.774755744054,2463.962260941455,902.0716783433838,596.794586159267,455.0149031785761,452.20472612588736,816.3697262458152,404.47205262149953,78.2210905547906,53.766328117866,516.3527674452419,514.3220311867134,73.63299971560939,73.37468034033002,0.0,0.0,0.0,0.0,0.0,0.0,0.0,0.0,0.0,0.0,0.0,0.0,130,-80.47018517,33.66656218,45027,45,12006.896098095702
VirginStock_aluminium_frames_cdte_95-by-35_Elec.Adv_DR_CdTe_p97_[Tonnes],0.0,0.0,0.0,0.0,0.0,0.0,0.0,0.0,12.2309748190877,24.01269471750141,57.85767544964416,32.09471196550977,31.2274765757655,35.06701485998473,51.84309321556261,113.09420542364836,111.96668298402145,3733.034839986132,2469.7094875420644,300.43633284577527,298.5808347456926,2380.8155073548187,1179.579918526942,296.0664244710719,203.5052747269596,296.29007263799093,295.1248092144502,124.18908671304018,123.75340641453091,0.0,0.0,0.0,0.0,0.0,0.0,0.0,0.0,0.0,0.0,0.0,0.0,131,-81.46948528,35.70354545,37023,37,12170.480525190194
VirginStock_aluminium_frames_cdte_95-by-35_Elec.Adv_DR_CdTe_p98_[Tonnes],0.0,0.0,0.0,0.0,0.0,0.0,0.0,0.0,48.1469378792248,64.27630701272517,154.8713192748614,21.89782340815525,21.30611947143414,41.40486665347999,61.21297664101304,136.67791310042483,135.31526668149627,180.0824783405375,119.1393663230226,172.3955279679731,171.33081128881054,71.75259389328637,35.54996957860695,140.79694180125355,96.77868867828838,148.49750491652904,147.91348699981097,157.25893494752282,156.7072389689583,0.0,0.0,0.0,0.0,0.0,0.0,0.0,0.0,0.0,0.0,0.0,0.0,132,-78.0631739,35.43899188,37191,37,2283.3130738274153
VirginStock_aluminium_frames_cdte_95-by-35_Elec.Adv_DR_CdTe_p99_[Tonnes],0.0,0.0,0.0,0.0,0.0,0.0,0.0,0.0,10.49116212245241,104.4429206333707,251.6512484795908,117.48460551400254,114.3100386956002,71.74533800670353,106.06834544984127,744.6729724159444,737.2487592704754,4063.492429379962,2688.334354102178,1697.4652577366228,1686.9816936122284,161.610511010009,80.07025862414858,379.11237293435846,260.58803440555107,55.39227369324308,55.17442437447647,285.5175082893125,284.5158554345126,0.0,0.0,0.0,0.0,0.0,0.0,0.0,0.0,0.0,0.0,0.0,0.0,133,-78.02222606,37.64107262,51145,51,13956.370364184584
